timestamp,lap,position,gas,brake,speed_kmh,rpm,gear,steer_angle
1790090653.9391608,1,0.0,0.0,0.0,56.337379455566406,5101,4,0.0
1790090653.9905112,1,0.0,0.0,0.0,56.337379455566406,5101,4,0.0
1790090654.041157,1,0.0,0.0,0.0,56.337379455566406,5101,4,0.0
1790090654.091833,1,0.0,0.0,0.0,56.337379455566406,5101,4,0.0
1790090654.1426501,1,0.0,0.0,0.0,56.337379455566406,5101,4,0.0
1790090654.19332,1,0.0,0.0,0.0,56.337379455566406,5101,4,0.0
1790090654.2441776,1,0.0,0.0,0.0,56.337379455566406,5101,4,0.0
1790090654.2949607,1,0.0,0.0,0.0,56.337379455566406,5101,4,0.0
1790090654.3454993,1,0.0,0.0,0.0,56.337379455566406,5101,4,0.0
1790090654.3967292,1,0.0,0.0,0.0,56.337379455566406,5101,4,0.0
1790090654.4472673,1,0.0,0.0,0.0,56.337379455566406,5101,4,0.0
1790090654.4982214,1,0.0,0.0,0.0,56.337379455566406,5101,4,0.0
1790090654.5489988,1,0.0,0.0,0.0,56.337379455566406,5101,4,0.0
1790090654.5998068,1,0.0,0.0,0.0,56.337379455566406,5101,4,0.0
1790090654.6506546,1,0.0,0.0,0.0,56.337379455566406,5101,4,0.0
1790090654.7019858,1,0.0,0.0,0.0,56.337379455566406,5101,4,0.0
1790090654.7529538,1,0.0,0.0,0.0,56.337379455566406,5101,4,0.0
1790090654.803424,1,0.0,0.0,0.0,56.337379455566406,5101,4,0.0
1790090654.854201,1,0.0,0.0,0.0,56.337379455566406,5101,4,0.0
1790090654.905067,1,0.0,0.0,0.0,56.337379455566406,5101,4,0.0
1790090654.9560115,1,0.0,0.0,0.0,56.337379455566406,5101,4,0.0
1790090655.0067873,1,0.0,0.0,0.0,56.337379455566406,5101,4,0.0
1790090655.0574336,1,0.0,0.0,0.0,56.337379455566406,5101,4,0.0
1790090655.1078844,1,0.0,0.0,0.0,56.337379455566406,5101,4,0.0
1790090655.1587133,1,0.0,0.0,0.0,56.337379455566406,5101,4,0.0
1790090655.2096035,1,0.0,0.0,0.0,56.337379455566406,5101,4,0.0
1790090655.2606137,1,0.0,0.0,0.0,56.337379455566406,5101,4,0.0
1790090655.3112564,1,0.0,0.0,0.0,56.337379455566406,5101,4,0.0
1790090655.3619127,1,0.0,0.0,0.0,56.337379455566406,5101,4,0.0
1790090655.4129653,1,0.0,0.0,0.0,56.337379455566406,5101,4,0.0
1790090655.4638014,1,0.0,0.0,0.0,56.337379455566406,5101,4,0.0
1790090655.5142899,1,0.0,0.0,0.0,56.337379455566406,5101,4,0.0
1790090655.5649486,1,0.0,0.0,0.0,56.337379455566406,5101,4,0.0
1790090655.6157641,1,0.0,0.0,0.0,56.337379455566406,5101,4,0.0
1790090655.6664577,1,0.0,0.0,0.0,56.337379455566406,5101,4,0.0
1790090655.7170606,1,0.0,0.0,0.0,56.337379455566406,5101,4,0.0
1790090655.7677646,1,0.0,0.0,0.0,56.337379455566406,5101,4,0.0
1790090655.8186426,1,0.0,0.0,0.0,56.337379455566406,5101,4,0.0
1790090655.869538,1,0.0,0.0,0.0,56.337379455566406,5101,4,0.0
1790090655.9204667,1,0.0,0.0,0.0,56.337379455566406,5101,4,0.0
1790090655.9712052,1,0.0,0.0,0.0,56.337379455566406,5101,4,0.0
1790090656.022157,1,0.0,0.0,0.0,56.337379455566406,5101,4,0.0
1790090656.0732214,1,0.0,0.0,0.0,56.337379455566406,5101,4,0.0
1790090656.1240501,1,0.0,0.0,0.0,56.337379455566406,5101,4,0.0
1790090656.1748173,1,0.0,0.0,0.0,56.337379455566406,5101,4,0.0
1790090656.2254229,1,0.0,0.0,0.0,56.337379455566406,5101,4,0.0
1790090656.276012,1,0.0,0.0,0.0,56.337379455566406,5101,4,0.0
1790090656.3268077,1,0.0,0.0,0.0,56.337379455566406,5101,4,0.0
1790090656.3774905,1,0.0,0.0,0.0,56.337379455566406,5101,4,0.0
1790090656.4279983,1,0.0,0.0,0.0,56.337379455566406,5101,4,0.0
1790090656.4787638,1,0.0,0.0,0.0,56.337379455566406,5101,4,0.0
1790090656.5296345,1,0.0,0.0,0.0,56.337379455566406,5101,4,0.0
1790090656.5802755,1,0.0,0.0,0.0,56.337379455566406,5101,4,0.0
1790090656.630754,1,0.0,0.0,0.0,56.337379455566406,5101,4,0.0
1790090656.6813536,1,0.0,0.0,0.0,56.337379455566406,5101,4,0.0
1790090656.7319093,1,0.0,0.0,0.0,56.337379455566406,5101,4,0.0
1790090656.7825143,1,0.0,0.0,0.0,56.337379455566406,5101,4,0.0
1790090656.8331447,1,0.0,0.0,0.0,56.337379455566406,5101,4,0.0
1790090656.8839252,1,0.0,0.0,0.0,56.337379455566406,5101,4,0.0
1790090656.934838,1,0.0,0.0,0.0,56.337379455566406,5101,4,0.0
1790090656.985674,1,0.0,0.0,0.0,56.337379455566406,5101,4,0.0
1790090657.0365944,1,0.0,0.0,0.0,56.337379455566406,5101,4,0.0
1790090657.0872295,1,0.0,0.0,0.0,56.337379455566406,5101,4,0.0
1790090657.1377823,1,0.0,0.0,0.0,56.337379455566406,5101,4,0.0
1790090657.1889045,1,0.0,0.0,0.0,56.337379455566406,5101,4,0.0
1790090657.239964,1,0.0,0.0,0.0,56.337379455566406,5101,4,0.0
1790090657.29084,1,0.0,0.0,0.0,56.337379455566406,5101,4,0.0
1790090657.3416312,1,0.0,0.0,0.0,56.337379455566406,5101,4,0.0
1790090657.3922112,1,0.0,0.0,0.0,56.337379455566406,5101,4,0.0
1790090657.442878,1,0.0,0.0,0.0,56.337379455566406,5101,4,0.0
1790090657.493292,1,0.0,0.0,0.0,56.337379455566406,5101,4,0.0
1790090657.5443218,1,0.0,0.0,0.0,56.337379455566406,5101,4,0.0
1790090657.594994,1,0.0,0.0,0.0,56.337379455566406,5101,4,0.0
1790090657.645626,1,0.0,0.0,0.0,56.337379455566406,5101,4,0.0
1790090657.6960928,1,0.0,0.0,0.0,56.337379455566406,5101,4,0.0
1790090657.7467487,1,0.0,0.0,0.0,56.337379455566406,5101,4,0.0
1790090657.7972748,1,0.0,0.0,0.0,56.337379455566406,5101,4,0.0
1790090657.8481412,1,0.0,0.0,0.0,56.337379455566406,5101,4,0.0
1790090657.898959,1,0.0,0.0,0.0,56.337379455566406,5101,4,0.0
1790090657.9495232,1,0.0,0.0,0.0,56.337379455566406,5101,4,0.0
1790090658.0000114,1,0.0,0.0,0.0,56.337379455566406,5101,4,0.0
1790090658.0506804,1,0.0,0.0,0.0,56.337379455566406,5101,4,0.0
1790090658.1019242,1,0.0,0.0,0.0,56.337379455566406,5101,4,0.0
1790090658.1523263,1,0.0,0.0,0.0,56.337379455566406,5101,4,0.0
1790090658.202862,1,0.0,0.0,0.0,56.337379455566406,5101,4,0.0
1790090658.2535284,1,0.0,0.0,0.0,56.337379455566406,5101,4,0.0
1790090658.3044887,1,0.0,0.0,0.0,56.337379455566406,5101,4,0.0
1790090658.3549852,1,0.0,0.0,0.0,56.337379455566406,5101,4,0.0
1790090658.4057968,1,0.0,0.0,0.0,56.337379455566406,5101,4,0.0
1790090658.456636,1,0.0,0.0,0.0,56.337379455566406,5101,4,0.0
1790090658.5074198,1,0.0,0.0,0.0,56.337379455566406,5101,4,0.0
1790090658.5580807,1,0.0,0.0,0.0,56.337379455566406,5101,4,0.0
1790090658.6090853,1,0.02290201373398304,0.0,0.0,56.337379455566406,5101,4,0.0
1790090658.6605918,1,0.02290201373398304,0.0,0.0,56.337379455566406,5101,4,0.0
1790090658.7118833,1,0.02290201373398304,0.0,0.0,56.337379455566406,5101,4,0.0
1790090658.7629626,1,0.02290201373398304,0.0,0.0,56.337379455566406,5101,4,0.0
1790090658.813654,1,0.02290201373398304,0.0,0.0,56.337379455566406,5101,4,0.0
1790090658.8642747,1,0.02290201373398304,0.0,0.0,56.337379455566406,5101,4,0.0
1790090658.915193,1,0.02290201373398304,0.0,0.0,56.337379455566406,5101,4,0.0
1790090658.9658217,1,0.02290201373398304,0.0,0.0,56.337379455566406,5101,4,0.0
1790090659.0165732,1,0.02290201373398304,0.0,0.0,56.337379455566406,5101,4,0.0
1790090659.067294,1,0.02290201373398304,0.0,0.0,56.337379455566406,5101,4,0.0
1790090659.1179109,1,0.02290201373398304,0.0,0.0,56.337379455566406,5101,4,0.0
1790090659.168576,1,0.02290201373398304,0.0,1.0,0.02084866538643837,900,1,0.0
1790090659.2193654,1,0.02290201373398304,0.0,1.0,0.02068416401743889,900,1,0.0
1790090659.2704446,1,0.02290201373398304,0.0,1.0,0.020658042281866074,900,1,0.0
1790090659.3214946,1,0.02290201373398304,0.0,1.0,0.01845819503068924,900,1,0.0
1790090659.3726027,1,0.02290201373398304,0.0,1.0,0.018446126952767372,900,1,0.0
1790090659.4231637,1,0.02290201373398304,0.0,1.0,0.018840519711375237,900,1,0.0
1790090659.4737308,1,0.02290201373398304,0.0,1.0,0.018034925684332848,900,1,0.0
1790090659.5249243,1,0.02290201373398304,0.0,1.0,0.01657228358089924,900,1,0.0
1790090659.5758805,1,0.02290201373398304,0.0,1.0,0.01703944057226181,900,1,0.0
1790090659.6265786,1,0.02290201373398304,0.0,1.0,0.01651781238615513,900,1,0.0
1790090659.6772916,1,0.02290201373398304,0.0,1.0,0.015623222105205059,900,1,0.0
1790090659.728238,1,0.02290201373398304,0.0,1.0,0.015603750944137573,900,1,0.0
1790090659.7787693,1,0.02290201373398304,0.0,1.0,0.015709733590483665,900,1,0.0
1790090659.8297944,1,0.02290201373398304,0.0,0.0,0.014598730020225048,900,1,0.0
1790090659.8806686,1,0.02290201373398304,0.0,0.0,0.014800947159528732,900,1,0.0
1790090659.9317446,1,0.02290201373398304,0.0,0.0,0.014189770445227623,900,1,0.0
1790090659.982731,1,0.02290201373398304,0.0,0.0,0.01368449255824089,900,1,0.0
1790090660.0338688,1,0.02290201373398304,0.0,0.0,0.012354577891528606,900,1,0.0
1790090660.0848556,1,0.02290201373398304,0.0,0.0,0.013116171583533287,900,1,0.0
1790090660.1356287,1,0.02290201373398304,0.0,0.0,0.011368130333721638,900,1,0.0
1790090660.1863236,1,0.02290201373398304,0.0,0.0,0.011128229089081287,900,1,0.0
1790090660.237233,1,0.02290201373398304,0.0,0.0,0.011780722066760063,900,1,0.0
1790090660.287719,1,0.02290201373398304,0.0,0.0,0.011969450861215591,900,1,0.0
1790090660.3385491,1,0.02290201373398304,0.0,0.0,0.010886678472161293,900,2,0.0
1790090660.3893445,1,0.02290201373398304,0.0,0.0,0.011057867668569088,902,2,0.0
1790090660.4399812,1,0.02290201373398304,0.04800000041723251,0.0,0.010065826587378979,909,2,0.0
1790090660.490905,1,0.02290201373398304,0.25199997425079346,0.0,0.010536622256040573,1099,2,0.0
1790090660.541638,1,0.02290201373398304,0.44399988651275635,0.0,0.26856133341789246,1258,2,-0.03672553971409798
1790090660.5924263,1,0.02290201373398304,0.648000180721283,0.0,0.9614346623420715,1315,2,-0.12578696012496948
1790090660.6431816,1,0.022906197234988213,0.8520005941390991,0.0,2.0086066722869873,1361,2,-0.21457645297050476
1790090660.6939652,1,0.022926071658730507,1.0,0.0,3.358933687210083,1388,2,-0.3029915690422058
1790090660.7449427,1,0.022926071658730507,1.0,0.0,4.731591701507568,1367,2,-0.3909715712070465
1790090660.7957284,1,0.022951873019337654,1.0,0.0,5.857640266418457,1364,2,-0.4785652458667755
1790090660.8463552,1,0.022970352321863174,1.0,0.0,6.944664001464844,1344,2,-0.565811038017273
1790090660.897085,1,0.022991621866822243,1.0,0.0,7.903247356414795,1341,2,-0.6519148945808411
1790090660.948142,1,0.023021258413791656,1.0,0.0,8.780306816101074,1343,2,-0.7352280020713806
1790090660.999184,1,0.0230554286390543,0.9159998297691345,0.0,9.643449783325195,1336,2,-0.8160962462425232
1790090661.0502539,1,0.0230871569365263,0.8559997081756592,0.0,10.32442855834961,1314,2,-0.8667988181114197
1790090661.101105,1,0.02311435341835022,0.9399998784065247,0.0,11.056694030761719,1370,2,-0.7061485052108765
1790090661.1518188,1,0.02315584570169449,0.8079996109008789,0.0,12.119048118591309,1312,2,-0.5454981923103333
1790090661.2025318,1,0.023185133934020996,1.0,0.0,12.987213134765625,1431,2,-0.3848482668399811
1790090661.2531223,1,0.02322871796786785,1.0,0.0,14.171919822692871,1508,2,-0.22419841587543488
1790090661.3038547,1,0.023272646591067314,1.0,0.0,15.34880256652832,1770,2,-0.06354835629463196
1790090661.354625,1,0.02332877553999424,0.9399998784065247,0.0,16.926158905029297,2189,2,0.0
1790090661.4052806,1,0.02338874153792858,0.7479994893074036,0.0,18.55113983154297,2022,2,0.037915974855422974
1790090661.456246,1,0.023452192544937134,0.831999659538269,0.0,19.89753532409668,1961,2,0.10072604566812515
1790090661.5068402,1,0.023510413244366646,0.9639999270439148,0.0,21.045164108276367,2338,2,0.16240379214286804
1790090661.5579846,1,0.023580139502882957,0.9039998054504395,0.0,22.777809143066406,2223,2,0.17057804763317108
1790090661.6090302,1,0.023662058636546135,1.0,0.0,24.10224151611328,2599,2,0.009928010404109955
1790090661.659845,1,0.023740489035844803,0.9159998297691345,0.0,25.725303649902344,2698,2,0.0
1790090661.7106445,1,0.023822754621505737,1.0,0.0,27.338045120239258,2890,2,0.0
1790090661.7613215,1,0.02391408383846283,1.0,0.0,29.03866958618164,3084,2,0.0
1790090661.8122234,1,0.02402142621576786,1.0,0.0,30.791833877563477,3276,2,0.0
1790090661.8630283,1,0.02411656454205513,1.0,0.0,32.5786247253418,3478,2,0.0
1790090661.9137855,1,0.024229824542999268,1.0,0.0,34.37690353393555,3697,2,0.0
1790090661.9643915,1,0.024339592084288597,1.0,0.0,36.168968200683594,3930,2,0.0
1790090662.0149846,1,0.024448305368423462,1.0,0.0,37.443336486816406,4006,2,0.0
1790090662.065881,1,0.024568863213062286,1.0,0.0,38.77308654785156,4137,2,0.0
1790090662.1166925,1,0.02470962330698967,1.0,0.0,40.18876647949219,4253,2,0.0
1790090662.1674569,1,0.02485489845275879,1.0,0.0,41.556034088134766,4323,2,0.0
1790090662.2181907,1,0.02498449571430683,1.0,0.0,42.941776275634766,4498,2,0.0
1790090662.2688982,1,0.02512173354625702,1.0,0.0,44.33393859863281,4689,2,0.0
1790090662.319366,1,0.025264885276556015,1.0,0.0,45.732688903808594,4876,2,0.0
1790090662.3699002,1,0.02541952393949032,1.0,0.0,47.067527770996094,4788,2,0.0
1790090662.4210303,1,0.02557309903204441,1.0,0.0,48.328311920166016,4743,2,0.0
1790090662.4719143,1,0.02571761980652809,1.0,0.0,49.635032653808594,5011,2,0.0
1790090662.522598,1,0.025895891711115837,1.0,0.0,51.042579650878906,5203,2,0.0
1790090662.5734856,1,0.026072073727846146,1.0,0.0,52.53820037841797,5341,2,0.0
1790090662.6243932,1,0.026223158463835716,1.0,0.0,54.159423828125,5412,2,0.0
1790090662.6749916,1,0.026418451219797134,1.0,0.0,55.673240661621094,5541,2,0.0
1790090662.7260196,1,0.026583082973957062,1.0,0.0,56.97569274902344,5811,2,0.0
1790090662.7771313,1,0.026783907786011696,1.0,0.0,58.2420539855957,6091,2,0.0
1790090662.8276367,1,0.026955822482705116,1.0,0.0,59.69969177246094,6213,2,0.0
1790090662.878454,1,0.027169492095708847,1.0,0.0,61.304443359375,6407,2,0.0
1790090662.9295077,1,0.02737686038017273,1.0,0.0,62.99534225463867,6327,2,0.0
1790090662.9809031,1,0.02756124921143055,1.0,0.0,64.57400512695312,6696,2,0.0
1790090663.0319169,1,0.02778908796608448,1.0,0.0,65.94258117675781,6930,2,0.0
1790090663.0826237,1,0.028016209602355957,1.0,0.0,67.4288101196289,6962,2,0.0
1790090663.1337547,1,0.028208192437887192,1.0,0.0,68.91487884521484,6756,2,0.0
1790090663.1844678,1,0.02844638004899025,1.0,0.0,70.0987548828125,7224,2,0.0
1790090663.2350988,1,0.028682803735136986,1.0,0.0,71.46749877929688,7178,2,0.0
1790090663.2859514,1,0.028927188366651535,1.0,0.0,72.88068389892578,7557,2,0.0
1790090663.3367605,1,0.029175659641623497,1.0,0.0,74.4166030883789,7472,2,0.0
1790090663.3874514,1,0.029390746727585793,1.0,0.0,75.98482513427734,7631,2,0.0
1790090663.4381895,1,0.02963777258992195,1.0,0.0,77.43437957763672,7736,1,0.0
1790090663.4891362,1,0.029894106090068817,1.0,0.0,77.21073150634766,8669,3,0.0
1790090663.5400445,1,0.030156994238495827,0.8559997081756592,0.0,78.45654296875,6036,3,0.0
1790090663.5910585,1,0.030421901494264603,1.0,0.0,79.66890716552734,5714,3,0.0
1790090663.6417189,1,0.030685672536492348,1.0,0.0,80.3106918334961,5397,3,0.00690773781388998
1790090663.6924462,1,0.03095068782567978,1.0,0.0,80.02464294433594,5366,3,0.036334648728370667
1790090663.7434816,1,0.031211750581860542,1.0,0.0,80.36145782470703,5348,3,0.06576060503721237
1790090663.7941072,1,0.03143804520368576,1.0,0.0,79.96493530273438,5503,3,0.0951906070113182
1790090663.844941,1,0.031699806451797485,1.0,0.0,80.39795684814453,5374,3,0.124592624604702
1790090663.8957186,1,0.03196380287408829,1.0,0.0,79.96532440185547,5512,3,0.10928381979465485
1790090663.9465694,1,0.0322314091026783,1.0,0.0,80.45476531982422,5371,3,0.0
1790090663.9973402,1,0.03249121829867363,1.0,0.0,80.07667541503906,5392,3,0.0
1790090664.0484474,1,0.03275659307837486,1.0,0.0,80.39187622070312,5373,3,0.0
1790090664.0993018,1,0.033018991351127625,1.0,0.0,80.03654479980469,5402,3,0.0
1790090664.1500723,1,0.033282555639743805,1.0,0.0,80.4411392211914,5341,3,0.0
1790090664.2007911,1,0.03354555740952492,1.0,0.0,80.03636932373047,5392,3,0.025962460786104202
1790090664.2513785,1,0.03379891440272331,1.0,0.0,80.8293685913086,5760,3,0.055339667946100235
1790090664.3021834,1,0.034069787710905075,1.0,0.0,82.01607513427734,5949,3,0.0
1790090664.3528476,1,0.03434295952320099,1.0,0.0,83.30406951904297,5865,3,0.0
1790090664.4035046,1,0.03461264446377754,1.0,0.0,84.56465148925781,5844,3,0.0
1790090664.4544375,1,0.03491935878992081,1.0,0.0,85.76361846923828,6063,3,0.0
1790090664.505463,1,0.035201795399188995,1.0,0.0,87.00370025634766,6242,3,0.0
1790090664.5567532,1,0.03548984229564667,1.0,0.0,88.28654479980469,6398,3,0.00635566096752882
1790090664.6077464,1,0.0357777401804924,1.0,0.0,89.56432342529297,6256,3,0.033139362931251526
1790090664.6585417,1,0.036048728972673416,1.0,0.0,90.78826904296875,6354,3,0.05957196652889252
1790090664.7097092,1,0.036352336406707764,1.0,0.0,91.90465545654297,6613,3,0.008812211453914642
1790090664.7603185,1,0.03665142133831978,1.0,0.0,93.12358093261719,6413,3,0.0
1790090664.8111756,1,0.03696707263588905,1.0,0.0,94.3265609741211,6635,3,0.0
1790090664.8619747,1,0.037264134734869,1.0,0.0,95.54734802246094,6823,3,0.0
1790090664.912577,1,0.03756856545805931,1.0,0.0,96.82526397705078,6976,3,0.0
1790090664.9632826,1,0.037883367389440536,1.0,0.0,98.16895294189453,6982,3,0.0
1790090665.0137427,1,0.038207344710826874,1.0,0.0,99.55701446533203,7027,3,0.0
1790090665.0645154,1,0.03853660821914673,1.0,0.0,100.8066635131836,7005,3,0.0
1790090665.1150794,1,0.03884226828813553,1.0,0.0,102.07730865478516,7327,3,0.0
1790090665.1654766,1,0.03918394818902016,1.0,0.0,103.53579711914062,7291,3,0.0
1790090665.21617,1,0.03952401876449585,1.0,0.0,104.94642639160156,7495,3,0.001982780871912837
1790090665.2666693,1,0.03986913710832596,1.0,0.0,106.40896606445312,7633,3,0.035394180566072464
1790090665.3176184,1,0.040198616683483124,1.0,0.0,107.78706359863281,7736,3,0.043597105890512466
1790090665.3682723,1,0.04055793955922127,1.0,0.0,109.21528625488281,7700,3,0.0
1790090665.4193199,1,0.04091392457485199,1.0,0.0,110.57440185546875,7904,3,0.0
1790090665.470172,1,0.04133043438196182,1.0,0.0,111.95263671875,7879,3,0.0
1790090665.520692,1,0.041652318090200424,1.0,0.0,113.28987121582031,8085,3,0.0
1790090665.5713074,1,0.042032696306705475,1.0,0.0,114.63024139404297,8057,3,0.0
1790090665.6221888,1,0.042412981390953064,1.0,0.0,115.94856262207031,8252,3,0.0
1790090665.6729245,1,0.042845867574214935,1.0,0.0,117.3301773071289,8374,3,0.0
1790090665.7235303,1,0.04318936541676521,1.0,0.0,118.72718811035156,8474,3,0.0
1790090665.7741208,1,0.04358498007059097,1.0,0.0,120.1054916381836,8578,3,0.0
1790090665.824658,1,0.04398246482014656,1.0,0.0,121.40409851074219,8650,3,0.0
1790090665.8751004,1,0.04438873380422592,1.0,0.0,122.78770446777344,8722,3,0.0
1790090665.925924,1,0.044793903827667236,1.0,0.0,124.25643920898438,8847,1,0.0
1790090665.976905,1,0.04521304368972778,1.0,0.0,124.10316467285156,9261,4,0.0
1790090666.0274875,1,0.04562605917453766,1.0,0.0,125.20020294189453,6516,4,0.0
1790090666.0782342,1,0.04603961855173111,1.0,0.0,126.36299896240234,6722,4,0.0
1790090666.12918,1,0.04648572951555252,1.0,0.0,127.74097442626953,6821,4,0.0
1790090666.1798904,1,0.046916939318180084,1.0,0.0,129.1403045654297,6922,4,0.0
1790090666.2305014,1,0.047354843467473984,1.0,0.0,130.55882263183594,6999,4,0.0
1790090666.2816207,1,0.04778474569320679,1.0,0.0,132.01626586914062,7042,4,0.0
1790090666.3321953,1,0.04815557971596718,1.0,0.0,133.4635467529297,7096,4,0.0
1790090666.3831325,1,0.048604607582092285,1.0,0.0,134.8784637451172,7177,4,0.0
1790090666.4337933,1,0.04908304288983345,1.0,0.0,136.25437927246094,7275,4,0.0
1790090666.4848087,1,0.04954276233911514,1.0,0.0,137.62249755859375,7360,4,0.0
1790090666.5356495,1,0.05002846196293831,1.0,0.0,138.93399047851562,7406,4,0.0
1790090666.5864894,1,0.05049164965748787,1.0,0.0,140.33685302734375,7447,4,0.0
1790090666.6371353,1,0.05093704164028168,1.0,0.0,141.70802307128906,7512,4,0.0
1790090666.687673,1,0.05142977833747864,1.0,0.0,143.0567169189453,7588,4,0.0
1790090666.7383523,1,0.051851194351911545,1.0,0.0,144.39500427246094,7664,4,0.0
1790090666.789027,1,0.05233360081911087,1.0,0.0,145.72232055664062,7741,4,0.0
1790090666.8396351,1,0.05284402146935463,1.0,0.0,147.03868103027344,7819,4,0.0
1790090666.8908658,1,0.05333948880434036,1.0,0.0,148.3494873046875,7891,4,0.0
1790090666.9417646,1,0.05378647893667221,1.0,0.0,149.65554809570312,7964,4,0.0
1790090666.9926124,1,0.054296400398015976,1.0,0.0,150.947509765625,8036,4,0.0
1790090667.0438213,1,0.05480523407459259,1.0,0.0,152.24444580078125,8091,4,0.0
1790090667.0947213,1,0.05530717223882675,0.0,0.0,153.36349487304688,7783,4,0.0
1790090667.1456444,1,0.05580372363328934,0.0,0.0,153.11410522460938,7757,4,0.0
1790090667.1967216,1,0.05637308955192566,0.0,0.9175649285316467,151.8421173095703,7491,4,0.0
1790090667.2473602,1,0.05688008293509483,0.0,1.0,148.9696807861328,7249,4,0.0
1790090667.298052,1,0.05734289065003395,0.0,1.0,145.8899383544922,7060,4,0.0
1790090667.34897,1,0.05781407654285431,0.0,1.0,142.78167724609375,6904,4,0.0
1790090667.3997893,1,0.05828142538666725,0.13499999046325684,1.0,139.78060913085938,6763,1,0.0
1790090667.4505782,1,0.05873429402709007,0.0,0.8408733010292053,137.0892791748047,7323,1,0.0
1790090667.5013735,1,0.05915965139865875,0.0,0.8715927004814148,134.79405212402344,7029,3,0.0
1790090667.5523074,1,0.05960460379719734,0.0,0.9639394283294678,132.1056671142578,7834,3,0.0
1790090667.6031082,1,0.060045499354600906,0.0,0.9882520437240601,129.2615203857422,8184,3,0.0
1790090667.6539314,1,0.06046837568283081,0.0,0.9553337097167969,126.41449737548828,8037,3,0.0
1790090667.704697,1,0.06087055429816246,0.0,1.0,123.51371002197266,7838,3,0.0
1790090667.7551446,1,0.061287589371204376,0.0,1.0,120.48513793945312,7628,3,0.0
1790090667.805784,1,0.06168806552886963,0.0,1.0,117.49050903320312,7457,3,0.0
1790090667.8564553,1,0.06213533878326416,0.0,1.0,114.51019287109375,7280,3,0.0
1790090667.907117,1,0.06249648705124855,0.0,0.9969174861907959,111.65880584716797,7144,3,0.0
1790090667.9579573,1,0.062900610268116,0.0,0.9854287505149841,108.90416717529297,6948,3,0.0
1790090668.008754,1,0.0632774829864502,0.0,0.9976821541786194,106.10054016113281,6713,3,0.0
1790090668.0596035,1,0.0636570006608963,0.0,1.0,103.26057434082031,6507,3,0.02399492636322975
1790090668.1104712,1,0.06403374671936035,0.0,1.0,100.5568618774414,6357,3,0.05684998631477356
1790090668.161109,1,0.06440914422273636,0.0,0.9976264238357544,97.78976440429688,6250,3,0.08297329396009445
1790090668.2116535,1,0.06479865312576294,0.0,1.0,95.16075134277344,6129,3,0.10771948844194412
1790090668.2625315,1,0.06521987915039062,0.0,1.0,92.57257843017578,5996,3,0.13315615057945251
1790090668.3133726,1,0.06561370193958282,0.0,0.9933844208717346,90.09619903564453,5855,3,0.15929357707500458
1790090668.3640187,1,0.06596972793340683,0.0,0.9712238907814026,87.70173645019531,5718,3,0.18611782789230347
1790090668.4146938,1,0.06634538620710373,0.0,0.9449567794799805,85.38497161865234,5572,3,0.2136242389678955
1790090668.4651167,1,0.06668596714735031,0.4049999713897705,0.9345807433128357,83.16346740722656,5511,1,0.24180011451244354
1790090668.5160527,1,0.06704691052436829,0.0,0.9350227117538452,81.02323913574219,5999,1,0.25638899207115173
1790090668.566646,1,0.06739525496959686,0.0,0.9339026212692261,78.98464965820312,5766,2,0.16408944129943848
1790090668.6175747,1,0.0677119791507721,0.0,0.9692520499229431,76.42086791992188,6379,2,0.0034394077956676483
1790090668.6684692,1,0.06808274239301682,0.0,1.0,73.68093872070312,6426,2,0.025687117129564285
1790090668.719085,1,0.06839462369680405,0.0,1.0,71.15095520019531,6416,2,0.05768637731671333
1790090668.7696378,1,0.06868693977594376,0.0,0.970816969871521,68.76361846923828,6341,2,0.09054549038410187
1790090668.8203115,1,0.06898508220911026,0.0,0.9478576183319092,66.55186462402344,6228,2,0.12424284219741821
1790090668.870906,1,0.0692722275853157,0.0,0.0,64.82363891601562,6247,2,0.15870393812656403
1790090668.9216397,1,0.06956128031015396,0.0,0.0,64.19086456298828,6221,2,0.19354896247386932
1790090668.9727376,1,0.06985504925251007,0.0,0.0,63.6590461730957,6145,2,0.2286137491464615
1790090669.0233042,1,0.07012353837490082,0.0,0.0,63.089866638183594,6085,2,0.26388776302337646
1790090669.0739667,1,0.07040416449308395,0.0,0.0,62.5008544921875,6019,2,0.299385130405426
1790090669.1245925,1,0.07068806141614914,0.0,0.0,61.841182708740234,5975,2,0.32762283086776733
1790090669.1755586,1,0.07094600051641464,0.0,0.0,61.217926025390625,5921,2,0.3306073248386383
1790090669.2266595,1,0.07125772535800934,0.0,0.0,60.51736831665039,5857,2,0.33402755856513977
1790090669.2773376,1,0.07151511311531067,0.0,0.0,59.889617919921875,5800,2,0.33715301752090454
1790090669.327978,1,0.07181911915540695,0.0,0.0,59.22664260864258,5734,2,0.3405179977416992
1790090669.3786387,1,0.07209152728319168,0.0,0.0,58.55729293823242,5674,2,0.3439841568470001
1790090669.4292278,1,0.07237085700035095,0.15600000321865082,0.0,57.92130661010742,5693,2,0.3473435640335083
1790090669.4800284,1,0.07264631241559982,0.3599999248981476,0.0,57.53843688964844,5746,2,0.34939780831336975
1790090669.5306902,1,0.07286536693572998,0.5640000104904175,0.0,57.29294967651367,5733,2,0.35072779655456543
1790090669.5811388,1,0.07312245666980743,0.7680004239082336,0.0,57.11758804321289,5715,2,0.35168400406837463
1790090669.6320841,1,0.07341255992650986,0.9720008373260498,0.0,57.14961624145508,5631,2,0.3515089750289917
1790090669.6826725,1,0.07367789000272751,1.0,0.0,57.12086868286133,5651,2,0.35166606307029724
1790090669.7336197,1,0.07393577694892883,1.0,0.0,57.155582427978516,5637,2,0.35147640109062195
1790090669.784481,1,0.0741589218378067,1.0,0.0,57.19261169433594,5605,2,0.24054506421089172
1790090669.8349302,1,0.07442585378885269,1.0,0.0,57.271724700927734,5595,2,0.2782963216304779
1790090669.8857298,1,0.074677012860775,1.0,0.0,57.38555145263672,5786,2,0.3160024881362915
1790090669.9366174,1,0.07492581009864807,1.0,0.0,57.48114776611328,5885,2,0.21368089318275452
1790090669.987515,1,0.07516460120677948,1.0,0.0,57.68321228027344,5979,2,0.053030841052532196
1790090670.0383723,1,0.07539694756269455,1.0,0.0,58.219051361083984,5776,2,0.0
1790090670.0890293,1,0.07563304901123047,1.0,0.0,59.075565338134766,6055,2,0.0
1790090670.1397436,1,0.07587052136659622,1.0,0.0,60.296817779541016,6021,2,0.0
1790090670.191034,1,0.07609907537698746,1.0,0.0,61.56734085083008,6241,2,0.0
1790090670.241937,1,0.07635486125946045,1.0,0.0,62.849849700927734,6445,2,0.0
1790090670.2926912,1,0.0765996053814888,1.0,0.0,64.05122375488281,6723,2,0.0
1790090670.3435497,1,0.07684919238090515,1.0,0.0,65.29389190673828,6624,2,0.0
1790090670.3942664,1,0.07712671160697937,1.0,0.0,66.54090118408203,6530,2,0.0
1790090670.4449625,1,0.07738321274518967,1.0,0.0,67.71150207519531,6846,2,0.033847078680992126
1790090670.4961925,1,0.07764984667301178,1.0,0.0,68.81478881835938,7075,2,0.06530550867319107
1790090670.5471349,1,0.07788185775279999,1.0,0.0,70.05953216552734,7038,2,0.08886632323265076
1790090670.5976572,1,0.07815749198198318,1.0,0.0,71.17431640625,7245,2,0.0
1790090670.6484823,1,0.07845039665699005,1.0,0.0,72.27994537353516,7211,2,0.0
1790090670.6993575,1,0.07872487604618073,1.0,0.0,73.43151092529297,7281,2,0.0
1790090670.7501328,1,0.07901442795991898,1.0,0.0,74.5807113647461,7575,2,0.0
1790090670.8010137,1,0.07932142168283463,1.0,0.0,75.85974884033203,7635,2,0.0
1790090670.8517017,1,0.07962332665920258,1.0,0.0,77.09368896484375,7987,2,0.0
1790090670.9027135,1,0.07992063462734222,1.0,0.0,78.36111450195312,7967,2,0.0
1790090670.953699,1,0.0801858976483345,1.0,0.0,79.596923828125,8177,2,0.0
1790090671.0042737,1,0.08051400631666183,1.0,0.0,80.19954681396484,7857,1,0.0
1790090671.0551121,1,0.08081813156604767,0.9759999513626099,0.0,80.4587631225586,7859,3,0.0
1790090671.1060452,1,0.081122986972332,0.8439996838569641,0.0,81.83950805664062,5748,3,0.0
1790090671.1566446,1,0.08144763112068176,1.0,0.0,83.05416107177734,6007,3,0.015154928900301456
1790090671.2073731,1,0.0817258208990097,1.0,0.0,84.47111511230469,5995,3,0.04345341771841049
1790090671.2583256,1,0.0820288136601448,1.0,0.0,85.86588287353516,6037,3,0.07133171707391739
1790090671.30906,1,0.08236733078956604,1.0,0.0,87.01590728759766,6128,3,0.09883289039134979
1790090671.3597705,1,0.08268404006958008,1.0,0.0,88.11682891845703,6198,3,0.1260058432817459
1790090671.4103794,1,0.08296266198158264,1.0,0.0,89.00746154785156,6357,3,0.1182335615158081
1790090671.461093,1,0.08330167829990387,1.0,0.0,90.01789855957031,6286,3,0.0
1790090671.5119026,1,0.08361701667308807,1.0,0.0,91.02388000488281,6411,3,0.0
1790090671.5628142,1,0.08395510911941528,1.0,0.0,92.12413024902344,6508,3,0.0
1790090671.613542,1,0.08424736559391022,1.0,0.0,93.29737854003906,6739,3,0.0
1790090671.664004,1,0.08458658307790756,1.0,0.0,94.53135681152344,6573,3,0.0
1790090671.7149034,1,0.08493150770664215,1.0,0.0,95.70301818847656,6858,3,0.0
1790090671.7657015,1,0.08522410690784454,1.0,0.0,97.02131652832031,7008,3,-0.024735234677791595
1790090671.8165927,1,0.08557330071926117,1.0,0.0,98.37184143066406,6926,3,-0.005616985261440277
1790090671.8675756,1,0.08586616069078445,1.0,0.0,99.69666290283203,6907,3,0.0
1790090671.918553,1,0.08624216914176941,1.0,0.0,100.94236755371094,7136,3,0.0
1790090671.9692466,1,0.08659304678440094,1.0,0.0,102.20787811279297,7324,3,0.0
1790090672.0201182,1,0.08688937872648239,1.0,0.0,103.52828216552734,7452,3,-0.03448674827814102
1790090672.0711768,1,0.08725198358297348,1.0,0.0,104.86836242675781,7365,3,-0.0684567540884018
1790090672.1218631,1,0.08758360147476196,1.0,0.0,106.08321380615234,7557,3,-0.10194142162799835
1790090672.1726406,1,0.08795072883367538,1.0,0.0,107.248779296875,7474,3,0.0
1790090672.2232559,1,0.08825687319040298,1.0,0.0,108.23919677734375,7664,3,0.0
1790090672.2742312,1,0.08865419775247574,1.0,0.0,109.28636169433594,7752,3,0.0
1790090672.3247132,1,0.08896637707948685,1.0,0.0,110.42315673828125,7780,3,0.0
1790090672.375363,1,0.08935074508190155,1.0,0.0,111.6111068725586,7951,3,0.0
1790090672.4261885,1,0.08969049900770187,1.0,0.0,112.99281311035156,7958,3,0.0
1790090672.4770942,1,0.09008689224720001,1.0,0.0,114.45008087158203,8107,3,0.0
1790090672.5279715,1,0.09048745781183243,1.0,0.0,115.98733520507812,8184,3,0.0
1790090672.5786643,1,0.0908188745379448,1.0,0.0,117.48721313476562,8276,3,0.0
1790090672.6296277,1,0.09121629595756531,1.0,0.0,118.9787826538086,8357,3,0.0
1790090672.6802304,1,0.09158755838871002,1.0,0.0,120.44576263427734,8641,3,0.0
1790090672.7309122,1,0.09200268238782883,1.0,0.0,121.87091064453125,8650,3,0.0
1790090672.781689,1,0.09237673878669739,1.0,0.0,123.303955078125,8838,3,0.0
1790090672.8324566,1,0.09280632436275482,1.0,0.0,124.62643432617188,8925,3,0.0
1790090672.8838918,1,0.09316302835941315,1.0,0.0,124.85037231445312,9376,4,0.0
1790090672.9346585,1,0.09361977875232697,1.0,0.0,125.68246459960938,6739,4,0.0
1790090672.985888,1,0.0940122902393341,1.0,0.0,126.94313049316406,6831,4,0.0
1790090673.0366979,1,0.09445662796497345,1.0,0.0,128.39366149902344,6906,4,0.0
1790090673.0873878,1,0.09485546499490738,1.0,0.0,129.84422302246094,6940,4,0.0
1790090673.1382136,1,0.09526006132364273,1.0,0.0,131.37193298339844,7011,4,0.0
1790090673.1888025,1,0.09572374820709229,1.0,0.0,132.8890380859375,7085,4,0.0
1790090673.2393646,1,0.0961369052529335,1.0,0.0,134.40110778808594,7161,4,0.0
1790090673.2901552,1,0.09663459658622742,1.0,0.0,135.89279174804688,7245,4,0.0027638126630336046
1790090673.3413835,1,0.09702908992767334,1.0,0.0,137.3643798828125,7337,4,0.026024170219898224
1790090673.3922021,1,0.09753863513469696,1.0,0.0,138.80001831054688,7447,4,0.04887744039297104
1790090673.4427166,1,0.09796681255102158,1.0,0.0,140.12754821777344,7479,4,0.07134678959846497
1790090673.4935055,1,0.09840536117553711,1.0,0.0,141.36212158203125,7573,4,0.0
1790090673.5440893,1,0.09889814257621765,1.0,0.0,142.6472930908203,7641,4,0.0
1790090673.5950181,1,0.09934751689434052,1.0,0.0,143.8208770751953,7718,4,0.0
1790090673.6457186,1,0.09984568506479263,1.0,0.0,144.9581756591797,7755,4,0.0
1790090673.6963015,1,0.10029865056276321,1.0,0.0,146.34600830078125,7764,4,0.0
1790090673.747072,1,0.1007564514875412,1.0,0.0,147.787109375,7819,4,0.0
1790090673.797827,1,0.10127432644367218,1.0,0.0,149.2079620361328,7896,4,0.0
1790090673.848418,1,0.10173861682415009,1.0,0.0,150.5992431640625,7997,4,0.0
1790090673.8991573,1,0.1022973582148552,1.0,0.0,151.94996643066406,8123,4,0.0
1790090673.9498997,1,0.10277458280324936,1.0,0.0,153.28536987304688,8226,4,0.0
1790090674.000536,1,0.10322090983390808,1.0,0.0,154.70382690429688,8246,4,0.0
1790090674.0513833,1,0.10379248857498169,1.0,0.0,156.11529541015625,8267,4,0.0
1790090674.1023974,1,0.10428327322006226,1.0,0.0,157.5277862548828,8295,4,0.0
1790090674.153043,1,0.10477247834205627,1.0,0.0,158.8722381591797,8395,4,0.01572377234697342
1790090674.2037961,1,0.10535787791013718,1.0,0.0,160.14488220214844,8515,4,0.0
1790090674.2543912,1,0.10585827380418777,1.0,0.0,161.39915466308594,8555,4,0.0
1790090674.3052306,1,0.10642426460981369,1.0,0.0,162.74960327148438,8600,4,0.0
1790090674.3559856,1,0.10693221539258957,1.0,0.0,164.0238494873047,8695,4,0.0
1790090674.406579,1,0.10744491964578629,1.0,0.0,165.3199920654297,8757,4,0.0
1790090674.4575844,1,0.10805552452802658,1.0,0.0,166.62294006347656,8811,4,0.0
1790090674.508054,1,0.1085771843791008,1.0,0.0,167.20286560058594,8621,1,0.0
1790090674.5589604,1,0.10909248888492584,1.0,0.0,167.53814697265625,7914,5,0.0
1790090674.6093502,1,0.10971330106258392,1.0,0.0,168.7764434814453,6994,5,0.0
1790090674.660104,1,0.11024156957864761,1.0,0.0,169.9098358154297,7051,5,0.0
1790090674.7109358,1,0.11077048629522324,1.0,0.0,171.0634765625,7100,5,0.009863904677331448
1790090674.76178,1,0.11137203872203827,1.0,0.0,172.21429443359375,7154,5,0.02492489479482174
1790090674.8124404,1,0.11190836876630783,1.0,0.0,173.28973388671875,7208,5,0.0
1790090674.8628993,1,0.1124466210603714,1.0,0.0,174.44268798828125,7250,5,0.0
1790090674.9136589,1,0.11309374868869781,1.0,0.0,175.60012817382812,7290,5,0.0
1790090674.964661,1,0.11363743990659714,1.0,0.0,176.7340545654297,7346,5,0.0
1790090675.0151763,1,0.11419006437063217,1.0,0.0,177.8699188232422,7392,5,0.0
1790090675.0660539,1,0.1147441491484642,1.0,0.0,179.01980590820312,7415,5,0.0
1790090675.1166456,1,0.1154041513800621,1.0,0.0,180.1639404296875,7453,5,0.00477912463247776
1790090675.1677258,1,0.11600285023450851,1.0,0.0,181.27806091308594,7514,5,0.018188972026109695
1790090675.2181907,1,0.11656689643859863,1.0,0.0,182.3865203857422,7560,5,0.0
1790090675.2687232,1,0.11713781952857971,1.0,0.0,183.52586364746094,7576,5,0.0
1790090675.3194685,1,0.117814801633358,1.0,0.0,184.581298828125,7613,5,0.0
1790090675.3704255,1,0.11839122325181961,1.0,0.0,185.67364501953125,7673,5,0.0
1790090675.42089,1,0.11896667629480362,1.0,0.0,186.7631378173828,7729,5,0.0
1790090675.4716856,1,0.1196598932147026,1.0,0.0,187.84027099609375,7783,5,0.0014405379770323634
1790090675.522742,1,0.12024642527103424,1.0,0.0,188.94796752929688,7808,5,0.013587228953838348
1790090675.5736425,1,0.1208336353302002,1.0,0.0,190.03868103027344,7845,5,0.025562487542629242
1790090675.6241536,1,0.12153793126344681,1.0,0.0,191.11012268066406,7897,5,0.0
1790090675.6746755,1,0.12213317304849625,1.0,0.0,192.17538452148438,7951,5,0.0
1790090675.7256083,1,0.12273336201906204,1.0,0.0,193.2451629638672,7991,5,0.0
1790090675.776354,1,0.12333564460277557,1.0,0.0,194.31146240234375,8033,5,0.0
1790090675.8272133,1,0.12405659258365631,1.0,0.0,195.38796997070312,8049,5,0.001959949964657426
1790090675.878,1,0.12466723471879959,1.0,0.0,196.44937133789062,8082,5,0.012975680641829967
1790090675.9289787,1,0.1253943294286728,1.0,0.0,197.49270629882812,8122,5,0.0
1790090675.9795651,1,0.12601111829280853,1.0,0.0,198.4606170654297,8166,5,0.0
1790090676.0305068,1,0.12663035094738007,1.0,0.0,199.46804809570312,8223,5,0.0
1790090676.0813644,1,0.12725132703781128,1.0,0.0,200.49449157714844,8247,5,0.0012218401534482837
1790090676.1321833,1,0.1279953420162201,1.0,0.0,201.49925231933594,8293,5,0.011531074531376362
1790090676.1831696,1,0.1286219209432602,1.0,0.0,202.48971557617188,8337,5,0.0
1790090676.2340083,1,0.12925472855567932,1.0,0.0,203.47323608398438,8384,5,0.0
1790090676.284729,1,0.13000763952732086,1.0,0.0,204.45391845703125,8421,5,0.0
1790090676.3357947,1,0.13064445555210114,1.0,0.0,205.43641662597656,8450,5,0.0
1790090676.3868115,1,0.1312863826751709,1.0,0.0,206.39920043945312,8496,5,0.0
1790090676.437657,1,0.13205012679100037,1.0,0.0,207.3674774169922,8519,5,0.0
1790090676.488362,1,0.1326972097158432,1.0,0.0,208.3168487548828,8565,5,0.007195443846285343
1790090676.5390215,1,0.133346825838089,1.0,0.0,209.2635955810547,8604,5,0.016502613201737404
1790090676.5898435,1,0.13412144780158997,1.0,0.0,210.18063354492188,8657,5,0.0
1790090676.6407187,1,0.1347765028476715,1.0,0.0,211.13922119140625,8660,5,0.0
1790090676.6915169,1,0.1353946477174759,1.0,0.0,212.06312561035156,8702,5,0.0
1790090676.7420888,1,0.13617783784866333,1.0,0.0,212.97113037109375,8751,5,0.0
1790090676.79279,1,0.1368418186903,1.0,0.0,213.8812255859375,8787,5,0.0
1790090676.8436658,1,0.1375913918018341,1.0,0.0,214.77484130859375,8827,5,0.00892499927431345
1790090676.894865,1,0.13826069235801697,1.0,0.0,215.69017028808594,8840,5,0.017849992960691452
1790090676.9455755,1,0.13893255591392517,1.0,0.0,216.526123046875,8874,5,0.02624998614192009
1790090676.9965968,1,0.1396917700767517,1.0,0.0,217.39097595214844,8913,5,0.0
1790090677.047677,1,0.1403685212135315,1.0,0.0,218.25086975097656,8964,5,0.0
1790090677.0986893,1,0.14117655158042908,1.0,0.0,219.00457763671875,8917,1,0.0
1790090677.1495216,1,0.1418573558330536,1.0,0.0,218.743896484375,9144,6,0.0
1790090677.2004254,1,0.14253871142864227,1.0,0.0,219.684326171875,7186,6,0.0
1790090677.2510338,1,0.14330880343914032,1.0,0.0,220.44036865234375,7216,6,0.0
1790090677.3020763,1,0.1439947485923767,1.0,0.0,221.2081756591797,7238,6,0.007350000087171793
1790090677.3529844,1,0.144812673330307,1.0,0.0,221.9851531982422,7260,6,0.016274994239211082
1790090677.4035652,1,0.14550381898880005,1.0,0.0,222.739501953125,7298,6,0.02519998699426651
1790090677.4542308,1,0.14619755744934082,1.0,0.0,223.49237060546875,7323,6,0.034124989062547684
1790090677.5049226,1,0.14697973430156708,1.0,0.0,224.24891662597656,7335,6,0.0
1790090677.5556397,1,0.14767776429653168,1.0,0.0,225.0037841796875,7345,6,0.0
1790090677.606714,1,0.14837832748889923,1.0,0.0,225.74220275878906,7367,6,0.0
1790090677.6574783,1,0.14921236038208008,1.0,0.0,226.48231506347656,7391,6,0.006825000047683716
1790090677.708308,1,0.14991767704486847,1.0,0.0,227.20565795898438,7429,6,0.015749994665384293
1790090677.759279,1,0.15062467753887177,1.0,0.0,227.92236328125,7460,6,0.02467498742043972
1790090677.8102257,1,0.15146662294864655,1.0,0.0,228.63937377929688,7480,6,0.033599987626075745
1790090677.8612347,1,0.1521787792444229,1.0,0.0,229.33004760742188,7518,6,0.04252501204609871
1790090677.9120908,1,0.15302538871765137,1.0,0.0,230.0113067626953,7543,6,0.0
1790090677.9626923,1,0.15369705855846405,1.0,0.0,230.7063751220703,7559,6,0.0
1790090678.0131726,1,0.15441416203975677,1.0,0.0,231.35140991210938,7582,6,0.0
1790090678.0638652,1,0.15522563457489014,1.0,0.0,232.02374267578125,7619,6,0.0
1790090678.1145434,1,0.15594567358493805,1.0,0.0,232.71612548828125,7638,6,0.0
1790090678.1651752,1,0.15680578351020813,1.0,0.0,233.42153930664062,7653,6,0.0
1790090678.2157893,1,0.15748858451843262,1.0,0.0,234.1349334716797,7647,6,0.0
1790090678.2667446,1,0.15835362672805786,1.0,0.0,234.83871459960938,7662,6,0.007350000087171793
1790090678.3174329,1,0.15903867781162262,1.0,0.0,235.53627014160156,7689,6,0.016274994239211082
1790090678.3681564,1,0.1597709059715271,1.0,0.0,236.22669982910156,7723,6,0.0
1790090678.4188428,1,0.16064384579658508,1.0,0.0,236.89834594726562,7770,6,0.0
1790090678.469477,1,0.16133609414100647,1.0,0.0,237.56736755371094,7769,6,0.0
1790090678.5203192,1,0.16221478581428528,1.0,0.0,238.26304626464844,7792,6,0.00787500012665987
1790090678.5710557,1,0.16295570135116577,1.0,0.0,238.96743774414062,7789,6,0.016799993813037872
1790090678.6220522,1,0.16369904577732086,1.0,0.0,239.6488037109375,7815,6,0.0
1790090678.6728668,1,0.1645371913909912,1.0,0.0,240.322265625,7854,6,0.0
1790090678.7235916,1,0.16528499126434326,1.0,0.0,240.98968505859375,7891,6,0.0
1790090678.7742808,1,0.16607947647571564,1.0,0.0,241.65789794921875,7923,6,0.0
1790090678.8251295,1,0.1669284701347351,1.0,0.0,242.36331176757812,7910,6,0.0
1790090678.8761275,1,0.16768088936805725,1.0,0.0,243.04380798339844,7926,6,0.0
1790090678.9269788,1,0.16857782006263733,1.0,0.0,243.72305297851562,7946,6,0.0
1790090678.9778862,1,0.169337660074234,1.0,0.0,244.37985229492188,7986,6,0.0
1790090679.0289009,1,0.17009663581848145,1.0,0.0,245.0316619873047,8027,6,0.0
1790090679.0797532,1,0.1710044890642166,1.0,0.0,245.6897430419922,8054,6,0.0
1790090679.1304119,1,0.17176780104637146,1.0,0.0,246.35537719726562,8070,6,0.0
1790090679.1810174,1,0.17253483831882477,1.0,0.0,247.04798889160156,8058,6,0.0
1790090679.2317295,1,0.17330309748649597,1.0,0.0,247.71524047851562,8067,6,0.0
1790090679.2822287,1,0.17421893775463104,1.0,0.0,248.33248901367188,8083,6,0.0
1790090679.3328989,1,0.17499080300331116,1.0,0.0,248.9840850830078,8102,6,0.0
1790090679.3838086,1,0.17576658725738525,1.0,0.0,249.62022399902344,8131,6,0.0
1790090679.43463,1,0.17668990790843964,1.0,0.0,250.24630737304688,8172,6,0.0
1790090679.4851084,1,0.17746610939502716,1.0,0.0,250.85220336914062,8224,6,0.0
1790090679.5361464,1,0.1782463639974594,1.0,0.0,251.47427368164062,8248,6,0.0
1790090679.5867672,1,0.1791771650314331,1.0,0.0,252.1178436279297,8246,6,0.0
1790090679.6375618,1,0.1799127608537674,1.0,0.0,252.77828979492188,8235,6,0.0
1790090679.688357,1,0.18069863319396973,1.0,0.0,253.4079132080078,8252,6,0.0
1790090679.7392342,1,0.18163779377937317,1.0,0.0,254.03089904785156,8280,6,0.0
1790090679.7900918,1,0.18242843449115753,1.0,0.0,254.63185119628906,8317,6,0.0
1790090679.8409915,1,0.18331801891326904,1.0,0.0,255.25634765625,8326,6,0.0
1790090679.8918095,1,0.1841135025024414,1.0,0.0,255.86801147460938,8345,6,0.0
1790090679.9427514,1,0.18491174280643463,1.0,0.0,256.4823913574219,8359,6,0.0
1790090679.993242,1,0.18585744500160217,1.0,0.0,257.0540466308594,8374,6,0.0
1790090680.0441012,1,0.18665838241577148,1.0,0.0,257.6534423828125,8399,6,0.0
1790090680.0948684,1,0.18746107816696167,1.0,0.0,258.2501525878906,8414,6,0.0
1790090680.1457756,1,0.18842142820358276,1.0,0.0,258.849609375,8431,6,0.0
1790090680.196219,1,0.18917308747768402,1.0,0.0,259.42498779296875,8470,6,0.0
1790090680.2469637,1,0.18998530507087708,1.0,0.0,260.00189208984375,8504,6,0.0
1790090680.297449,1,0.19094806909561157,1.0,0.0,260.58642578125,8514,6,0.0
1790090680.3481567,1,0.1917620599269867,1.0,0.0,261.197265625,8510,6,0.0
1790090680.3988528,1,0.1926778256893158,1.0,0.0,261.7771301269531,8528,6,0.0
1790090680.449665,1,0.1934952735900879,1.0,0.0,262.3368835449219,8526,6,0.0
1790090680.5006027,1,0.19431254267692566,1.0,0.0,262.91033935546875,8536,6,0.0
1790090680.5517876,1,0.195286825299263,1.0,0.0,263.4692687988281,8569,6,0.0
1790090680.6024466,1,0.19611209630966187,1.0,0.0,264.026123046875,8591,6,0.0
1790090680.6534054,1,0.1970369517803192,1.0,0.0,264.5826416015625,8607,6,0.0
1790090680.70405,1,0.1978643536567688,1.0,0.0,265.1238708496094,8647,6,0.0
1790090680.7545192,1,0.19874311983585358,1.0,0.0,265.6579895019531,8675,6,0.0
1790090680.8053277,1,0.19967807829380035,1.0,0.0,266.2318420410156,8655,6,0.0
1790090680.8566737,1,0.20050624012947083,1.0,0.0,266.7768859863281,8672,6,0.0
1790090680.9070847,1,0.20133927464485168,1.0,0.0,267.32354736328125,8676,6,0.0
1790090680.9579458,1,0.20227961242198944,1.0,0.0,267.5553283691406,8541,1,0.0
1790090681.008527,1,0.20311331748962402,1.0,0.0,267.2894592285156,8578,7,0.0
1790090681.0592725,1,0.20395155251026154,1.0,0.0,267.9383239746094,7106,7,0.0
1790090681.1098487,1,0.2049436718225479,1.0,0.0,268.3908386230469,7102,7,-0.006300000008195639
1790090681.1610277,1,0.20578758418560028,1.0,0.0,268.83270263671875,7117,7,-0.015224994160234928
1790090681.2116897,1,0.20662754774093628,1.0,0.0,269.2751159667969,7134,7,-0.02414998784661293
1790090681.262305,1,0.2076229304075241,1.0,0.0,269.6739196777344,7165,7,-0.032549984753131866
1790090681.3129027,1,0.20846708118915558,1.0,0.0,270.0770568847656,7192,7,-0.04147500917315483
1790090681.3635435,1,0.20936088263988495,1.0,0.0,270.4748840332031,7180,7,-0.020475029945373535
1790090681.4143398,1,0.21020793914794922,1.0,0.0,270.8441467285156,7172,7,0.0
1790090681.4650922,1,0.21110205352306366,1.0,0.0,271.1658020019531,7169,7,0.0
1790090681.5158455,1,0.21194839477539062,1.0,0.0,271.4972229003906,7171,7,-0.002099999925121665
1790090681.5669003,1,0.21295537054538727,1.0,0.0,271.86346435546875,7192,7,-0.01102499756962061
1790090681.6174324,1,0.2138546258211136,1.0,0.0,272.2378234863281,7216,7,-0.01994999125599861
1790090681.668021,1,0.214701846241951,1.0,0.0,272.6043701171875,7257,7,-0.02887498401105404
1790090681.7187867,1,0.21555131673812866,1.0,0.0,272.94232177734375,7294,7,-0.03779999911785126
1790090681.7694232,1,0.21656125783920288,1.0,0.0,273.3006286621094,7259,7,-0.04620002210140228
1790090681.8200588,1,0.21741321682929993,1.0,0.0,273.63336181640625,7255,7,-0.05512504652142525
1790090681.8708413,1,0.21826528012752533,1.0,0.0,273.9232482910156,7283,7,-0.06405006349086761
1790090681.921682,1,0.2191718965768814,1.0,0.0,274.17303466796875,7312,7,-0.0729750245809555
1790090681.972388,1,0.22018401324748993,1.0,0.0,274.3880615234375,7309,7,-0.08032821118831635
1790090682.023124,1,0.22103837132453918,1.0,0.0,274.5198059082031,7303,7,-0.023602623492479324
1790090682.0738056,1,0.2218925952911377,1.0,0.0,274.6396789550781,7315,7,0.0
1790090682.124823,1,0.22280120849609375,1.0,0.0,274.7663879394531,7305,7,0.0
1790090682.1758397,1,0.22381632030010223,1.0,0.0,274.905029296875,7312,7,0.0
1790090682.226649,1,0.2246721237897873,1.0,0.0,275.0862121582031,7335,7,-0.007350000087171793
1790090682.2775996,1,0.22552849352359772,1.0,0.0,275.2911376953125,7339,7,-0.016274994239211082
1790090682.3282628,1,0.2263849824666977,1.0,0.0,275.5301513671875,7310,7,-0.02519998699426651
1790090682.3792439,1,0.22740304470062256,1.0,0.0,275.7514953613281,7319,7,-0.034124989062547684
1790090682.429884,1,0.22831495106220245,1.0,0.0,275.9975891113281,7321,7,-0.04305001348257065
1790090682.480662,1,0.22922761738300323,1.0,0.0,276.2389221191406,7328,7,-0.05197503790259361
1790090682.5315533,1,0.23008723556995392,1.0,0.0,276.4582824707031,7335,7,-0.06037506088614464
1790090682.5821028,1,0.2309475541114807,1.0,0.0,276.6679382324219,7342,7,-0.06930004060268402
1790090682.6329892,1,0.231862410902977,1.0,0.0,276.851318359375,7379,7,-0.07963162660598755
1790090682.6836398,1,0.2327774465084076,1.0,0.0,277.01910400390625,7364,7,-0.05124170333147049
1790090682.7348273,1,0.2336394041776657,1.0,0.0,277.14447021484375,7366,7,0.0
1790090682.786591,1,0.23471733927726746,1.0,0.0,277.2890319824219,7380,7,-0.0010499999625608325
1790090682.837195,1,0.23558032512664795,1.0,0.0,277.4408264160156,7384,7,-0.00997499842196703
1790090682.8882227,1,0.23644374310970306,1.0,0.0,277.6112976074219,7381,7,0.0
1790090682.9389637,1,0.23741526901721954,1.0,0.0,277.80596923828125,7383,7,0.0
1790090682.9897342,1,0.23828013241291046,1.0,0.0,278.0297546386719,7366,7,0.0
1790090683.0406916,1,0.23930767178535461,1.0,0.0,278.2742004394531,7367,7,-0.0036750000435858965
1790090683.0914474,1,0.24011950194835663,1.0,0.0,278.54583740234375,7372,7,-0.012599996291100979
1790090683.142022,1,0.24114909768104553,1.0,0.0,278.8284606933594,7393,7,-0.02152498997747898
1790090683.1927774,1,0.2420186549425125,1.0,0.0,279.11260986328125,7415,7,-0.03044998273253441
1790090683.2433462,1,0.24283264577388763,1.0,0.0,279.3947448730469,7431,7,-0.039375003427267075
1790090683.2942438,1,0.24386559426784515,1.0,0.0,279.6929016113281,7410,7,0.0
1790090683.3451283,1,0.2446829080581665,1.0,0.0,279.9794921875,7395,7,0.0
1790090683.396033,1,0.24571767449378967,1.0,0.0,280.2422790527344,7394,7,0.0
1790090683.4466612,1,0.2465912252664566,1.0,0.0,280.51519775390625,7440,7,0.0
1790090683.4972646,1,0.24757306277751923,1.0,0.0,280.7958068847656,7459,7,-0.002099999925121665
1790090683.5478966,1,0.2483946830034256,1.0,0.0,281.04766845703125,7497,7,-0.01102499756962061
1790090683.598789,1,0.24943463504314423,0.0,0.0,281.3472900390625,7380,7,-0.009974991902709007
1790090683.6493437,1,0.250255823135376,0.0,0.0,280.86944580078125,7316,7,0.0
1790090683.6999488,1,0.2512935698032379,0.0,1.0,280.2464599609375,7205,7,0.0
1790090683.7511332,1,0.2521621584892273,0.0,1.0,277.3284912109375,7065,7,0.0
1790090683.801847,1,0.2529676854610443,0.0,1.0,274.0909118652344,6915,7,0.0
1790090683.8526435,1,0.2539745569229126,0.0,1.0,270.6323547363281,6823,7,0.0
1790090683.9033127,1,0.2548646628856659,0.0,1.0,267.1222229003906,7431,1,0.0
1790090683.954046,1,0.2556396424770355,0.0,1.0,263.8000183105469,7113,1,0.0
1790090684.0046854,1,0.25661081075668335,0.0,0.8776796460151672,260.54559326171875,7977,6,0.0
1790090684.0555718,1,0.257418155670166,0.0,0.9330592155456543,257.7121276855469,7978,6,0.0
1790090684.1063652,1,0.2583140432834625,0.0,1.0,254.49874877929688,7863,6,0.0
1790090684.1571589,1,0.2591029405593872,0.0,1.0,251.05064392089844,7718,6,0.0
1790090684.2078965,1,0.2599741220474243,0.0,1.0,247.5567626953125,7603,6,0.0
1790090684.2584677,1,0.2607400715351105,0.0,1.0,244.28248596191406,7489,6,0.0
1790090684.3090775,1,0.2614961862564087,0.0,0.9409122467041016,241.14173889160156,7469,6,0.006825000047683716
1790090684.359827,1,0.26224350929260254,0.0,0.9349053502082825,238.26394653320312,7346,6,0.0
1790090684.4108026,1,0.2631193995475769,0.0,1.0,235.18409729003906,7194,6,0.0
1790090684.461505,1,0.26384466886520386,0.0,1.0,231.7328338623047,7174,6,0.0
1790090684.5122573,1,0.2645636200904846,0.0,1.0,228.2862548828125,7121,6,0.0
1790090684.5631664,1,0.2654019296169281,0.0,1.0,225.09222412109375,6993,6,0.0
1790090684.6139617,1,0.2660962641239166,0.0,1.0,221.92990112304688,6869,6,0.0
1790090684.6647482,1,0.2667851746082306,0.0,1.0,218.63360595703125,6798,6,0.00892499927431345
1790090684.7154872,1,0.2675885260105133,0.0,1.0,215.47171020507812,6703,6,0.017324993386864662
1790090684.7662878,1,0.2682941257953644,0.0,1.0,212.30419921875,6614,6,0.02624998614192009
1790090684.8172054,1,0.26894938945770264,0.0,0.9512808918952942,209.37942504882812,6461,6,0.03532476723194122
1790090684.867745,1,0.26959675550460815,0.4049999713897705,0.9209190011024475,206.57919311523438,6472,1,0.0
1790090684.9185698,1,0.27035391330718994,0.0,0.948469877243042,203.9667510986328,6953,1,0.0
1790090684.9693558,1,0.2709846794605255,0.0,1.0,201.05511474609375,6659,5,0.0
1790090685.0197837,1,0.2716043293476105,0.0,1.0,197.77130126953125,7242,5,0.0
1790090685.0707667,1,0.2722918689250946,0.0,1.0,194.4393768310547,7532,5,0.0
1790090685.1214204,1,0.27289119362831116,0.0,1.0,191.31687927246094,7402,5,0.0
1790090685.17259,1,0.2734823524951935,0.0,1.0,188.38194274902344,7198,5,0.0
1790090685.22356,1,0.27417483925819397,0.0,1.0,185.3326416015625,7100,5,0.0
1790090685.2742474,1,0.274745911359787,0.0,1.0,182.1932830810547,7078,5,0.0
1790090685.3250837,1,0.2753792405128479,0.0,1.0,179.1502227783203,6926,5,0.0
1790090685.3756104,1,0.2759323716163635,0.0,1.0,175.98733520507812,6797,5,0.0
1790090685.4261556,1,0.27647528052330017,0.0,1.0,173.05831909179688,6707,5,0.010315092280507088
1790090685.4770856,1,0.27710986137390137,0.0,1.0,170.0845947265625,6594,5,0.02541395276784897
1790090685.528024,1,0.2776336073875427,0.0,1.0,167.1578369140625,6478,5,0.04108724370598793
1790090685.578637,1,0.2781497836112976,0.0,0.9500989317893982,164.32420349121094,6368,5,0.05734569579362869
1790090685.6294131,1,0.27875199913978577,0.0,0.9074230194091797,161.5810546875,6232,5,0.07418262213468552
1790090685.6802402,1,0.2792516052722931,0.0,1.0,158.94508361816406,6135,5,0.09158257395029068
1790090685.7307308,1,0.2797415554523468,0.0,1.0,156.35125732421875,6734,1,0.10957071185112
1790090685.7814958,1,0.28031501173973083,0.0,1.0,153.683349609375,6451,1,0.1281685084104538
1790090685.8323681,1,0.28078800439834595,0.0,0.9870448708534241,150.94297790527344,6971,4,0.1430317461490631
1790090685.8830733,1,0.28125378489494324,0.0,1.0,148.14625549316406,6918,4,0.14560678601264954
1790090685.9338124,1,0.2817387580871582,0.0,0.975951611995697,145.49229431152344,6869,4,0.14813758432865143
1790090685.9846203,1,0.282187819480896,0.0,0.9143208861351013,142.96043395996094,6799,4,0.15063534677028656
1790090686.0352898,1,0.2827111482620239,0.0,0.8720150589942932,140.8091583251953,6690,4,0.1528247892856598
1790090686.086379,1,0.28317371010780334,0.0,0.8091917037963867,138.6297149658203,6570,4,0.15510877966880798
1790090686.1373188,1,0.28362947702407837,0.0,0.8442735075950623,136.57716369628906,6435,4,0.15732307732105255
1790090686.1879058,1,0.2840566337108612,0.0,0.8993096351623535,134.49989318847656,6214,4,0.15962937474250793
1790090686.2384353,1,0.2845039963722229,0.0,0.9171265959739685,132.26751708984375,6093,4,0.16218449175357819
1790090686.2892592,1,0.28492066264152527,0.0,0.9095568060874939,130.04383850097656,5964,4,0.16481225192546844
1790090686.340138,1,0.2853597104549408,0.0,0.857033908367157,127.84687805175781,5849,4,0.16749343276023865
1790090686.3911598,1,0.2857670187950134,0.0,0.8185300230979919,125.78199005126953,5753,4,0.17009422183036804
1790090686.4421003,1,0.28626760840415955,0.0,0.8123202323913574,123.81999206542969,5636,4,0.1726413369178772
1790090686.4926145,1,0.28665876388549805,0.0,0.8509745001792908,121.85891723632812,5498,4,0.11761321127414703
1790090686.5433397,1,0.28704676032066345,0.0,0.9349719882011414,119.71446990966797,5424,4,0.0
1790090686.594086,1,0.28744250535964966,0.0,0.9585310220718384,117.43348693847656,5338,4,-0.01706496626138687
1790090686.6450217,1,0.2878018617630005,0.0,0.9485565423965454,115.123291015625,5250,4,-0.0466918908059597
1790090686.6960049,1,0.28820693492889404,0.0,0.873146653175354,112.80622100830078,5151,4,-0.07713647186756134
1790090686.7467234,1,0.2885344624519348,0.0,0.7703582048416138,110.69576263427734,5091,4,-0.10836336761713028
1790090686.797524,1,0.28884315490722656,0.0,0.8482213616371155,108.77543640136719,4963,4,-0.13843108713626862
1790090686.8481634,1,0.289191871881485,0.0,0.8474758863449097,106.6661605834961,4834,4,-0.171121284365654
1790090686.8990734,1,0.28946465253829956,0.0,0.6945187449455261,104.63495635986328,4767,4,-0.20225758850574493
1790090686.9499078,1,0.2897268533706665,0.0,0.9510394930839539,102.38106536865234,4628,4,-0.20641764998435974
1790090687.000549,1,0.29001423716545105,0.0,0.7896113395690918,100.19828033447266,4477,4,-0.2106129229068756
1790090687.051675,1,0.29023659229278564,0.0,0.8884362578392029,97.80181884765625,4493,4,-0.21541975438594818
1790090687.1024053,1,0.2904491126537323,0.0,0.8404168486595154,95.454345703125,4457,4,-0.22034591436386108
1790090687.1531448,1,0.29067108035087585,0.0,0.9611320495605469,93.02589416503906,4406,4,-0.22568486630916595
1790090687.2037547,1,0.29085060954093933,0.0,0.9301952719688416,90.55201721191406,4357,4,-0.23139643669128418
1790090687.2545314,1,0.291058212518692,0.0,0.9201341867446899,88.22449493408203,4359,4,-0.2370404601097107
1790090687.3052058,1,0.29120832681655884,0.0,0.8402760028839111,86.1373519897461,4242,4,-0.24234099686145782
1790090687.3561542,1,0.2913455069065094,0.0,0.6747260093688965,84.15422058105469,4113,4,-0.24760177731513977
1790090687.4067566,1,0.2915045917034149,0.0,0.9365352988243103,82.2278060913086,3929,4,-0.252935528755188
1790090687.4573684,1,0.29163268208503723,0.0,0.9563301205635071,80.3233413696289,3697,4,-0.25843924283981323
1790090687.5078964,1,0.29176169633865356,0.0,0.8654511570930481,78.23184204101562,3388,4,-0.26476624608039856
1790090687.5585659,1,0.29185837507247925,0.0,1.0,76.21073150634766,3554,4,-0.27118170261383057
1790090687.6093287,1,0.29194703698158264,0.0,0.6858763694763184,74.30858612060547,3534,4,-0.27751025557518005
1790090687.659929,1,0.29201841354370117,0.0,1.0,72.41508483886719,3352,4,-0.28411033749580383
1790090687.7108214,1,0.29209640622138977,0.0,0.7679779529571533,70.40201568603516,3239,4,-0.2914803922176361
1790090687.7616086,1,0.29215213656425476,0.0,0.7495511770248413,68.76939392089844,3155,4,-0.297744482755661
1790090687.812574,1,0.29221588373184204,0.0,0.8951414227485657,66.840087890625,3046,4,-0.3055029809474945
1790090687.8634815,1,0.2922607958316803,0.0,0.8770162463188171,65.06857299804688,2944,4,-0.312991738319397
1790090687.9142134,1,0.29232069849967957,0.0,0.9512972235679626,63.33778762817383,2905,4,-0.32067161798477173
1790090687.9651082,1,0.29236671328544617,0.0,0.867728054523468,61.52614974975586,2797,4,-0.3291246294975281
1790090688.015934,1,0.2923925220966339,0.0,0.9086662530899048,59.66273498535156,2739,4,-0.338297039270401
1790090688.0668542,1,0.2924308776855469,0.0,0.9056729674339294,57.76849365234375,2599,4,-0.3481605648994446
1790090688.117421,1,0.2924584150314331,0.0,0.8098477125167847,56.024166107177734,2548,4,-0.35776621103286743
1790090688.1681452,1,0.2924758493900299,0.0,0.8298758864402771,54.2265625,2468,4,-0.36823591589927673
1790090688.2187345,1,0.2924918830394745,0.0,0.6100223660469055,52.505985260009766,2437,4,-0.378847599029541
1790090688.2694092,1,0.29250583052635193,0.0,0.7123796343803406,50.9644775390625,2338,4,-0.38888800144195557
1790090688.3204863,1,0.29250863194465637,0.0,0.5047725439071655,49.62089157104492,2311,4,-0.3980836272239685
1790090688.371364,1,0.2925211787223816,0.0,0.8693878054618835,47.957523345947266,2181,4,-0.3384244740009308
1790090688.421942,1,0.29252883791923523,0.0,0.7789331078529358,46.17293167114258,2094,4,-0.1777745485305786
1790090688.4725385,1,0.29252883791923523,0.0,0.8548251390457153,44.106929779052734,2067,4,-0.017124507576227188
1790090688.5231993,1,0.29252883791923523,0.0,0.5095372796058655,42.59177017211914,2572,1,0.0
1790090688.5737607,1,0.29252883791923523,0.0,0.7786334156990051,40.818416595458984,2491,1,0.0
1790090688.6242487,1,0.2925211787223816,0.0,0.8111467957496643,39.051204681396484,2662,3,0.0
1790090688.6748843,1,0.2925211787223816,0.0,0.8599826097488403,37.380374908447266,2367,3,0.0
1790090688.725882,1,0.29250583052635193,0.0,0.8872753381729126,35.45911407470703,2491,3,0.0
1790090688.7765238,1,0.29250583052635193,0.0,0.8700774312019348,33.628028869628906,2105,3,0.0
1790090688.8274288,1,0.29250583052635193,0.0,0.0,31.76575469970703,2157,3,0.0
1790090688.8780956,1,0.2924932837486267,0.0,0.0,31.649276733398438,2147,3,0.0
1790090688.9290764,1,0.2924932837486267,0.0,0.0,31.425615310668945,2135,3,0.0
1790090688.9798212,1,0.2924932837486267,0.0,0.0,31.303010940551758,2130,3,0.0
1790090689.0303771,1,0.2924932837486267,0.0,0.0,31.303010940551758,2130,3,0.0
1790090689.0810897,1,0.2924932837486267,0.0,0.0,31.303010940551758,2130,3,0.0
1790090689.1316245,1,0.2924932837486267,0.0,0.0,31.303010940551758,2130,3,0.0
1790090689.1825824,1,0.2924932837486267,0.0,0.0,31.303010940551758,2130,3,0.0
1790090689.233376,1,0.2924932837486267,0.0,0.0,31.303010940551758,2130,3,0.0
1790090689.2839675,1,0.2924932837486267,0.0,0.0,31.303010940551758,2130,3,0.0
1790090689.33474,1,0.2924932837486267,0.0,0.0,31.303010940551758,2130,3,0.0
1790090689.3855073,1,0.2924932837486267,0.0,0.0,31.303010940551758,2130,3,0.0
1790090689.4363017,1,0.2924932837486267,0.0,0.0,31.303010940551758,2130,3,0.0
1790090689.4868698,1,0.2924932837486267,0.0,0.0,31.303010940551758,2130,3,0.0
1790090689.5374024,1,0.2924932837486267,0.0,0.0,31.303010940551758,2130,3,0.0
1790090689.5882053,1,0.2924932837486267,0.0,0.0,31.303010940551758,2130,3,0.0
1790090689.6391277,1,0.2924932837486267,0.0,0.0,31.303010940551758,2130,3,0.0
1790090689.6900463,1,0.2924932837486267,0.0,0.0,31.303010940551758,2130,3,0.0
1790090689.740884,1,0.2924932837486267,0.0,0.0,31.303010940551758,2130,3,0.0
1790090689.7917695,1,0.2924932837486267,0.0,0.0,31.303010940551758,2130,3,0.0
1790090689.842692,1,0.2924932837486267,0.0,0.0,31.303010940551758,2130,3,0.0
1790090689.89371,1,0.2924932837486267,0.0,0.0,31.303010940551758,2130,3,0.0
1790090689.9447134,1,0.2924932837486267,0.0,0.0,31.303010940551758,2130,3,0.0
1790090689.9956625,1,0.2924932837486267,0.0,0.0,31.303010940551758,2130,3,0.0
1790090690.0467143,1,0.2924932837486267,0.0,0.0,31.303010940551758,2130,3,0.0
1790090690.097434,1,0.2924932837486267,0.0,0.0,31.303010940551758,2130,3,0.0
1790090690.1483507,1,0.2924932837486267,0.0,0.0,31.303010940551758,2130,3,0.0
1790090690.1990283,1,0.2924932837486267,0.0,0.0,31.303010940551758,2130,3,0.0
1790090690.2497203,1,0.2924932837486267,0.0,0.0,31.303010940551758,2130,3,0.0
1790090690.3006172,1,0.2924932837486267,0.0,0.0,31.303010940551758,2130,3,0.0
1790090690.3513184,1,0.2924932837486267,0.0,0.0,31.303010940551758,2130,3,0.0
1790090690.402283,1,0.2924932837486267,0.0,0.0,31.303010940551758,2130,3,0.0
1790090690.453138,1,0.2924932837486267,0.0,0.0,31.303010940551758,2130,3,0.0
1790090690.5040069,1,0.2924932837486267,0.0,0.0,31.303010940551758,2130,3,0.0
1790090690.5547805,1,0.2924932837486267,0.0,0.0,31.303010940551758,2130,3,0.0
1790090690.6053371,1,0.2924932837486267,0.0,0.0,31.303010940551758,2130,3,0.0
1790090690.656323,1,0.2924932837486267,0.0,0.0,31.303010940551758,2130,3,0.0
1790090690.7073255,1,0.02290201373398304,0.0,1.0,0.6422518491744995,29,1,0.0
1790090690.7581136,1,0.02290201373398304,0.0,1.0,2.122931718826294,93,1,0.0
1790090690.80887,1,0.02290201373398304,0.0,1.0,2.2033843994140625,156,1,0.0
1790090690.8594012,1,0.02290201373398304,0.0,1.0,1.2865992784500122,216,1,0.0
1790090690.9100137,1,0.02290201373398304,0.0,1.0,0.20786279439926147,280,1,0.0
1790090690.960741,1,0.02290201373398304,0.0,1.0,0.8602533340454102,343,1,0.0
1790090691.0116334,1,0.02290201373398304,0.0,1.0,0.01891578920185566,407,1,0.0
1790090691.0625637,1,0.02290201373398304,0.0,1.0,0.025793783366680145,470,1,0.0
1790090691.1135852,1,0.02290201373398304,0.0,1.0,0.02665669098496437,534,1,0.0
1790090691.164404,1,0.02290201373398304,0.0,1.0,0.02467711642384529,597,1,0.0
1790090691.2154222,1,0.02290201373398304,0.0,1.0,0.025547200813889503,661,1,0.0
1790090691.2661407,1,0.02290201373398304,0.0,1.0,0.024668637663125992,724,1,0.0
1790090691.3167727,1,0.02290201373398304,0.0,1.0,0.02439863793551922,788,1,0.0
1790090691.3676822,1,0.02290201373398304,0.0,1.0,0.02402263693511486,851,1,0.0
1790090691.418299,1,0.02290201373398304,0.0,1.0,0.02231517620384693,900,1,0.0
1790090691.4688537,1,0.02290201373398304,0.0,1.0,0.022052530199289322,900,1,0.0
1790090691.5197468,1,0.02290201373398304,0.0,1.0,0.022121010348200798,900,1,0.0
1790090691.570802,1,0.02290201373398304,0.0,1.0,0.02136779949069023,900,1,0.0
1790090691.6215231,1,0.02290201373398304,0.0,1.0,0.02181701362133026,900,1,0.0
1790090691.6720996,1,0.02290201373398304,0.0,1.0,0.02122456394135952,900,1,0.0
1790090691.7229996,1,0.02290201373398304,0.0,1.0,0.019556576386094093,900,1,0.0
1790090691.773944,1,0.02290201373398304,0.0,1.0,0.0197146013379097,900,1,0.0
1790090691.824789,1,0.02290201373398304,0.0,0.0,0.017471732571721077,900,1,0.0
1790090691.8757234,1,0.02290201373398304,0.0,0.0,0.01809804141521454,900,1,0.0
1790090691.926309,1,0.02290201373398304,0.0,0.0,0.017766490578651428,900,1,0.0
1790090691.977175,1,0.02290201373398304,0.0,0.0,0.017972232773900032,900,1,0.0
1790090692.0278778,1,0.02290201373398304,0.0,0.0,0.016192635521292686,900,1,0.0
1790090692.0784817,1,0.02290201373398304,0.14400000870227814,0.0,0.015563979744911194,900,1,0.0
1790090692.1292932,1,0.02290201373398304,0.3479999303817749,0.0,0.018059656023979187,1105,2,0.0
1790090692.180059,1,0.02290201373398304,0.5519999861717224,0.0,0.3883373439311981,1279,2,0.0
1790090692.230951,1,0.02290201373398304,0.7560003995895386,0.0,1.212733507156372,1337,2,-0.057561956346035004
1790090692.281629,1,0.022906197234988213,0.9480007886886597,0.0,2.3125646114349365,1379,2,-0.1410454511642456
1790090692.3325267,1,0.022926071658730507,1.0,0.0,3.7827579975128174,1389,2,-0.22934237122535706
1790090692.3830886,1,0.022928511723876,1.0,0.0,5.208001136779785,1371,2,-0.31718623638153076
1790090692.4339886,1,0.022951873019337654,1.0,0.0,6.4048943519592285,1353,2,-0.4046265780925751
1790090692.484587,1,0.02297593094408512,1.0,0.0,7.473987579345703,1349,2,-0.49159491062164307
1790090692.5351229,1,0.02299441210925579,1.0,0.0,8.453621864318848,1342,2,-0.5760158896446228
1790090692.5861683,1,0.02302892878651619,1.0,0.0,9.385272026062012,1346,2,-0.6576787829399109
1790090692.637106,1,0.0230554286390543,0.8439996838569641,0.0,10.26852035522461,1324,2,-0.7228696942329407
1790090692.6876154,1,0.023100756108760834,0.9759999513626099,0.0,10.93245792388916,1365,2,-0.5622193813323975
1790090692.738587,1,0.023131439462304115,0.8919997811317444,0.0,12.129554748535156,1344,2,-0.4015693962574005
1790090692.7895129,1,0.023160727694630623,1.0,0.0,13.05296802520752,1514,2,-0.2409195750951767
1790090692.8402267,1,0.023218955844640732,1.0,0.0,14.41618537902832,1454,2,-0.08026951551437378
1790090692.891103,1,0.02326846309006214,1.0,0.0,15.434690475463867,1843,2,0.0
1790090692.9416547,1,0.023314133286476135,1.0,0.0,16.9554500579834,1990,2,0.0
1790090692.9923863,1,0.023379676043987274,1.0,0.0,18.622081756591797,2251,2,0.0
1790090693.0433705,1,0.0234330166131258,1.0,0.0,20.17744255065918,2760,2,0.0
1790090693.094294,1,0.023505881428718567,0.9399998784065247,0.0,21.94853973388672,2873,2,0.0
1790090693.1449275,1,0.023580139502882957,0.831999659538269,0.0,23.80888557434082,2531,2,0.0
1790090693.1956625,1,0.023657875135540962,0.9879999756813049,0.0,25.45511817932129,2577,2,0.0
1790090693.2466908,1,0.023740489035844803,0.9879999756813049,0.0,26.955673217773438,2993,2,0.0
1790090693.297595,1,0.02383565343916416,0.7839995622634888,0.0,28.54291343688965,3105,2,0.0
1790090693.3486638,1,0.02392837591469288,0.8919997811317444,0.0,30.185606002807617,3057,2,0.0
1790090693.399728,1,0.024018988013267517,1.0,0.0,31.775367736816406,3438,2,0.0
1790090693.4504328,1,0.02413538284599781,0.9039998054504395,0.0,33.552635192871094,3647,2,0.0
1790090693.5010896,1,0.02424306608736515,1.0,0.0,35.35311508178711,3792,2,0.0
1790090693.5519876,1,0.024369558319449425,1.0,0.0,37.0119514465332,3583,2,0.0
1790090693.6026368,1,0.024492207914590836,1.0,0.0,38.22239303588867,3741,2,0.0
1790090693.653579,1,0.02461172081530094,1.0,0.0,39.659542083740234,3818,2,0.0
1790090693.7048342,1,0.024744462221860886,1.0,0.0,41.061363220214844,3948,2,0.0
1790090693.7557783,1,0.024877194315195084,1.0,0.0,42.481327056884766,4096,2,0.0
1790090693.806684,1,0.02502385899424553,1.0,0.0,43.85037612915039,4300,2,0.0
1790090693.8576243,1,0.02515830472111702,1.0,0.0,45.20609664916992,4513,2,0.0
1790090693.9084783,1,0.025308772921562195,1.0,0.0,46.51115036010742,4764,2,0.0
1790090693.9593027,1,0.02545156143605709,1.0,0.0,47.7634162902832,5025,2,0.0
1790090694.009998,1,0.02563404105603695,1.0,0.0,49.069007873535156,5260,2,0.0
1790090694.060553,1,0.025783080607652664,1.0,0.0,50.40134811401367,5385,2,0.0
1790090694.1112835,1,0.025938719511032104,1.0,0.0,51.76732635498047,5503,2,0.0
1790090694.1621695,1,0.026124292984604836,1.0,0.0,53.41134262084961,5630,2,0.0
1790090694.2129214,1,0.026290692389011383,1.0,0.0,55.20469284057617,5681,2,0.0
1790090694.2636,1,0.026493633165955544,1.0,0.0,56.854007720947266,5629,2,0.0
1790090694.314608,1,0.026654085144400597,1.0,0.0,58.248931884765625,6102,2,0.0
1790090694.3650637,1,0.026870910078287125,1.0,0.0,59.49602508544922,6188,2,0.0
1790090694.415854,1,0.027064748108386993,1.0,0.0,61.11368179321289,6114,2,-0.02999424934387207
1790090694.4667535,1,0.027246037498116493,1.0,0.0,62.81955337524414,6260,2,-0.06579842418432236
1790090694.517625,1,0.02747010439634323,1.0,0.0,64.29358673095703,6442,2,-0.008893735706806183
1790090694.5686727,1,0.02767360396683216,1.0,0.0,65.46206665039062,6816,2,0.0
1790090694.6192489,1,0.0278990026563406,1.0,0.0,66.83576202392578,6899,2,0.0
1790090694.670155,1,0.028104200959205627,1.0,0.0,68.55204010009766,6763,2,0.0
1790090694.7207792,1,0.0283438041806221,1.0,0.0,69.9249267578125,6881,2,0.0
1790090694.7715986,1,0.028542350977659225,1.0,0.0,71.10785675048828,7215,2,0.0
1790090694.8224182,1,0.028793349862098694,1.0,0.0,72.31538391113281,7486,2,0.0
1790090694.8731606,1,0.02905229479074478,1.0,0.0,73.7458724975586,7466,2,0.0
1790090694.9239945,1,0.029286516830325127,1.0,0.0,75.26728057861328,7639,2,0.0
1790090694.9746618,1,0.029541879892349243,1.0,0.0,76.80941009521484,7908,2,0.0
1790090695.0256536,1,0.02975933998823166,1.0,0.0,78.32440948486328,8178,2,0.0
1790090695.0763607,1,0.03004310093820095,1.0,0.0,79.7892837524414,8000,2,0.0
1790090695.1269143,1,0.030325403437018394,1.0,0.0,80.40375518798828,7594,1,0.0
1790090695.17787,1,0.03055587038397789,0.9879999756813049,0.0,80.59457397460938,6027,3,0.0
1790090695.2283719,1,0.03083483688533306,1.0,0.0,80.66284942626953,5409,3,0.0
1790090695.2792604,1,0.031073469668626785,1.0,0.0,80.28726959228516,5376,3,0.0
1790090695.3299248,1,0.03134240582585335,1.0,0.0,79.97200012207031,5489,3,0.029433954507112503
1790090695.3806038,1,0.0316045880317688,1.0,0.0,80.44625854492188,5366,3,0.057109903544187546
1790090695.4314983,1,0.031892891973257065,1.0,0.0,80.05077362060547,5406,3,0.08651718497276306
1790090695.4822695,1,0.032121531665325165,1.0,0.0,80.41937255859375,5348,3,0.11594051122665405
1790090695.5329118,1,0.032397251576185226,1.0,0.0,79.96632385253906,5513,3,0.10063065588474274
1790090695.5835004,1,0.03266376629471779,1.0,0.0,80.4166030883789,5384,3,0.0
1790090695.6341028,1,0.03293316438794136,1.0,0.0,80.03638458251953,5402,3,0.0
1790090695.6848989,1,0.03317064791917801,1.0,0.0,80.39551544189453,5371,3,0.0
1790090695.735487,1,0.03343058377504349,1.0,0.0,80.01648712158203,5394,3,0.0
1790090695.786036,1,0.03368856757879257,1.0,0.0,80.50511932373047,5767,3,0.0
1790090695.8368163,1,0.03397269919514656,1.0,0.0,81.7403793334961,5931,3,0.0
1790090695.887403,1,0.03424235060811043,1.0,0.0,82.94967651367188,5941,3,0.0
1790090695.938168,1,0.03447798267006874,1.0,0.0,84.2392807006836,5800,3,0.0
1790090695.989281,1,0.03475431725382805,1.0,0.0,85.47286224365234,6005,3,0.02632109820842743
1790090696.040078,1,0.035033490508794785,1.0,0.0,86.69932556152344,6192,3,0.05392385646700859
1790090696.0908778,1,0.03534180670976639,1.0,0.0,87.95598602294922,6354,3,0.0
1790090696.141711,1,0.03562964126467705,1.0,0.0,89.2184066772461,6305,3,0.0
1790090696.1922698,1,0.03593258932232857,1.0,0.0,90.36426544189453,6375,3,0.0
1790090696.2430959,1,0.03619174659252167,1.0,0.0,91.52714538574219,6614,3,0.0
1790090696.2940764,1,0.036495719105005264,1.0,0.0,92.8260726928711,6635,3,0.0
1790090696.3447328,1,0.03681657463312149,1.0,0.0,94.11942291259766,6486,3,0.025518011301755905
1790090696.3956401,1,0.037120379507541656,1.0,0.0,95.33792114257812,6704,3,0.050697293132543564
1790090696.4463115,1,0.03744056448340416,1.0,0.0,96.55458068847656,6889,3,0.03192613273859024
1790090696.4969845,1,0.03772268071770668,1.0,0.0,97.8121337890625,7044,3,0.0
1790090696.5477831,1,0.03803582489490509,1.0,0.0,98.97931671142578,7072,3,0.0
1790090696.598353,1,0.03838099166750908,1.0,0.0,100.17559814453125,7172,3,0.0
1790090696.6492512,1,0.038710322231054306,1.0,0.0,101.5193862915039,7045,3,0.0
1790090696.6998796,1,0.039044931530952454,1.0,0.0,102.7971420288086,7357,3,0.0
1790090696.7506926,1,0.03937988355755806,1.0,0.0,104.24711608886719,7417,3,0.0
1790090696.801715,1,0.03973991423845291,1.0,0.0,105.66165161132812,7515,3,0.0
1790090696.8524046,1,0.04010017216205597,1.0,0.0,107.09538269042969,7676,3,0.0
1790090696.9029946,1,0.04041039198637009,1.0,0.0,108.57404327392578,7796,3,0.0
1790090696.9538805,1,0.04076245427131653,1.0,0.0,110.04458618164062,7813,3,0.0
1790090697.0048554,1,0.04112807661294937,1.0,0.0,111.45780181884766,7882,3,0.0
1790090697.0555785,1,0.04150288552045822,1.0,0.0,112.80729675292969,8079,3,0.0
1790090697.1062396,1,0.041905492544174194,1.0,0.0,114.16282653808594,8046,3,0.0
1790090697.1570513,1,0.042278386652469635,1.0,0.0,115.4924545288086,8229,3,0.0
1790090697.2077374,1,0.04266813397407532,1.0,0.0,116.77165985107422,8352,3,0.0
1790090697.2586617,1,0.04300728440284729,1.0,0.0,118.24624633789062,8475,3,0.0
1790090697.3095608,1,0.043424077332019806,1.0,0.0,118.3133544921875,8806,4,0.0
1790090697.360181,1,0.04381626099348068,1.0,0.0,119.08547973632812,6544,4,0.0
1790090697.411037,1,0.044212501496076584,1.0,0.0,120.20735931396484,6411,4,0.0
1790090697.4621131,1,0.04463426396250725,1.0,0.0,121.55689239501953,6497,4,0.0
1790090697.5130072,1,0.045039329677820206,1.0,0.0,122.98882293701172,6563,4,0.0
1790090697.563957,1,0.04540165141224861,1.0,0.0,124.4427261352539,6634,4,0.0
1790090697.614594,1,0.045818835496902466,1.0,0.0,125.89434814453125,6714,4,0.023512376472353935
1790090697.6654816,1,0.04627050831913948,1.0,0.0,127.3268814086914,6809,4,0.0
1790090697.7162232,1,0.046694766730070114,1.0,0.0,128.74241638183594,6911,4,0.0
1790090697.7668815,1,0.047150786966085434,1.0,0.0,130.15699768066406,7000,4,0.0
1790090697.8175998,1,0.04751269146800041,1.0,0.0,131.61569213867188,7038,4,0.0
1790090697.8684728,1,0.04798155650496483,1.0,0.0,133.07269287109375,7082,4,0.0
1790090697.919126,1,0.04842762276530266,1.0,0.0,134.49917602539062,7151,4,0.0
1790090697.9699724,1,0.04890701174736023,1.0,0.0,135.89288330078125,7240,4,0.0
1790090698.0205166,1,0.04930975288152695,1.0,0.0,137.1780242919922,7331,4,0.0
1790090698.071612,1,0.04979091137647629,1.0,0.0,138.5478057861328,7404,4,0.0
1790090698.122679,1,0.050261083990335464,1.0,0.0,139.95816040039062,7435,4,0.0
1790090698.173203,1,0.050748858600854874,1.0,0.0,141.33642578125,7495,4,0.0
1790090698.2240496,1,0.05116746574640274,1.0,0.0,142.69412231445312,7567,4,0.0
1790090698.2746897,1,0.05166890472173691,1.0,0.0,144.03306579589844,7644,4,0.0
1790090698.325363,1,0.05217723920941353,1.0,0.0,145.36448669433594,7719,4,0.0
1790090698.376133,1,0.05259854719042778,1.0,0.0,146.68673706054688,7794,4,0.0
1790090698.4269397,1,0.05312331020832062,1.0,0.0,147.9964599609375,7885,1,0.0
1790090698.4779012,1,0.05364928022027016,1.0,0.0,147.8965606689453,8575,5,0.0
1790090698.5284438,1,0.05407979339361191,1.0,0.0,148.76731872558594,6204,5,0.0
1790090698.579058,1,0.05456722155213356,1.0,0.0,149.76918029785156,6222,5,0.0
1790090698.6298444,1,0.05506260320544243,1.0,0.0,150.80096435546875,6260,5,0.0
1790090698.680562,1,0.055557746440172195,1.0,0.0,151.79345703125,6297,5,0.005694446619600058
1790090698.7315986,1,0.056102536618709564,0.0,0.0,151.89373779296875,6102,5,0.024986792355775833
1790090698.7825663,1,0.05660490319132805,0.0,0.817099392414093,151.6129150390625,6000,5,0.001970488578081131
1790090698.8333862,1,0.057094305753707886,0.0,1.0,149.28631591796875,5834,5,0.0
1790090698.8840785,1,0.05758688598871231,0.0,1.0,146.4806671142578,5676,5,0.0
1790090698.9347565,1,0.05800555273890495,0.0,1.0,143.42608642578125,5537,5,0.0
1790090698.9857085,1,0.05848705768585205,0.0,1.0,140.3438720703125,5363,5,0.0
1790090699.036201,1,0.0589325912296772,0.8999999761581421,0.9626724123954773,137.4571990966797,5881,1,0.0
1790090699.0870962,1,0.05938782915472984,0.0,0.8838789463043213,134.9608154296875,5776,1,0.0
1790090699.1379,1,0.05984543263912201,0.0,0.9234805703163147,132.52682495117188,5848,4,0.0
1790090699.1883836,1,0.060281019657850266,0.0,0.9993923306465149,129.70166015625,6027,4,0.0
1790090699.2390249,1,0.06073742359876633,0.0,1.0,126.80506134033203,6063,4,0.0
1790090699.2897885,1,0.061157021671533585,0.0,1.0,123.85554504394531,5908,4,0.0
1790090699.3407478,1,0.06157221645116806,0.0,1.0,120.84970092773438,5768,4,0.0
1790090699.3912838,1,0.061981070786714554,0.0,1.0,118.03311157226562,5652,4,0.0
1790090699.442,1,0.06236152723431587,0.0,1.0,115.09049224853516,5558,4,0.0
1790090699.4927814,1,0.06276404112577438,0.0,1.0,112.30552673339844,5451,4,0.0
1790090699.5436203,1,0.06315339356660843,0.0,1.0,109.55596160888672,5267,4,0.01495550200343132
1790090699.594233,1,0.06354651600122452,0.0,1.0,106.77703857421875,5101,4,0.047492027282714844
1790090699.6448643,1,0.0639515146613121,0.0,0.9946911334991455,103.98538970947266,5031,4,0.08107303082942963
1790090699.6952975,1,0.06434623152017593,0.0,0.987009584903717,101.36447143554688,5677,1,0.11568892747163773
1790090699.7462554,1,0.06475584208965302,0.0,0.9689207673072815,98.97017669677734,5445,1,0.14568303525447845
1790090699.7970245,1,0.06512366235256195,0.0,0.9699351787567139,96.57432556152344,5766,3,0.17007236182689667
1790090699.8478692,1,0.06552775949239731,0.0,0.9888637661933899,94.03374481201172,6129,3,0.19512765109539032
1790090699.8984423,1,0.06591860949993134,0.0,0.9608731269836426,91.8670654296875,5958,3,0.21930229663848877
1790090699.948967,1,0.06630555540323257,0.0,0.9354174733161926,89.62171173095703,5809,3,0.2336197793483734
1790090699.999898,1,0.06668596714735031,0.0,0.9347274303436279,87.42268371582031,5663,3,0.23904910683631897
1790090700.050394,1,0.06705736368894577,0.0,0.9342976808547974,85.20645904541016,5518,3,0.24478231370449066
1790090700.1010368,1,0.06743041425943375,0.0,0.9281520843505859,83.01773834228516,5376,3,0.2507208287715912
1790090700.1521983,1,0.067787304520607,0.0,0.9321030974388123,80.88026428222656,5243,3,0.2568051517009735
1790090700.2031336,1,0.06812778115272522,0.0,0.9526249766349792,78.6875991821289,5101,3,0.26336127519607544
1790090700.25404,1,0.06846533715724945,0.0,0.9602447748184204,76.49555969238281,4964,3,0.2702588737010956
1790090700.3045983,1,0.06880243867635727,0.0,0.9547827243804932,74.29328155517578,4833,3,0.27756235003471375
1790090700.3555923,1,0.06913290917873383,0.0,0.9538499712944031,72.17410278320312,4698,3,0.2849729061126709
1790090700.406756,1,0.06945619732141495,0.0,0.9657739996910095,70.031982421875,4567,3,0.2928769588470459
1790090700.457226,1,0.06972745805978775,0.0,0.0,67.92291259765625,4484,3,0.3010994493961334
1790090700.5078733,1,0.07003211975097656,0.0,0.0,66.9084701538086,4568,3,0.3052210509777069
1790090700.558797,1,0.070343978703022,0.0,0.0,66.3244857788086,4518,3,0.30764535069465637
1790090700.60969,1,0.07062961161136627,0.0,0.0,65.79572296142578,4475,3,0.30987387895584106
1790090700.660828,1,0.07094600051641464,0.0,0.0,65.2247314453125,4430,3,0.31231689453125
1790090700.7118819,1,0.0712459608912468,0.12000001221895218,0.0,64.66504669189453,4429,3,0.31474921107292175
1790090700.7627065,1,0.07154753059148788,0.32399994134902954,0.0,64.37149810791016,4496,3,0.31604015827178955
1790090700.813329,1,0.07186882197856903,0.5279999375343323,0.0,64.35626220703125,4476,3,0.31610745191574097
1790090700.8641257,1,0.07217928022146225,0.7320003509521484,0.0,64.39717864990234,4416,3,0.31592679023742676
1790090700.9149852,1,0.07244128733873367,0.9360007643699646,0.0,64.38619232177734,4632,3,0.31597527861595154
1790090700.9659991,1,0.0727652907371521,1.0,0.0,64.53923034667969,4506,3,0.31530120968818665
1790090701.016574,1,0.0730714425444603,1.0,0.0,64.60931396484375,4432,3,0.3149935007095337
1790090701.0676386,1,0.07339537888765335,0.0,0.0,64.5997543334961,4372,3,0.31503546237945557
1790090701.118546,1,0.07365863025188446,0.0,0.0,64.06096649169922,4371,3,0.31741735339164734
1790090701.1693501,1,0.07394781708717346,0.0,0.0,63.50936508178711,4327,3,0.3198935091495514
1790090701.2199051,1,0.0742197036743164,0.06000000238418579,0.0,62.94308090209961,4285,3,0.3224760890007019
1790090701.2707605,1,0.07447811961174011,0.26399996876716614,0.0,62.51226043701172,4357,3,0.3244690001010895
1790090701.3213828,1,0.07476911693811417,0.4679998755455017,0.0,62.31563186645508,4309,3,0.32538676261901855
1790090701.3720856,1,0.07505101710557938,0.660000205039978,0.0,62.17930603027344,4319,3,0.32602614164352417
1790090701.4228997,1,0.0753089040517807,0.8760006427764893,0.0,62.20545959472656,4385,3,0.1559261977672577
1790090701.4736621,1,0.07553578913211823,1.0,0.0,62.47453689575195,4266,3,0.0
1790090701.52459,1,0.07580170780420303,1.0,0.0,62.96392059326172,4526,3,0.0
1790090701.5755696,1,0.07607028633356094,1.0,0.0,63.70003890991211,4591,3,0.0
1790090701.6265862,1,0.07629197835922241,1.0,0.0,64.83386993408203,4412,3,0.0
1790090701.6773243,1,0.07656681537628174,1.0,0.0,65.91779327392578,4612,3,0.014153709635138512
1790090701.728097,1,0.07682088762521744,1.0,0.0,67.00350189208984,4807,3,0.04824170470237732
1790090701.7789233,1,0.07706911861896515,1.0,0.0,68.13634490966797,4865,3,0.08191428333520889
1790090701.8295918,1,0.07733859121799469,1.0,0.0,69.19010162353516,4834,3,0.11519893258810043
1790090701.880457,1,0.07762079685926437,1.0,0.0,70.14827728271484,5003,3,0.14812235534191132
1790090701.9312074,1,0.07790705561637878,1.0,0.0,70.96794891357422,4944,3,0.18072322010993958
1790090701.9821482,1,0.0781487375497818,1.0,0.0,71.58926391601562,5150,3,0.21308499574661255
1790090702.0328312,1,0.0784381553530693,1.0,0.0,72.25208282470703,4941,3,0.21121685206890106
1790090702.0837214,1,0.07872870564460754,1.0,0.0,72.70101165771484,5094,3,0.05056679993867874
1790090702.134657,1,0.07897447049617767,1.0,0.0,73.25154113769531,5256,3,0.0
1790090702.1852834,1,0.0792844295501709,1.0,0.0,74.0728530883789,5175,3,0.0
1790090702.236173,1,0.07957027852535248,1.0,0.0,75.0291519165039,5421,3,0.0
1790090702.2871273,1,0.0798492506146431,1.0,0.0,76.20550537109375,5304,3,0.0
1790090702.3376951,1,0.08015623688697815,1.0,0.0,77.26143646240234,5445,3,0.0
1790090702.3885407,1,0.08045704662799835,1.0,0.0,78.40721130371094,5692,3,-0.028369834646582603
1790090702.439125,1,0.08071793615818024,1.0,0.0,79.62667846679688,5526,3,-0.05814477428793907
1790090702.489905,1,0.08105255663394928,1.0,0.0,80.74654388427734,5803,3,-0.08754846453666687
1790090702.540822,1,0.0813317522406578,1.0,0.0,81.9390869140625,5705,3,0.0
1790090702.5915596,1,0.08166639506816864,1.0,0.0,83.07381439208984,5885,3,0.0
1790090702.642272,1,0.08198696374893188,1.0,0.0,84.25385284423828,6111,3,0.0
1790090702.6930256,1,0.08226403594017029,1.0,0.0,85.5482177734375,6047,3,0.0
1790090702.743687,1,0.08260297775268555,1.0,0.0,86.82028198242188,6028,3,0.0
1790090702.794871,1,0.08288685977458954,1.0,0.0,88.02718353271484,6249,3,-0.011161641217768192
1790090702.846188,1,0.08322060108184814,1.0,0.0,89.27827453613281,6424,3,-0.038017962127923965
1790090702.8971293,1,0.08357702195644379,1.0,0.0,90.55792999267578,6375,3,-0.0645139068365097
1790090702.9480584,1,0.08386093378067017,1.0,0.0,91.72110748291016,6464,3,-0.09067100286483765
1790090702.9989398,1,0.08420775085687637,1.0,0.0,92.86314392089844,6721,3,-0.028788670897483826
1790090703.0498333,1,0.08451952040195465,1.0,0.0,93.98033905029297,6636,3,0.0
1790090703.1006677,1,0.08486200124025345,1.0,0.0,95.13848876953125,6887,3,0.0
1790090703.1514218,1,0.08516956120729446,1.0,0.0,96.37419891357422,6696,3,0.0
1790090703.202187,1,0.08551619946956635,1.0,0.0,97.61476135253906,6905,3,0.0
1790090703.253289,1,0.08582533150911331,1.0,0.0,98.90021514892578,7078,3,0.0
1790090703.303812,1,0.08613842725753784,1.0,0.0,100.35211181640625,6916,3,-0.027360450476408005
1790090703.3543618,1,0.08650848269462585,1.0,0.0,101.50897979736328,7111,3,-0.06053979694843292
1790090703.405341,1,0.08680356293916702,1.0,0.0,102.64453125,7374,3,0.0
1790090703.4562054,1,0.08718246221542358,1.0,0.0,103.88309478759766,7167,3,0.0
1790090703.5071762,1,0.08747605234384537,1.0,0.0,105.1032485961914,7382,3,0.0
1790090703.557853,1,0.08786413073539734,1.0,0.0,106.45458984375,7649,3,0.0
1790090703.6086612,1,0.08819205313920975,1.0,0.0,107.84468841552734,7704,3,0.0
1790090703.6595123,1,0.0885196328163147,1.0,0.0,109.24525451660156,7741,3,0.0
1790090703.710235,1,0.0888967365026474,1.0,0.0,110.46431732177734,7925,3,0.0
1790090703.7610066,1,0.08922943472862244,1.0,0.0,111.7522964477539,8026,3,0.0
1790090703.8119001,1,0.08961714804172516,1.0,0.0,113.00254821777344,8059,3,0.0
1790090703.8625114,1,0.08998487144708633,1.0,0.0,114.39642333984375,8158,3,0.0
1790090703.9131136,1,0.09033495932817459,1.0,0.0,115.88068389892578,8269,3,0.0
1790090703.9637005,1,0.0906870886683464,1.0,0.0,117.41316223144531,8333,3,0.0
1790090704.0145981,1,0.09109444916248322,1.0,0.0,118.90568542480469,8503,1,0.0
1790090704.065285,1,0.0914490595459938,1.0,0.0,118.93342590332031,9127,4,0.0
1790090704.1164944,1,0.09188646078109741,1.0,0.0,119.9417495727539,6427,4,0.0
1790090704.167857,1,0.09224891662597656,1.0,0.0,121.22007751464844,6482,4,0.0
1790090704.2189565,1,0.09261955320835114,1.0,0.0,122.6523666381836,6582,4,0.0
1790090704.2696302,1,0.09306684136390686,1.0,0.0,124.04795837402344,6675,4,0.004777236375957727
1790090704.3201234,1,0.09345101565122604,1.0,0.0,125.57125854492188,6756,4,0.031564220786094666
1790090704.370871,1,0.09389029443264008,1.0,0.0,126.93291473388672,6831,4,0.05789058655500412
1790090704.4217093,1,0.09428645670413971,1.0,0.0,128.22984313964844,6759,4,0.08381485193967819
1790090704.472694,1,0.09467967599630356,1.0,0.0,129.4549560546875,6906,4,0.01083073765039444
1790090704.5231647,1,0.09511114656925201,1.0,0.0,130.74766540527344,7004,4,0.0
1790090704.5738337,1,0.09559537470340729,1.0,0.0,132.0812225341797,7063,4,0.0
1790090704.6245267,1,0.09600504487752914,1.0,0.0,133.54969787597656,7148,4,0.0
1790090704.6750197,1,0.09642231464385986,1.0,0.0,135.03634643554688,7220,4,0.0
1790090704.7258804,1,0.09684494882822037,1.0,0.0,136.5070343017578,7304,4,0.0
1790090704.7766886,1,0.09735091030597687,1.0,0.0,137.88092041015625,7387,4,0.0
1790090704.8275697,1,0.0978093147277832,1.0,0.0,139.29591369628906,7419,4,0.0
1790090704.8782158,1,0.09824040532112122,1.0,0.0,140.59181213378906,7564,4,0.0
1790090704.9290056,1,0.09870601445436478,1.0,0.0,141.93038940429688,7586,4,0.0
1790090704.9795752,1,0.09914711117744446,1.0,0.0,143.3189697265625,7726,4,0.0
1790090705.0302205,1,0.09959666430950165,1.0,0.0,144.43360900878906,7755,4,0.0
1790090705.0809436,1,0.1001618504524231,1.0,0.0,145.94935607910156,7728,4,0.0
1790090705.1318424,1,0.10061757266521454,1.0,0.0,147.4164276123047,7777,4,0.0
1790090705.1822376,1,0.10107498615980148,1.0,0.0,148.8583221435547,7858,4,0.0
1790090705.232875,1,0.10157184302806854,1.0,0.0,150.2574920654297,7965,4,0.0
1790090705.2838252,1,0.10204082727432251,1.0,0.0,151.62509155273438,8085,4,0.0
1790090705.3346033,1,0.1026003435254097,1.0,0.0,152.86648559570312,8207,4,0.0
1790090705.3850322,1,0.10310766100883484,1.0,0.0,154.29225158691406,8219,4,0.005523861851543188
1790090705.435598,1,0.10358858108520508,1.0,0.0,155.69351196289062,8260,4,0.024091918021440506
1790090705.4862347,1,0.10407623648643494,1.0,0.0,157.08935546875,8297,4,0.0
1790090705.5371065,1,0.10459653288125992,1.0,0.0,158.486328125,8347,4,0.0
1790090705.5881252,1,0.10512182861566544,1.0,0.0,159.7521209716797,8493,4,0.0
1790090705.6390822,1,0.10571563243865967,1.0,0.0,161.02174377441406,8532,1,0.0
1790090705.6897004,1,0.10621143877506256,1.0,0.0,160.89723205566406,9252,5,0.0
1790090705.7404883,1,0.10674397647380829,1.0,0.0,161.95021057128906,6714,5,0.0
1790090705.7910705,1,0.10724695026874542,1.0,0.0,163.04046630859375,6784,5,0.0
1790090705.8419318,1,0.10775747150182724,1.0,0.0,164.20489501953125,6829,5,0.0
1790090705.8936212,1,0.1083662211894989,1.0,0.0,165.36233520507812,6895,5,0.0
1790090705.9445026,1,0.10891342908143997,1.0,0.0,166.55104064941406,6929,5,0.0
1790090705.9954357,1,0.10942897200584412,1.0,0.0,167.74398803710938,6964,5,0.0
1790090706.0463605,1,0.10998456925153732,1.0,0.0,168.93194580078125,7006,5,0.0
1790090706.0973318,1,0.11051210761070251,1.0,0.0,170.09274291992188,7065,5,0.0009038946009241045
1790090706.1477876,1,0.11107120662927628,1.0,0.0,171.26095581054688,7113,5,0.016149649396538734
1790090706.1984704,1,0.1116049587726593,1.0,0.0,172.34445190429688,7166,5,0.030294882133603096
1790090706.2490654,1,0.11227909475564957,1.0,0.0,173.49185180664062,7215,5,0.0
1790090706.2998512,1,0.11285457015037537,1.0,0.0,174.6551513671875,7251,5,0.0
1790090706.3504424,1,0.11339813470840454,1.0,0.0,175.7978515625,7304,5,0.0
1790090706.4013374,1,0.11397715657949448,1.0,0.0,176.9337158203125,7355,5,0.0
1790090706.452118,1,0.11456242203712463,1.0,0.0,178.0702667236328,7394,5,0.0
1790090706.502768,1,0.1151188388466835,1.0,0.0,179.2322540283203,7413,5,0.0024152735713869333
1790090706.5535672,1,0.11571017652750015,1.0,0.0,180.35755920410156,7468,5,0.01598574034869671
1790090706.604328,1,0.11630994081497192,1.0,0.0,181.45913696289062,7529,5,0.029363924637436867
1790090706.654914,1,0.11687301844358444,1.0,0.0,182.5758514404297,7555,5,0.04255303367972374
1790090706.705713,1,0.11747697740793228,1.0,0.0,183.6778106689453,7587,5,0.0453445203602314
1790090706.7564101,1,0.11815541237592697,1.0,0.0,184.69003295898438,7640,5,0.0
1790090706.8070943,1,0.11876954883337021,1.0,0.0,185.76409912109375,7695,5,0.0
1790090706.8578537,1,0.11935020238161087,1.0,0.0,186.81922912597656,7759,5,0.0
1790090706.9085896,1,0.11996676027774811,1.0,0.0,187.9031982421875,7786,5,0.0
1790090706.9590554,1,0.12059041857719421,1.0,0.0,188.98867797851562,7816,5,0.0
1790090707.009871,1,0.1212163120508194,1.0,0.0,190.06228637695312,7861,5,0.0
1790090707.0606387,1,0.12184450775384903,1.0,0.0,191.13751220703125,7905,5,0.0
1790090707.1113381,1,0.12247779965400696,1.0,0.0,192.2034454345703,7952,5,0.0
1790090707.1622322,1,0.12311933934688568,1.0,0.0,193.28033447265625,7988,5,0.0
1790090707.2129698,1,0.12375785410404205,1.0,0.0,194.34596252441406,8026,5,0.0
1790090707.2638774,1,0.12440422922372818,1.0,0.0,195.4322967529297,8042,5,0.0
1790090707.31438,1,0.12505145370960236,1.0,0.0,196.42323303222656,8081,5,0.0
1790090707.365069,1,0.12566816806793213,1.0,0.0,197.4630889892578,8128,5,0.0
1790090707.4158306,1,0.12632030248641968,1.0,0.0,198.50003051757812,8173,5,0.0
1790090707.4668062,1,0.12698061764240265,1.0,0.0,199.5098114013672,8220,5,0.0
1790090707.51763,1,0.12764236330986023,1.0,0.0,200.45343017578125,8187,1,0.0
1790090707.5681121,1,0.12830306589603424,1.0,0.0,200.23683166503906,9129,6,0.0
1790090707.618735,1,0.12896935641765594,1.0,0.0,201.3223876953125,7437,6,0.0
1790090707.6696913,1,0.12959569692611694,1.0,0.0,202.2830810546875,6634,6,0.0
1790090707.7206287,1,0.13026635348796844,1.0,0.0,203.14353942871094,6659,6,0.0
1790090707.7712,1,0.13094007968902588,1.0,0.0,204.00779724121094,6687,6,0.0
1790090707.8219824,1,0.13157609105110168,1.0,0.0,204.8608856201172,6721,6,0.0
1790090707.872567,1,0.13225439190864563,1.0,0.0,205.6769561767578,6739,6,0.0
1790090707.92315,1,0.13293682038784027,1.0,0.0,206.52395629882812,6771,6,0.0
1790090707.9741533,1,0.13370190560817719,1.0,0.0,207.38511657714844,6790,6,0.0
1790090708.0247755,1,0.13434991240501404,1.0,0.0,208.21688842773438,6835,6,0.0
1790090708.0752046,1,0.13503804802894592,1.0,0.0,209.07162475585938,6848,6,0.0
1790090708.1261318,1,0.13569030165672302,1.0,0.0,209.91578674316406,6876,6,0.007586779538542032
1790090708.1766624,1,0.13638542592525482,1.0,0.0,210.74264526367188,6910,6,0.016707804054021835
1790090708.2271616,1,0.13708385825157166,1.0,0.0,211.57713317871094,6935,6,0.0
1790090708.2780259,1,0.13774369657039642,1.0,0.0,212.40530395507812,6952,6,0.0
1790090708.3286278,1,0.1385289877653122,1.0,0.0,213.18728637695312,6969,6,0.0
1790090708.379275,1,0.13919593393802643,1.0,0.0,214.00485229492188,6998,6,0.0
1790090708.4299066,1,0.13990502059459686,1.0,0.0,214.81919860839844,7026,6,0.0
1790090708.480725,1,0.14057357609272003,1.0,0.0,215.6021728515625,7084,6,0.005249999929219484
1790090708.5313542,1,0.14128795266151428,1.0,0.0,216.39535522460938,7120,6,0.014174995012581348
1790090708.5822861,1,0.1420900523662567,1.0,0.0,217.19921875,7128,6,0.013124989345669746
1790090708.6329222,1,0.14276568591594696,1.0,0.0,218.01495361328125,7132,6,0.0
1790090708.6835,1,0.1434464305639267,1.0,0.0,218.80819702148438,7157,6,0.0
1790090708.734385,1,0.14417073130607605,1.0,0.0,219.60157775878906,7177,6,0.006300000008195639
1790090708.7851596,1,0.14498218894004822,1.0,0.0,220.38027954101562,7209,6,0.015224994160234928
1790090708.835968,1,0.14567114412784576,1.0,0.0,221.13604736328125,7252,6,0.02414998784661293
1790090708.8865001,1,0.14635948836803436,1.0,0.0,221.8524169921875,7273,6,0.032549984753131866
1790090708.9371412,1,0.1470940262079239,1.0,0.0,222.60137939453125,7288,6,0.04147500917315483
1790090708.987875,1,0.14778734743595123,1.0,0.0,223.32266235351562,7303,6,0.050400033593177795
1790090709.0384183,1,0.14852607250213623,1.0,0.0,223.99923706054688,7330,6,0.0
1790090709.0890117,1,0.14935462176799774,1.0,0.0,224.69363403320312,7354,6,0.0
1790090709.1398778,1,0.15009863674640656,1.0,0.0,225.37318420410156,7384,6,0.0
1790090709.1903117,1,0.15071257948875427,1.0,0.0,226.056396484375,7410,6,0.002099999925121665
1790090709.241044,1,0.15154877305030823,1.0,0.0,226.75796508789062,7423,6,0.01102499756962061
1790090709.2919674,1,0.15229955315589905,1.0,0.0,227.44923400878906,7459,6,0.01994999125599861
1790090709.342704,1,0.15305212140083313,1.0,0.0,228.14854431152344,7485,6,0.0
1790090709.3934271,1,0.15376310050487518,1.0,0.0,228.8238525390625,7498,6,0.0
1790090709.4443374,1,0.15452086925506592,1.0,0.0,229.54193115234375,7521,6,0.0
1790090709.4952514,1,0.15523579716682434,1.0,0.0,230.25340270996094,7548,6,0.0
1790090709.5459352,1,0.15599749982357025,1.0,0.0,230.98326110839844,7562,6,0.006300000008195639
1790090709.5964553,1,0.156716987490654,1.0,0.0,231.70753479003906,7582,6,0.015224994160234928
1790090709.6475165,1,0.15757378935813904,1.0,0.0,232.42909240722656,7586,6,0.0
1790090709.698484,1,0.15834316611289978,1.0,0.0,233.14541625976562,7608,6,0.0
1790090709.7491748,1,0.15906931459903717,1.0,0.0,233.84963989257812,7639,6,0.0
1790090709.800194,1,0.1599343866109848,1.0,0.0,234.54986572265625,7674,6,0.0
1790090709.8516307,1,0.1606653779745102,1.0,0.0,235.23651123046875,7714,6,0.00892499927431345
1790090709.90224,1,0.16139788925647736,1.0,0.0,235.95132446289062,7721,6,0.017849992960691452
1790090709.9531167,1,0.16213291883468628,1.0,0.0,236.6396026611328,7750,6,0.0
1790090710.0040047,1,0.16300837695598602,1.0,0.0,237.35733032226562,7736,6,0.0
1790090710.0544877,1,0.1637939214706421,1.0,0.0,238.046142578125,7758,6,0.0
1790090710.1051738,1,0.1645817905664444,1.0,0.0,238.7327117919922,7783,1,0.0
1790090710.1560755,1,0.16532404720783234,1.0,0.0,238.4510498046875,8649,7,0.0
1790090710.2067635,1,0.1661122739315033,1.0,0.0,239.00819396972656,7284,7,0.0
1790090710.257787,1,0.1669032871723175,1.0,0.0,239.68759155273438,6375,7,0.0
1790090710.3085594,1,0.16764986515045166,1.0,0.0,240.2071533203125,6380,7,0.0
1790090710.3591232,1,0.16844442486763,1.0,0.0,240.75958251953125,6391,7,0.0005249999812804163
1790090710.4098656,1,0.16933420300483704,1.0,0.0,241.3035888671875,6411,7,0.00944999884814024
1790090710.4610124,1,0.1701328456401825,1.0,0.0,241.84547424316406,6436,7,0.018374992534518242
1790090710.5115473,1,0.17088480293750763,1.0,0.0,242.38890075683594,6459,7,0.0
1790090710.5624254,1,0.17168709635734558,1.0,0.0,242.92982482910156,6484,7,0.0
1790090710.6132362,1,0.17244447767734528,1.0,0.0,243.507568359375,6469,7,0.0
1790090710.663962,1,0.17324896156787872,1.0,0.0,244.0595703125,6476,7,0.0
1790090710.71472,1,0.17400823533535004,1.0,0.0,244.60977172851562,6485,7,0.0
1790090710.7655928,1,0.17496147751808167,1.0,0.0,245.14993286132812,6501,7,0.0
1790090710.8162007,1,0.1757231205701828,1.0,0.0,245.68653869628906,6521,7,0.0
1790090710.8667927,1,0.17648838460445404,1.0,0.0,246.2245330810547,6543,7,0.0
1790090710.917763,1,0.1773017942905426,1.0,0.0,246.71543884277344,6577,7,0.0
1790090710.9686794,1,0.17807060480117798,1.0,0.0,247.24876403808594,6599,7,0.0
1790090711.0195274,1,0.17888855934143066,1.0,0.0,247.79879760742188,6604,7,0.0
1790090711.0699828,1,0.1797080785036087,1.0,0.0,248.36422729492188,6590,7,0.0
1790090711.1205459,1,0.18052953481674194,1.0,0.0,248.904541015625,6606,7,0.0
1790090711.1711595,1,0.18135318160057068,1.0,0.0,249.4427947998047,6625,7,0.0
1790090711.2218268,1,0.18212835490703583,1.0,0.0,249.9739227294922,6647,7,0.0
1790090711.2727098,1,0.18310226500034332,1.0,0.0,250.24017333984375,7880,1,0.0
1790090711.323386,1,0.18387944996356964,1.0,0.0,249.89479064941406,9254,1,0.0
1790090711.3744092,1,0.1847037971019745,1.0,0.0,249.54608154296875,9149,6,0.0
1790090711.425067,1,0.18548230826854706,1.0,0.0,250.20785522460938,8231,6,0.0
1790090711.475745,1,0.18630889058113098,1.0,0.0,250.8242950439453,8180,6,0.0
1790090711.526916,1,0.1870911419391632,1.0,0.0,251.40245056152344,8204,6,0.0
1790090711.577657,1,0.1879228949546814,1.0,0.0,252.03915405273438,8214,6,0.0
1790090711.628463,1,0.18885520100593567,1.0,0.0,252.66368103027344,8241,6,0.0
1790090711.6791737,1,0.1896916776895523,1.0,0.0,253.2764129638672,8277,6,0.0
1790090711.730088,1,0.19048242270946503,1.0,0.0,253.8781280517578,8315,6,0.0
1790090711.7806752,1,0.19132287800312042,1.0,0.0,254.51512145996094,8311,6,0.0
1790090711.8315947,1,0.19211657345294952,1.0,0.0,255.14007568359375,8324,6,0.0
1790090711.8821795,1,0.1929628551006317,1.0,0.0,255.76187133789062,8331,6,0.0
1790090711.9331644,1,0.19390954077243805,1.0,0.0,256.3835144042969,8328,6,0.0
1790090711.9840417,1,0.19470804929733276,1.0,0.0,256.9830017089844,8341,6,0.0
1790090712.0348244,1,0.1955585479736328,1.0,0.0,257.5732421875,8368,6,0.0
1790090712.0855784,1,0.19636116921901703,1.0,0.0,258.1485595703125,8409,6,0.0
1790090712.136456,1,0.19716587662696838,1.0,0.0,258.71728515625,8447,6,0.0
1790090712.186932,1,0.19812436401844025,1.0,0.0,259.2837829589844,8474,6,-0.00419999985024333
1790090712.2381513,1,0.19898425042629242,1.0,0.0,259.8684387207031,8476,6,-0.013124995864927769
1790090712.2888935,1,0.19979263842105865,1.0,0.0,260.4588623046875,8461,6,-0.02204998955130577
1790090712.3395572,1,0.2006032019853592,1.0,0.0,260.9755554199219,8485,6,-0.03044998273253441
1790090712.3903375,1,0.20147143304347992,1.0,0.0,261.5225524902344,8493,6,-0.039375003427267075
1790090712.4410954,1,0.20243868231773376,1.0,0.0,262.02618408203125,8530,6,0.0
1790090712.491765,1,0.2032548189163208,1.0,0.0,262.5162658691406,8582,6,0.0
1790090712.5426319,1,0.20412582159042358,1.0,0.0,263.0058898925781,8604,6,0.0
1790090712.5935898,1,0.2049454003572464,1.0,0.0,263.5355529785156,8579,6,-0.0031500000040978193
1790090712.6444287,1,0.20582103729248047,1.0,0.0,264.0232238769531,8594,6,-0.012074996717274189
1790090712.6952791,1,0.20679931342601776,1.0,0.0,264.5169372558594,8611,6,-0.02099999040365219
1790090712.745917,1,0.2076229304075241,1.0,0.0,264.99365234375,8631,1,0.0
1790090712.7966661,1,0.20850086212158203,1.0,0.0,264.6239318847656,9243,7,0.0
1790090712.8472133,1,0.20932607352733612,1.0,0.0,265.10003662109375,7036,7,0.0
1790090712.898196,1,0.21020345389842987,1.0,0.0,265.52862548828125,7024,7,0.0
1790090712.949099,1,0.21103256940841675,1.0,0.0,265.9385986328125,7025,7,0.0
1790090712.9999008,1,0.21191060543060303,1.0,0.0,266.3677062988281,7036,7,-0.002099999925121665
1790090713.050876,1,0.21289636194705963,1.0,0.0,266.7989196777344,7065,7,-0.01102499756962061
1790090713.101667,1,0.21372921764850616,1.0,0.0,267.2001953125,7083,7,-0.01942499168217182
1790090713.15261,1,0.2146141678094864,1.0,0.0,267.6064758300781,7115,7,-0.02834998443722725
1790090713.2035127,1,0.2154456079006195,1.0,0.0,267.9727478027344,7159,7,-0.03727499768137932
1790090713.2543933,1,0.21633240580558777,1.0,0.0,268.3715515136719,7132,7,-0.04620002210140228
1790090713.3052733,1,0.21732454001903534,1.0,0.0,268.71856689453125,7128,7,-0.05512504652142525
1790090713.356453,1,0.21816112101078033,1.0,0.0,269.0174255371094,7154,7,-0.06405006349086761
1790090713.407209,1,0.21905025839805603,1.0,0.0,269.2752685546875,7192,7,-0.0729750245809555
1790090713.457965,1,0.21988818049430847,1.0,0.0,269.5306396484375,7188,7,0.0
1790090713.5084558,1,0.22077937424182892,1.0,0.0,269.7838134765625,7181,7,0.0
1790090713.5591083,1,0.221671000123024,1.0,0.0,270.0079650878906,7183,7,-0.005249999929219484
1790090713.6098123,1,0.22251062095165253,1.0,0.0,270.22662353515625,7170,7,-0.014174995012581348
1790090713.661063,1,0.2234049290418625,1.0,0.0,270.45892333984375,7175,7,-0.02309998869895935
1790090713.7119424,1,0.22445590794086456,1.0,0.0,270.71856689453125,7197,7,-0.03202498331665993
1790090713.7625263,1,0.22529807686805725,1.0,0.0,270.99322509765625,7217,7,-0.04095000773668289
1790090713.8134406,1,0.2261943519115448,1.0,0.0,271.2886047363281,7194,7,-0.049875032156705856
1790090713.8640115,1,0.22709091007709503,1.0,0.0,271.54254150390625,7207,7,-0.038850054144859314
1790090713.9149349,1,0.22798855602741241,1.0,0.0,271.8140869140625,7216,7,0.0
1790090713.9656687,1,0.2288867086172104,1.0,0.0,272.08758544921875,7227,7,-0.005249999929219484
1790090714.0166874,1,0.22973261773586273,1.0,0.0,272.39068603515625,7226,7,-0.014174995012581348
1790090714.0676126,1,0.23063385486602783,1.0,0.0,272.6877136230469,7229,7,-0.02309998869895935
1790090714.11847,1,0.23153433203697205,1.0,0.0,272.98956298828125,7241,7,-0.03202498331665993
1790090714.1693697,1,0.23243683576583862,1.0,0.0,273.2619934082031,7257,7,-0.04095000773668289
1790090714.2200427,1,0.23339402675628662,1.0,0.0,273.53656005859375,7267,7,-0.049875032156705856
1790090714.2707667,1,0.23424547910690308,1.0,0.0,273.7908630371094,7259,7,-0.05880005657672882
1790090714.3216796,1,0.23514968156814575,1.0,0.0,273.9859924316406,7285,7,-0.0677250474691391
1790090714.3724391,1,0.23605473339557648,1.0,0.0,274.16033935546875,7288,7,-0.0803932324051857
1790090714.4234767,1,0.2369076907634735,1.0,0.0,274.28765869140625,7305,7,-0.08035686612129211
1790090714.474214,1,0.23792093992233276,1.0,0.0,274.3648986816406,7309,7,-0.004743542522192001
1790090714.5249977,1,0.23877418041229248,1.0,0.0,274.47296142578125,7309,7,0.0
1790090714.5760612,1,0.23968155682086945,1.0,0.0,274.5789794921875,7313,7,0.0
1790090714.6269045,1,0.2405356615781784,1.0,0.0,274.70440673828125,7321,7,0.0
1790090714.6776094,1,0.2414971888065338,1.0,0.0,274.8656311035156,7338,7,0.0
1790090714.7286017,1,0.24240517616271973,1.0,0.0,275.0683288574219,7341,7,0.0
1790090714.779156,1,0.24331466853618622,1.0,0.0,275.3008117675781,7336,7,0.0
1790090714.8300238,1,0.24417220056056976,1.0,0.0,275.56890869140625,7294,7,0.0
1790090714.8809888,1,0.24502961337566376,1.0,0.0,275.8106689453125,7288,7,0.0
1790090714.9317327,1,0.24604882299900055,1.0,0.0,276.09600830078125,7291,7,0.0031500000040978193
1790090714.9822888,1,0.24690774083137512,0.0,0.0,276.1279602050781,7209,7,0.0
1790090715.0329113,1,0.24776557087898254,0.0,0.0,275.63330078125,7177,7,0.0
1790090715.0836508,1,0.24878127872943878,0.0,0.9547265768051147,273.87139892578125,6949,7,0.0
1790090715.1341946,1,0.24963095784187317,0.0,1.0,270.5892028808594,6802,7,0.0
1790090715.1848567,1,0.250469833612442,0.0,1.0,266.92218017578125,6811,7,0.0
1790090715.2354424,1,0.25144967436790466,0.0,1.0,263.46295166015625,6757,7,0.0
1790090715.2859652,1,0.2522667348384857,0.0,0.6283994317054749,260.6844787597656,6717,7,0.0
1790090715.336815,1,0.2530761659145355,0.0,0.9219487309455872,258.5785827636719,6606,7,0.0
1790090715.3878152,1,0.2538774907588959,0.0,1.0,255.54481506347656,6501,7,0.00419999985024333
1790090715.4385521,1,0.2548166513442993,0.0,1.0,252.18045043945312,6440,7,0.012599996291100979
1790090715.4891393,1,0.2556442618370056,0.0,1.0,248.62527465820312,6336,7,0.02152498997747898
1790090715.540011,1,0.25641196966171265,0.0,1.0,245.34490966796875,6273,7,0.0
1790090715.5907571,1,0.2571740746498108,0.5399999618530273,0.8526549339294434,242.514892578125,6338,1,0.0
1790090715.6415644,1,0.25801971554756165,0.0,0.9259461164474487,239.8898162841797,6739,1,0.0
1790090715.6923745,1,0.25876569747924805,0.0,1.0,237.0105438232422,6459,6,0.0
1790090715.7430267,1,0.2595430314540863,0.0,1.0,233.71160888671875,7183,6,0.0
1790090715.793952,1,0.26040297746658325,0.0,1.0,230.34934997558594,7038,6,0.0
1790090715.8445427,1,0.2611163854598999,0.0,1.0,226.90487670898438,6993,6,0.0
1790090715.8951797,1,0.2618144452571869,0.0,1.0,223.81129455566406,6951,6,0.0
1790090715.9458122,1,0.26255157589912415,0.0,0.9432697296142578,220.8555908203125,6831,6,0.0005249999812804163
1790090715.996517,1,0.2632383108139038,0.0,1.0,217.95924377441406,6756,6,0.00892499927431345
1790090716.047123,1,0.26403406262397766,0.0,1.0,214.7166748046875,6680,6,0.017849992960691452
1790090716.0980742,1,0.26470038294792175,0.0,1.0,211.4365997314453,6575,6,0.02678261138498783
1790090716.148849,1,0.26535195112228394,0.0,0.8887658715248108,208.291015625,6464,6,0.03597429394721985
1790090716.1996322,1,0.2660368084907532,0.0,0.531977653503418,205.29998779296875,6408,6,0.0
1790090716.2503028,1,0.26679080724716187,0.5399999618530273,1.0,202.259033203125,6480,1,0.0
1790090716.3009133,1,0.2674151659011841,0.0,1.0,199.17665100097656,6878,1,0.0
1790090716.3516452,1,0.2680312991142273,0.0,0.8252425193786621,196.23822021484375,6590,5,0.0
1790090716.4022467,1,0.2686368525028229,0.0,0.7676806449890137,193.20689392089844,7437,5,0.0
1790090716.4530437,1,0.2693447172641754,0.0,0.5666383504867554,190.4593963623047,7367,5,0.0
1790090716.5037353,1,0.2699340283870697,0.0,1.0,187.83311462402344,7209,5,0.0
1790090716.5544243,1,0.27055296301841736,0.0,1.0,185.26971435546875,7094,5,0.0
1790090716.605028,1,0.27112188935279846,0.0,0.9610918164253235,182.31484985351562,7041,5,0.0
1790090716.655715,1,0.2717893421649933,0.0,0.8530274033546448,179.20469665527344,6960,5,0.0
1790090716.7064118,1,0.27234166860580444,0.0,1.0,176.1140899658203,6881,5,0.0
1790090716.7572618,1,0.2729201316833496,0.0,0.8978191614151001,173.23629760742188,6754,5,0.0008684740751050413
1790090716.8081093,1,0.27345314621925354,0.0,0.5676355957984924,170.50523376464844,6586,5,0.0159059539437294
1790090716.8586867,1,0.27407944202423096,0.0,1.0,167.7487030029297,6484,5,0.0
1790090716.9095836,1,0.27459442615509033,0.0,0.6722002625465393,164.83518981933594,7151,1,0.0
1790090716.9602444,1,0.27510470151901245,0.0,1.0,162.02410888671875,6847,1,0.0
1790090717.0110116,1,0.2756035625934601,0.0,1.0,158.96066284179688,7203,4,0.01130407489836216
1790090717.0617945,1,0.2761842608451843,0.0,1.0,155.8350372314453,7324,4,0.029358770698308945
1790090717.1123598,1,0.27669480443000793,0.0,1.0,152.87948608398438,7391,4,0.04701514169573784
1790090717.1631694,1,0.27716636657714844,0.0,1.0,149.90589904785156,7364,4,0.0664653331041336
1790090717.2137024,1,0.2776273190975189,0.0,0.6535550951957703,147.1577911376953,7211,4,0.08660931885242462
1790090717.264573,1,0.27816590666770935,0.0,0.789756715297699,144.6387481689453,7094,4,0.10741861909627914
1790090717.3154268,1,0.2786105275154114,0.0,0.9351598024368286,142.17129516601562,6994,4,0.1288842260837555
1790090717.3663795,1,0.27907872200012207,0.0,1.0,139.8947296142578,6868,4,0.15377482771873474
1790090717.4170501,1,0.27950990200042725,0.0,0.9681806564331055,137.57138061523438,6666,4,0.15624266862869263
1790090717.46755,1,0.27993378043174744,0.0,1.0,135.14401245117188,6560,4,0.15890704095363617
1790090717.518289,1,0.28045448660850525,0.0,0.9747359752655029,132.64793395996094,6433,4,0.16174329817295074
1790090717.5691154,1,0.28086185455322266,0.0,0.966975748538971,130.09750366210938,6297,4,0.16474784910678864
1790090717.6198788,1,0.2812860608100891,0.0,1.0,127.58514404296875,6172,4,0.16781869530677795
1790090717.6704054,1,0.2817021608352661,0.0,0.9094324707984924,125.32194519042969,6042,4,0.17068468034267426
1790090717.7214894,1,0.2820851504802704,0.0,0.8558008670806885,123.05020904541016,5986,4,0.17366164922714233
1790090717.772264,1,0.2824852168560028,0.0,0.8188541531562805,120.96257019042969,5889,4,0.1764904260635376
1790090717.823204,1,0.282879114151001,0.4049999713897705,0.8433590531349182,118.87238311767578,5856,1,0.1794165074825287
1790090717.873787,1,0.28324633836746216,0.0,0.8044087886810303,116.89923858642578,6343,1,0.18226918578147888
1790090717.924757,1,0.28362947702407837,0.0,0.8742313981056213,114.95054626464844,6079,3,0.18517695367336273
1790090717.975605,1,0.2840070426464081,0.0,0.9103278517723083,112.7022933959961,6677,3,0.18864914774894714
1790090718.026437,1,0.2843840718269348,0.0,0.9331269264221191,110.33123779296875,6712,3,0.19245493412017822
1790090718.0770292,1,0.28475499153137207,0.0,0.9372771382331848,107.94396209716797,6627,3,0.19644509255886078
1790090718.1276917,1,0.2851213216781616,0.0,0.9037192463874817,105.63761901855469,6497,3,0.20046032965183258
1790090718.1784122,1,0.2854803800582886,0.0,0.8422905802726746,103.4920883178711,6367,3,0.20434583723545074
1790090718.2290304,1,0.2858380973339081,0.0,0.8284159898757935,101.43115234375,6231,3,0.2082226574420929
1790090718.2797215,1,0.2861729860305786,0.0,0.8337600827217102,99.44448852539062,6049,3,0.21210159361362457
1790090718.3303406,1,0.28652188181877136,0.0,0.8865177631378174,97.58305358886719,5877,3,0.2158695012331009
1790090718.3811758,1,0.2868710160255432,0.0,0.9128863215446472,95.5379638671875,5726,3,0.22016657888889313
1790090718.4319563,1,0.2872143089771271,0.0,0.9375587105751038,93.47161865234375,5627,3,0.2246856391429901
1790090718.482785,1,0.2875305116176605,0.0,0.843420147895813,91.420166015625,5515,3,0.2293594628572464
1790090718.5337179,1,0.28791213035583496,0.0,0.7536343932151794,89.48346710205078,5422,3,0.2339538186788559
1790090718.584549,1,0.28820833563804626,0.0,0.8018776774406433,87.60258483886719,5300,3,0.23859545588493347
1790090718.6354458,1,0.28850892186164856,0.0,0.8077703714370728,85.76021575927734,5120,3,0.2433241754770279
1790090718.6859233,1,0.28878694772720337,0.0,0.8689181804656982,83.90565490722656,5745,1,0.24827730655670166
1790090718.7370393,1,0.2890561819076538,0.0,0.9314504265785217,81.98418426513672,5510,1,0.25362643599510193
1790090718.7877102,1,0.2893616259098053,0.0,0.947338342666626,79.96088409423828,5698,2,0.2595139741897583
1790090718.8383114,1,0.28962209820747375,0.0,0.9457701444625854,77.79029083251953,6092,2,0.266141802072525
1790090718.8892257,1,0.28985947370529175,0.0,1.0,75.5584487915039,6380,2,0.2733191251754761
1790090718.9398918,1,0.2900848388671875,0.0,0.9645369648933411,73.4903793334961,6230,2,0.28032422065734863
1790090718.990692,1,0.29031428694725037,0.0,0.7891085147857666,71.5290756225586,6079,2,0.28730764985084534
1790090719.0417502,1,0.2905581593513489,0.0,0.781112551689148,69.65061950683594,5897,2,0.29433032870292664
1790090719.0925698,1,0.2907557785511017,0.0,0.8320776224136353,67.84583282470703,5716,2,0.30140870809555054
1790090719.1432993,1,0.2909460663795471,0.0,0.7806545495986938,66.02606201171875,5571,2,0.3088991343975067
1790090719.1943462,1,0.2911626994609833,0.0,0.690887451171875,64.36248779296875,5447,2,0.3160799443721771
1790090719.245328,1,0.29133331775665283,0.0,0.6879085302352905,62.727989196777344,5294,2,0.32346799969673157
1790090719.296133,1,0.29150110483169556,0.0,0.7037610411643982,61.11817932128906,5126,2,0.3310900032520294
1790090719.3465886,1,0.29167404770851135,0.0,0.7010377645492554,59.57242965698242,4982,2,0.3387545943260193
1790090719.397311,1,0.2918291687965393,0.0,0.7576728463172913,57.97781753540039,4840,2,0.34704241156578064
1790090719.4483507,1,0.2920030951499939,0.0,0.7461593151092529,56.300540924072266,4703,2,0.35620906949043274
1790090719.4988809,1,0.2921399474143982,0.0,0.7706843018531799,54.6246452331543,4585,2,0.36586490273475647
1790090719.549938,1,0.29228413105010986,0.0,0.7711876034736633,52.92758560180664,4447,2,0.3761911988258362
1790090719.600943,1,0.292421817779541,0.0,0.7452324628829956,51.20353698730469,4334,2,0.3872961699962616
1790090719.6520793,1,0.292573481798172,0.0,0.7781568169593811,49.479736328125,4159,2,0.3990750312805176
1790090719.7030046,1,0.29269522428512573,0.0,0.8326236605644226,47.729644775390625,4066,2,0.41178977489471436
1790090719.753532,1,0.29281148314476013,0.0,0.0,46.03889465332031,4043,2,0.42486733198165894
1790090719.8043873,1,0.2929462790489197,0.0,0.0,44.76422882080078,4135,2,0.435289204120636
1790090719.8550768,1,0.29305851459503174,0.0,0.0,43.666080474853516,4148,2,0.4446866512298584
1790090719.9057415,1,0.2931676208972931,0.0,0.0,42.69602966308594,4101,2,0.45333200693130493
1790090719.956641,1,0.2932971715927124,0.0,0.0,41.87031555175781,4034,2,0.4609602987766266
1790090720.0074506,1,0.2934049665927887,0.0,0.0,41.054725646972656,3968,2,0.46875131130218506
1790090720.058385,1,0.2935202717781067,0.0,0.0,40.33012390136719,3901,2,0.47589752078056335
1790090720.1090415,1,0.29362860321998596,0.0,0.0,39.70659255981445,3840,2,0.48222360014915466
1790090720.159661,1,0.2937358617782593,0.0,0.0,39.15009307861328,3779,2,0.4880134165287018
1790090720.210492,1,0.29384827613830566,0.0,0.0,38.609825134277344,3725,2,0.4937689006328583
1790090720.2613688,1,0.2939470112323761,0.024000000208616257,0.0,38.11429977416992,3675,2,0.49916839599609375
1790090720.3120115,1,0.2940741777420044,0.2279999703168869,0.0,37.79975128173828,3717,2,0.5026575922966003
1790090720.362751,1,0.294171005487442,0.43199989199638367,0.0,37.88286590576172,3723,2,0.5017309188842773
1790090720.4136755,1,0.2942706346511841,0.6360001564025879,0.0,38.083251953125,3736,2,0.4995107054710388
1790090720.4646604,1,0.29438090324401855,0.840000569820404,0.0,38.35306930541992,3751,2,0.4965519905090332
1790090720.5155895,1,0.29448530077934265,0.9480007886886597,0.0,38.733306884765625,3784,2,0.4924415051937103
1790090720.5666714,1,0.2945832908153534,0.9279998540878296,0.0,39.153465270996094,3853,2,0.48797789216041565
1790090720.6174645,1,0.2947049140930176,0.9399998784065247,0.0,39.51469421386719,3921,2,0.48420456051826477
1790090720.6682365,1,0.29480984807014465,0.9519999027252197,0.0,39.908592224121094,3978,2,0.480155885219574
1790090720.7190669,1,0.2949299216270447,0.9759999513626099,0.0,40.3231315612793,4049,2,0.47596749663352966
1790090720.769523,1,0.29502445459365845,0.9639999270439148,0.0,40.73975372314453,4091,2,0.4718311131000519
1790090720.8201594,1,0.2951534688472748,0.9519999027252197,0.0,41.20989227294922,4100,2,0.4672488868236542
1790090720.87082,1,0.2952629327774048,0.9639999270439148,0.0,41.57930374145508,4195,2,0.3717403709888458
1790090720.92166,1,0.2953684329986572,0.9879999756813049,0.0,42.03781509399414,4295,2,0.21109049022197723
1790090720.9726355,1,0.29548996686935425,1.0,0.0,42.801612854003906,4248,2,0.05044043809175491
1790090721.0235705,1,0.29560330510139465,1.0,0.0,43.78060531616211,4250,2,0.0
1790090721.0747766,1,0.2957322895526886,0.9639999270439148,0.0,44.745994567871094,4520,2,0.0
1790090721.1258264,1,0.2958502173423767,1.0,0.0,46.01577377319336,4582,2,0.0
1790090721.1767886,1,0.2959919273853302,1.0,0.0,47.324127197265625,4597,2,0.0
1790090721.227301,1,0.29612067341804504,1.0,0.0,48.60149383544922,4609,2,0.0
1790090721.2780461,1,0.2962733209133148,1.0,0.0,49.73998260498047,4827,2,0.019392680376768112
1790090721.3287444,1,0.29641690850257874,1.0,0.0,50.96708297729492,4997,2,0.060188353061676025
1790090721.3794038,1,0.29656293988227844,1.0,0.0,52.090843200683594,5123,2,0.10044197738170624
1790090721.4303546,1,0.2967281937599182,1.0,0.0,53.24171829223633,5239,2,0.14017079770565033
1790090721.4810328,1,0.29688283801078796,1.0,0.0,54.261390686035156,5413,2,0.1794118881225586
1790090721.5317004,1,0.29707086086273193,1.0,0.0,55.134822845458984,5553,2,0.2159396857023239
1790090721.5823963,1,0.2972240447998047,1.0,0.0,55.90194320678711,5857,2,0.11388589441776276
1790090721.63329,1,0.2974201440811157,1.0,0.0,56.81705093383789,5762,2,0.0
1790090721.6837645,1,0.2975914776325226,1.0,0.0,57.81376647949219,5851,2,0.0
1790090721.7345235,1,0.2977655231952667,1.0,0.0,59.1979866027832,5818,2,0.0
1790090721.785169,1,0.2979678809642792,1.0,0.0,60.62238693237305,6012,2,0.0
1790090721.8362985,1,0.2981775999069214,1.0,0.0,62.06074142456055,6210,2,0.0
1790090721.8870573,1,0.2983679473400116,1.0,0.0,63.442142486572266,6461,2,0.0
1790090721.9379008,1,0.2985897660255432,1.0,0.0,64.72173309326172,6778,2,0.0
1790090721.9886038,1,0.29878005385398865,1.0,0.0,66.14344787597656,6750,2,0.0
1790090722.0395079,1,0.299013614654541,1.0,0.0,67.51869201660156,7034,2,0.0
1790090722.090026,1,0.299226850271225,1.0,0.0,68.8991928100586,7038,2,0.0
1790090722.1406262,1,0.2994728684425354,1.0,0.0,70.21727752685547,7234,2,0.0
1790090722.1911855,1,0.2996796667575836,1.0,0.0,71.73127746582031,7244,2,0.0
1790090722.2419345,1,0.29993823170661926,1.0,0.0,73.28631591796875,7476,2,0.0
1790090722.2925894,1,0.3002004027366638,1.0,0.0,74.80101776123047,7717,2,0.0
1790090722.3435004,1,0.3004245162010193,1.0,0.0,76.32762145996094,7706,2,0.0
1790090722.3943198,1,0.3006960451602936,1.0,0.0,77.80193328857422,8062,2,0.0
1790090722.4450305,1,0.30095720291137695,1.0,0.0,79.31704711914062,7908,2,0.0
1790090722.496068,1,0.30122292041778564,1.0,0.0,80.76411437988281,8271,2,0.0
1790090722.5467746,1,0.30149856209754944,1.0,0.0,82.24238586425781,8350,2,0.0
1790090722.597877,1,0.30178916454315186,1.0,0.0,83.14116668701172,8394,1,0.0
1790090722.6484833,1,0.30202099680900574,1.0,0.0,83.3685531616211,8536,3,0.0
1790090722.6990385,1,0.3023180365562439,0.8679997324943542,0.0,84.92495727539062,5996,3,0.0
1790090722.7495413,1,0.3026009798049927,1.0,0.0,86.22344207763672,6216,3,0.0
1790090722.8003075,1,0.30291035771369934,1.0,0.0,87.77729797363281,6173,3,0.0
1790090722.850934,1,0.30320650339126587,1.0,0.0,89.3270492553711,6390,3,0.0
1790090722.901844,1,0.30347129702568054,1.0,0.0,90.76204681396484,6527,3,0.010844430886209011
1790090722.952881,1,0.30377471446990967,1.0,0.0,92.16339874267578,6589,3,0.036907512694597244
1790090723.0038283,1,0.3041040301322937,1.0,0.0,93.57162475585938,6445,3,0.06258971244096756
1790090723.054625,1,0.30441415309906006,1.0,0.0,94.8143310546875,6749,3,0.0
1790090723.1056361,1,0.3047317564487457,1.0,0.0,96.15181732177734,6959,3,0.0
1790090723.1561801,1,0.3050701916217804,1.0,0.0,97.56332397460938,6793,3,0.0
1790090723.2069929,1,0.30538028478622437,1.0,0.0,98.91381072998047,6909,3,0.0
1790090723.2576869,1,0.30573150515556335,1.0,0.0,100.3353500366211,7216,3,0.0
1790090723.3083036,1,0.30600494146347046,1.0,0.0,101.89531707763672,7217,3,0.0
1790090723.3589606,1,0.30634763836860657,1.0,0.0,103.4266586303711,7420,3,0.0
1790090723.4098098,1,0.30668920278549194,1.0,0.0,104.96549224853516,7395,3,0.0
1790090723.4609053,1,0.3070378303527832,1.0,0.0,106.51493835449219,7567,3,0.0
1790090723.5116782,1,0.3073987662792206,1.0,0.0,108.07807159423828,7630,3,0.0
1790090723.5625763,1,0.30775144696235657,1.0,0.0,109.66754913330078,7763,3,0.0
1790090723.6136534,1,0.3081207573413849,1.0,0.0,111.17687225341797,7955,3,0.0
1790090723.6643481,1,0.30849185585975647,1.0,0.0,112.63390350341797,7976,3,0.0
1790090723.7152586,1,0.3088672161102295,1.0,0.0,114.0949478149414,8162,3,0.0
1790090723.7657673,1,0.3092918395996094,1.0,0.0,115.60164642333984,8301,3,0.0
1790090723.816895,1,0.30967557430267334,1.0,0.0,117.12139892578125,8319,3,0.0
1790090723.8676243,1,0.31007272005081177,1.0,0.0,118.59920501708984,8372,3,0.0
1790090723.9184964,1,0.3104437291622162,1.0,0.0,120.05319213867188,8519,3,0.0
1790090723.9689806,1,0.3108444809913635,1.0,0.0,121.52183532714844,8639,3,0.0
1790090724.0198083,1,0.3112475275993347,1.0,0.0,123.01168823242188,8719,3,0.0
1790090724.0704985,1,0.31165844202041626,1.0,0.0,124.57861328125,8906,3,0.0
1790090724.1210105,1,0.312075138092041,1.0,0.0,126.21389770507812,9012,1,0.0
1790090724.171606,1,0.3124982714653015,1.0,0.0,126.29752349853516,9281,4,0.0
1790090724.2221825,1,0.3129206597805023,1.0,0.0,127.27235412597656,6707,4,0.0
1790090724.2731347,1,0.31334441900253296,1.0,0.0,128.59841918945312,6872,4,0.0
1790090724.3239632,1,0.31374698877334595,1.0,0.0,130.06224060058594,6987,4,0.0
1790090724.3749075,1,0.3141821622848511,1.0,0.0,131.60360717773438,7055,4,0.0
1790090724.425515,1,0.31462085247039795,1.0,0.0,133.16957092285156,7123,4,0.0
1790090724.4765005,1,0.3150654733181,1.0,0.0,134.70135498046875,7212,4,0.0
1790090724.5269735,1,0.31551679968833923,1.0,0.0,136.23846435546875,7283,4,0.0
1790090724.5776083,1,0.31597021222114563,1.0,0.0,137.78355407714844,7347,4,0.0
1790090724.6283448,1,0.31643304228782654,1.0,0.0,139.30758666992188,7425,4,0.0
1790090724.6790879,1,0.31689774990081787,1.0,0.0,140.80758666992188,7516,4,0.0
1790090724.7299578,1,0.3173667788505554,1.0,0.0,142.248046875,7662,4,0.0
1790090724.7805214,1,0.3178401589393616,1.0,0.0,143.38536071777344,7650,4,0.0
1790090724.8309305,1,0.3183189928531647,1.0,0.0,144.83224487304688,7719,4,0.0
1790090724.88155,1,0.3187755346298218,1.0,0.0,146.37147521972656,7740,4,0.0
1790090724.9324749,1,0.31926578283309937,1.0,0.0,147.8824920654297,7786,4,0.0
1790090724.9833906,1,0.31975629925727844,1.0,0.0,149.3749237060547,7856,4,0.0
1790090725.0343115,1,0.3202618658542633,1.0,0.0,150.8004913330078,7981,4,0.0
1790090725.0851703,1,0.3207632303237915,1.0,0.0,152.1597137451172,8134,4,0.011370278894901276
1790090725.1363318,1,0.32127341628074646,1.0,0.0,153.5201416015625,8259,4,0.03044215217232704
1790090725.1874518,1,0.3217858672142029,1.0,0.0,154.76197814941406,8313,4,0.0
1790090725.2380948,1,0.3223080635070801,1.0,0.0,156.04591369628906,8321,4,0.0
1790090725.2887332,1,0.3228289484977722,1.0,0.0,157.49765014648438,8327,4,0.0
1790090725.3395467,1,0.3233512043952942,1.0,0.0,158.9215850830078,8375,4,0.0
1790090725.3902903,1,0.3238225281238556,1.0,0.0,160.2809295654297,8478,4,0.0
1790090725.4409282,1,0.3243512809276581,1.0,0.0,161.60704040527344,8576,4,0.0
1790090725.4917839,1,0.3249213695526123,1.0,0.0,162.890869140625,8633,4,0.0
1790090725.5422041,1,0.3254629373550415,1.0,0.0,164.21771240234375,8716,4,0.0
1790090725.5929174,1,0.3260088264942169,1.0,0.0,165.54917907714844,8788,4,0.0
1790090725.6435657,1,0.3265915811061859,1.0,0.0,166.19125366210938,8591,1,0.0
1790090725.6945143,1,0.32714197039604187,1.0,0.0,166.5662384033203,8199,5,0.0
1790090725.7453141,1,0.3276301920413971,1.0,0.0,167.74176025390625,6988,5,0.0
1790090725.7969325,1,0.3281867504119873,1.0,0.0,168.90960693359375,7040,5,0.0
1790090725.8478003,1,0.32874900102615356,1.0,0.0,170.13592529296875,7068,5,0.012722569517791271
1790090725.898593,1,0.32931214570999146,1.0,0.0,171.35400390625,7110,5,0.027956202626228333
1790090725.949321,1,0.32988277077674866,1.0,0.0,172.5445098876953,7179,5,0.04295636713504791
1790090726.0000074,1,0.33045363426208496,1.0,0.0,173.73101806640625,7228,5,0.006159789860248566
1790090726.0506396,1,0.3310302197933197,1.0,0.0,174.92771911621094,7278,5,0.0
1790090726.1013105,1,0.3316129148006439,1.0,0.0,176.0916290283203,7342,5,0.0
1790090726.1521604,1,0.3322318494319916,1.0,0.0,177.29592895507812,7361,5,0.0
1790090726.2032292,1,0.3328193128108978,1.0,0.0,178.48561096191406,7398,5,0.0024385545402765274
1790090726.2540705,1,0.3334120512008667,1.0,0.0,179.6737060546875,7429,5,0.016134677454829216
1790090726.3048024,1,0.33400845527648926,1.0,0.0,180.83383178710938,7489,5,0.029624806717038155
1790090726.3554602,1,0.33460739254951477,1.0,0.0,181.90786743164062,7552,5,0.04214083030819893
1790090726.406274,1,0.3352126479148865,1.0,0.0,183.02392578125,7628,5,0.055253684520721436
1790090726.4571896,1,0.33581748604774475,1.0,0.0,184.14393615722656,7692,5,0.0
1790090726.5077431,1,0.3363568186759949,1.0,0.0,185.2561492919922,7766,5,0.0
1790090726.558327,1,0.3370412290096283,1.0,0.0,186.42454528808594,7777,5,0.0
1790090726.6088948,1,0.3375881612300873,1.0,0.0,187.5500946044922,7829,5,0.0
1790090726.659513,1,0.338207870721817,1.0,0.0,188.71011352539062,7837,5,0.0
1790090726.7101655,1,0.33883601427078247,1.0,0.0,189.8848876953125,7848,5,0.0
1790090726.7607412,1,0.33946493268013,1.0,0.0,191.02001953125,7896,5,0.0
1790090726.8112729,1,0.3400977849960327,1.0,0.0,192.0903778076172,7950,5,0.0
1790090726.8621197,1,0.34073320031166077,1.0,0.0,193.22711181640625,7986,5,0.004712419584393501
1790090726.9127805,1,0.3413752615451813,1.0,0.0,194.39114379882812,8001,5,0.016034681349992752
1790090726.9637578,1,0.34202057123184204,1.0,0.0,195.52427673339844,8048,5,0.0
1790090727.0142558,1,0.3426686227321625,1.0,0.0,196.63465881347656,8114,5,0.0
1790090727.0650604,1,0.34332019090652466,1.0,0.0,197.7109375,8191,5,0.0
1790090727.1159391,1,0.3439759612083435,1.0,0.0,198.8255615234375,8219,5,0.0
1790090727.1668005,1,0.3446349501609802,1.0,0.0,199.95526123046875,8235,5,0.0
1790090727.21736,1,0.345297247171402,1.0,0.0,201.05226135253906,8280,5,0.0036450426559895277
1790090727.2679598,1,0.3459644913673401,1.0,0.0,202.13734436035156,8326,5,0.013873579911887646
1790090727.3188367,1,0.3466353416442871,1.0,0.0,203.22178649902344,8365,5,0.023958107456564903
1790090727.370005,1,0.34730851650238037,1.0,0.0,204.2604522705078,8427,5,0.03390322998166084
1790090727.420685,1,0.3479059338569641,1.0,0.0,205.3291473388672,8440,5,0.0
1790090727.4717107,1,0.3485848903656006,1.0,0.0,206.30242919921875,8489,5,0.0
1790090727.522722,1,0.34926876425743103,1.0,0.0,207.40219116210938,8531,5,0.0
1790090727.57333,1,0.3499964475631714,1.0,0.0,208.35011291503906,8587,5,0.0
1790090727.6243167,1,0.3506876528263092,1.0,0.0,209.37841796875,8614,5,0.0
1790090727.6750164,1,0.3513796925544739,1.0,0.0,210.4090576171875,8637,5,0.007003374397754669
1790090727.7257583,1,0.3520774245262146,1.0,0.0,211.42051696777344,8685,5,0.016052983701229095
1790090727.7767339,1,0.3527783453464508,1.0,0.0,212.41078186035156,8736,5,0.0
1790090727.8276548,1,0.35348081588745117,1.0,0.0,213.41302490234375,8772,5,0.0
1790090727.8785505,1,0.35418885946273804,1.0,0.0,214.4098358154297,8804,5,0.0
1790090727.9294167,1,0.35489994287490845,1.0,0.0,215.41534423828125,8827,5,0.0
1790090727.9802108,1,0.35561296343803406,1.0,0.0,216.38687133789062,8886,5,0.0
1790090728.030911,1,0.3563290238380432,1.0,0.0,217.35072326660156,8926,5,0.0
1790090728.0817451,1,0.3570505678653717,1.0,0.0,218.33444213867188,8952,5,0.0
1790090728.132682,1,0.3577726483345032,1.0,0.0,219.29412841796875,8994,5,0.0
1790090728.1836782,1,0.3584994673728943,1.0,0.0,219.89166259765625,8852,1,0.0
1790090728.2344506,1,0.3592253625392914,1.0,0.0,219.89247131347656,8694,6,0.0
1790090728.285111,1,0.3599546253681183,1.0,0.0,220.99444580078125,7256,6,0.0
1790090728.3359072,1,0.36068615317344666,1.0,0.0,221.860107421875,7272,6,0.0
1790090728.3865898,1,0.3614213764667511,1.0,0.0,222.6870574951172,7280,6,0.0
1790090728.4375236,1,0.3621586859226227,1.0,0.0,223.5527801513672,7307,6,0.0
1790090728.4885836,1,0.36289888620376587,1.0,0.0,224.4199981689453,7324,6,0.0
1790090728.539383,1,0.3636421263217926,1.0,0.0,225.27374267578125,7355,6,0.006825000047683716
1790090728.5906258,1,0.36438801884651184,1.0,0.0,226.11431884765625,7389,6,0.015749994665384293
1790090728.6416514,1,0.3650926947593689,1.0,0.0,226.95542907714844,7415,6,0.0
1790090728.692219,1,0.365845263004303,1.0,0.0,227.79054260253906,7440,6,0.0
1790090728.7427309,1,0.36659830808639526,1.0,0.0,228.6201629638672,7469,6,0.0
1790090728.7936485,1,0.3673098087310791,1.0,0.0,229.43861389160156,7503,6,0.0
1790090728.8443103,1,0.3680700659751892,1.0,0.0,230.26092529296875,7528,6,0.0
1790090728.8951693,1,0.36883118748664856,1.0,0.0,231.07101440429688,7562,6,0.0
1790090728.9461281,1,0.3696862757205963,1.0,0.0,231.884765625,7584,6,0.0
1790090728.9970956,1,0.37045255303382874,1.0,0.0,232.70242309570312,7610,6,0.0
1790090729.0478194,1,0.3712236285209656,1.0,0.0,233.4937744140625,7652,6,0.0
1790090729.0986035,1,0.3719523847103119,1.0,0.0,234.3098907470703,7660,6,0.0
1790090729.1492763,1,0.37272751331329346,1.0,0.0,235.12167358398438,7671,6,0.0
1790090729.200085,1,0.3735078275203705,1.0,0.0,235.9196319580078,7695,6,0.0
1790090729.2509687,1,0.37428948283195496,1.0,0.0,236.70848083496094,7723,6,0.0
1790090729.302051,1,0.37507569789886475,1.0,0.0,237.49282836914062,7749,6,0.0
1790090729.3528187,1,0.3758142590522766,1.0,0.0,238.27532958984375,7770,6,0.0
1790090729.4033105,1,0.3766028881072998,1.0,0.0,239.0062713623047,7794,6,0.0
1790090729.4539223,1,0.3773941397666931,1.0,0.0,239.77432250976562,7827,6,0.0
1790090729.5047283,1,0.3781859278678894,1.0,0.0,240.53196716308594,7864,6,0.0
1790090729.5555422,1,0.3789357542991638,1.0,0.0,241.288818359375,7897,6,0.0
1790090729.6059744,1,0.3797360062599182,1.0,0.0,242.0650634765625,7903,6,0.0
1790090729.6565323,1,0.38053661584854126,1.0,0.0,242.83013916015625,7923,6,0.0
1790090729.7073162,1,0.3813406825065613,1.0,0.0,243.59130859375,7940,6,0.0
1790090729.7581174,1,0.3821450471878052,1.0,0.0,244.336669921875,7970,6,0.0
1790090729.8088334,1,0.38295653462409973,1.0,0.0,245.0847930908203,7993,6,0.0
1790090729.8595083,1,0.38371899724006653,1.0,0.0,245.78250122070312,8016,6,0.0
1790090729.9099765,1,0.38453152775764465,1.0,0.0,246.5269012451172,8039,6,0.0
1790090729.9607203,1,0.3853473663330078,1.0,0.0,247.2124786376953,8118,6,0.0
1790090730.011645,1,0.38616523146629333,1.0,0.0,247.94065856933594,8137,6,0.0
1790090730.0621219,1,0.38698554039001465,1.0,0.0,248.71153259277344,8106,6,0.0
1790090730.112633,1,0.38780778646469116,1.0,0.0,249.44122314453125,8121,6,0.0
1790090730.1631553,1,0.38863471150398254,1.0,0.0,250.16995239257812,8147,6,0.0
1790090730.2139485,1,0.38946229219436646,1.0,0.0,250.8675994873047,8199,6,0.0036750000435858965
1790090730.2646785,1,0.3902917206287384,1.0,0.0,251.5160675048828,8241,6,0.012074996717274189
1790090730.315726,1,0.39112362265586853,1.0,0.0,252.21835327148438,8258,6,0.02099999040365219
1790090730.3666146,1,0.3920084834098816,1.0,0.0,252.9729461669922,8231,6,0.0
1790090730.4175491,1,0.3927443027496338,1.0,0.0,253.6548309326172,8276,6,0.0
1790090730.468015,1,0.3935844600200653,1.0,0.0,254.33827209472656,8322,6,0.0
1790090730.5190797,1,0.39442670345306396,1.0,0.0,255.02903747558594,8343,6,0.0
1790090730.5697465,1,0.395318865776062,1.0,0.0,255.736328125,8348,6,0.0
1790090730.620306,1,0.3961653709411621,1.0,0.0,256.438720703125,8364,6,0.0
1790090730.6708515,1,0.3970143496990204,1.0,0.0,257.1369323730469,8379,6,0.0
1790090730.7215118,1,0.39786332845687866,1.0,0.0,257.8318786621094,8398,6,0.0
1790090730.7726324,1,0.3987177610397339,1.0,0.0,258.4996643066406,8443,6,0.0
1790090730.8235734,1,0.39957326650619507,1.0,0.0,259.1416015625,8503,6,0.0
1790090730.8743598,1,0.4004313349723816,1.0,0.0,259.8367614746094,8503,6,0.0
1790090730.9249516,1,0.40129172801971436,1.0,0.0,260.5584411621094,8482,6,-0.00892499927431345
1790090730.9758823,1,0.40215373039245605,1.0,0.0,261.24072265625,8498,6,-0.017849992960691452
1790090731.0264764,1,0.4030184745788574,1.0,0.0,261.871826171875,8523,6,-0.006299987435340881
1790090731.0774307,1,0.4038865268230438,1.0,0.0,262.5235900878906,8561,6,0.0
1790090731.1281643,1,0.4047555923461914,1.0,0.0,263.1805419921875,8588,6,0.0
1790090731.1786754,1,0.4056287109851837,1.0,0.0,263.84417724609375,8603,6,-0.0015749998856335878
1790090731.2296333,1,0.40650275349617004,1.0,0.0,264.49786376953125,8633,6,-0.01049999799579382
1790090731.2803357,1,0.40737688541412354,1.0,0.0,265.1390380859375,8664,6,-0.01942499168217182
1790090731.3315585,1,0.40809932351112366,1.0,0.0,265.8038330078125,8661,6,0.0
1790090731.3826997,1,0.40913519263267517,1.0,0.0,266.4653015136719,8667,6,0.0
1790090731.433254,1,0.40991342067718506,1.0,0.0,267.1133728027344,8685,6,0.0
1790090731.484022,1,0.4107963442802429,1.0,0.0,267.7545471191406,8716,6,0.0
1790090731.534817,1,0.41168293356895447,1.0,0.0,268.3773498535156,8744,6,-0.00892499927431345
1790090731.5857267,1,0.412570983171463,1.0,0.0,269.02093505859375,8758,6,-0.017849992960691452
1790090731.6366563,1,0.41346028447151184,1.0,0.0,269.6498718261719,8792,6,-0.02677498571574688
1790090731.6871524,1,0.4143543243408203,1.0,0.0,269.9893798828125,8675,1,-0.005774989724159241
1790090731.7378309,1,0.4152469336986542,1.0,0.0,269.821533203125,8698,7,0.0
1790090731.7885633,1,0.4161386489868164,1.0,0.0,270.5458068847656,7179,7,0.0
1790090731.8395834,1,0.41708943247795105,1.0,0.0,271.0830078125,7202,7,0.0
1790090731.8904219,1,0.4179874360561371,1.0,0.0,271.6202087402344,7237,7,-0.00787500012665987
1790090731.941356,1,0.41888555884361267,1.0,0.0,272.1860656738281,7237,7,-0.016799993813037872
1790090731.992029,1,0.4196813404560089,1.0,0.0,272.7519226074219,7233,7,-0.0257249865680933
1790090732.042679,1,0.4205845892429352,1.0,0.0,273.29046630859375,7254,7,-0.03464999049901962
1790090732.0937116,1,0.4214886426925659,1.0,0.0,273.8241271972656,7270,7,0.0
1790090732.1443613,1,0.4223942458629608,1.0,0.0,274.36346435546875,7276,7,0.0
1790090732.1949685,1,0.4233568012714386,1.0,0.0,274.8954162597656,7298,7,-0.0036750000435858965
1790090732.2460036,1,0.4242667853832245,0.0,0.0,275.1921081542969,7181,7,-0.012599996291100979
1790090732.2968478,1,0.4250693619251251,0.0,0.0,274.8869323730469,7158,7,-0.011549990624189377
1790090732.3476436,1,0.4260309934616089,0.0,0.9211358428001404,273.9930419921875,6989,7,0.0
1790090732.3984156,1,0.4269329607486725,0.0,0.9551756381988525,271.30029296875,6860,7,0.0
1790090732.4490724,1,0.42782679200172424,0.0,0.8263723850250244,268.8792724609375,6689,7,0.0
1790090732.4997816,1,0.4287641942501068,0.0,0.6895212531089783,266.713134765625,6536,7,0.0
1790090732.5503201,1,0.4296417236328125,0.8999999761581421,1.0,264.1228942871094,6937,1,0.0
1790090732.6007912,1,0.4303562641143799,0.0,1.0,260.9093933105469,6931,1,0.0
1790090732.6514773,1,0.43126532435417175,0.0,1.0,257.8813171386719,6814,6,0.0
1790090732.7022088,1,0.43211308121681213,0.0,0.9856811165809631,254.5730438232422,7911,6,0.0
1790090732.7528863,1,0.43299898505210876,0.0,0.9556209444999695,251.81594848632812,7745,6,0.0
1790090732.8037755,1,0.4338265061378479,0.0,1.0,249.06686401367188,7559,6,-0.00419999985024333
1790090732.8545353,1,0.4346451163291931,0.0,0.9659643173217773,246.22093200683594,7357,6,-0.013124995864927769
1790090732.9051318,1,0.4354536235332489,0.0,1.0,243.202392578125,7252,6,-0.02204998955130577
1790090732.956221,1,0.436297744512558,0.0,1.0,240.01344299316406,7268,6,-0.0309749823063612
1790090733.0069575,1,0.43699195981025696,0.0,1.0,236.91513061523438,7253,6,-0.039900004863739014
1790090733.0576813,1,0.4378165602684021,0.0,1.0,234.06195068359375,7210,6,0.0
1790090733.1086433,1,0.43858394026756287,0.0,1.0,231.08175659179688,7257,6,0.0
1790090733.1593168,1,0.43925362825393677,0.0,1.0,228.42518615722656,7134,1,0.0
1790090733.2100484,1,0.4400482475757599,0.0,1.0,225.80459594726562,7689,1,0.0
1790090733.2608407,1,0.4408317506313324,0.0,1.0,223.01800537109375,7359,5,0.0
1790090733.311782,1,0.4414794147014618,0.0,1.0,219.8966064453125,8047,5,0.0
1790090733.3623378,1,0.44223958253860474,0.0,1.0,216.5802459716797,8188,5,0.0
1790090733.413108,1,0.44290992617607117,0.0,1.0,213.47683715820312,8186,5,0.0
1790090733.463951,1,0.4436531066894531,0.0,0.9828710556030273,210.6374969482422,8051,5,0.0
1790090733.5145638,1,0.4442629814147949,0.0,0.9919052720069885,207.9419708251953,7905,5,0.0
1790090733.5655663,1,0.44498875737190247,0.0,1.0,205.05259704589844,7773,5,-0.009603360667824745
1790090733.616665,1,0.44570037722587585,0.0,1.0,201.92800903320312,7723,5,-0.019596286118030548
1790090733.6675568,1,0.4462861120700836,0.0,1.0,198.82687377929688,7616,5,-0.03000967763364315
1790090733.7185297,1,0.44697582721710205,0.0,1.0,195.93045043945312,7483,5,0.0
1790090733.7690957,1,0.4476564824581146,0.0,1.0,193.12701416015625,7373,5,0.0
1790090733.8198917,1,0.44821715354919434,0.0,1.0,190.291015625,7242,5,0.0
1790090733.8707893,1,0.44887861609458923,0.0,1.0,187.54638671875,7851,1,0.0
1790090733.9216611,1,0.4494597613811493,0.0,1.0,184.53713989257812,7495,1,0.0
1790090733.972274,1,0.45013493299484253,0.0,1.0,181.90957641601562,7913,4,0.0
1790090734.0234988,1,0.45066145062446594,0.0,0.979017436504364,179.12527465820312,8087,4,0.0
1790090734.074198,1,0.4512835741043091,0.0,0.9512833952903748,176.4631805419922,7954,4,0.0
1790090734.1250908,1,0.4518290162086487,0.0,0.9670398831367493,173.82020568847656,7925,4,0.0
1790090734.1756694,1,0.4524340033531189,0.0,1.0,171.09498596191406,7797,4,0.0
1790090734.2265325,1,0.4529617130756378,0.0,1.0,168.2848663330078,7758,4,0.0
1790090734.277153,1,0.4534815549850464,0.0,1.0,165.53125,7587,4,0.0
1790090734.3281496,1,0.454088419675827,0.0,0.996281623840332,162.80105590820312,7373,4,0.0
1790090734.37892,1,0.4545934498310089,0.0,1.0,159.9788055419922,7378,4,0.0
1790090734.4295297,1,0.4550850987434387,0.0,1.0,157.01197814941406,7434,4,0.0
1790090734.4805677,1,0.4556583762168884,0.0,1.0,154.07920837402344,7538,4,0.018475886434316635
1790090734.5317028,1,0.45610737800598145,0.0,1.0,151.56260681152344,7508,4,0.03758770972490311
1790090734.5822637,1,0.45666399598121643,0.0,1.0,149.1946258544922,7369,4,0.05727611482143402
1790090734.6328743,1,0.45709478855133057,0.0,0.9856114983558655,146.7127227783203,7193,4,0.07756364345550537
1790090734.683542,1,0.45763418078422546,0.0,1.0,144.3640899658203,7089,4,0.0
1790090734.734203,1,0.45807918906211853,0.675000011920929,0.9604223966598511,142.02783203125,7253,1,0.0
1790090734.7847767,1,0.4585736393928528,0.0,0.8842865228652954,140.05685424804688,7502,1,0.0
1790090734.8356931,1,0.4589786231517792,0.0,0.9180731773376465,138.028076171875,7208,3,0.0
1790090734.8866863,1,0.4594583213329315,0.0,0.9569388031959534,135.57781982421875,8268,3,0.0
1790090734.937553,1,0.45987486839294434,0.0,1.0,133.00502014160156,8497,3,0.0
1790090734.9884734,1,0.46033811569213867,0.0,1.0,130.42584228515625,8327,3,0.0
1790090735.0392036,1,0.4607425630092621,0.0,1.0,127.79657745361328,8172,3,0.0
1790090735.0896418,1,0.46118637919425964,0.0,1.0,125.13652801513672,8025,3,0.0
1790090735.1406252,1,0.4615729749202728,0.0,1.0,122.48789978027344,7895,3,0.0
1790090735.1914356,1,0.461996853351593,0.0,1.0,119.8563461303711,7665,3,0.0
1790090735.2420886,1,0.46234485507011414,0.0,1.0,117.16246032714844,7414,3,-0.02720818668603897
1790090735.2927427,1,0.46277064085006714,0.0,1.0,114.51750946044922,7194,3,-0.0569995641708374
1790090735.343692,1,0.4631260633468628,0.0,0.9869593381881714,111.91393280029297,7008,3,-0.03132994472980499
1790090735.3943634,1,0.4635131061077118,0.0,0.9785224795341492,109.50607299804688,6902,3,0.0
1790090735.4451845,1,0.46384894847869873,0.0,0.9878217577934265,107.0737533569336,6946,3,0.0
1790090735.4963543,1,0.4642220437526703,0.0,1.0,104.73281860351562,6815,3,0.0
1790090735.547024,1,0.4645422399044037,0.0,0.9919989109039307,102.3211441040039,6580,3,0.0
1790090735.5977395,1,0.4648589491844177,0.0,0.983184278011322,99.81431579589844,6392,3,0.0
1790090735.6484144,1,0.4652237594127655,0.0,1.0,97.25785064697266,6189,3,0.0
1790090735.699199,1,0.4655058681964874,0.8999999761581421,0.9883209466934204,94.69807434082031,6523,1,0.0
1790090735.7503521,1,0.46585074067115784,0.0,0.9903683066368103,92.17604064941406,6535,1,0.0
1790090735.8014379,1,0.46613287925720215,0.0,0.9815003871917725,89.6784896850586,6439,2,0.0
1790090735.8521945,1,0.4664093852043152,0.0,0.0,87.68424987792969,6942,2,0.0
1790090735.903207,1,0.46671685576438904,0.0,0.0,86.55023193359375,7597,2,0.0
1790090735.9538047,1,0.46698352694511414,0.0,0.0,85.43089294433594,8124,2,0.0
1790090736.0043232,1,0.4672836363315582,0.0,0.0,85.0326156616211,8147,2,0.0
1790090736.0551534,1,0.4675488770008087,0.0,0.0,84.74889373779297,8112,2,0.0
1790090736.1060178,1,0.4678604304790497,0.0,0.0,84.47074127197266,8077,2,0.0
1790090736.156817,1,0.46811026334762573,0.0,0.0,84.18820190429688,8045,2,0.0
1790090736.2074962,1,0.4683709144592285,0.0,0.0,83.91758728027344,8021,2,0.0
1790090736.2585468,1,0.4686635136604309,0.0,0.0,83.63150024414062,7995,2,0.0
1790090736.3090482,1,0.46892616152763367,0.0,0.0,83.35179901123047,7965,2,0.0
1790090736.3597622,1,0.46921685338020325,0.0,0.0,83.0705795288086,7939,2,0.016763564199209213
1790090736.4105132,1,0.4694773852825165,0.0,0.0,82.78426361083984,7914,2,0.045330800116062164
1790090736.461048,1,0.4697692096233368,0.0,0.0,82.48937225341797,7888,2,0.07398664206266403
1790090736.5117488,1,0.47003173828125,0.0,0.0,82.19091033935547,7859,2,0.10273363441228867
1790090736.5624611,1,0.4703179895877838,0.0,0.0,81.87748718261719,7825,2,0.13157495856285095
1790090736.6131063,1,0.4705616533756256,0.0,0.0,81.53716278076172,7793,2,0.16051684319972992
1790090736.6636095,1,0.4708535671234131,0.0,0.0,81.18071746826172,7767,2,0.18785835802555084
1790090736.714449,1,0.471109539270401,0.0,0.0,80.76436614990234,7741,2,0.21702958643436432
1790090736.76514,1,0.47140058875083923,0.15600000321865082,0.0,80.36575317382812,7789,2,0.24633249640464783
1790090736.8157055,1,0.4716570973396301,0.3599999248981476,0.0,80.30101013183594,7938,2,0.2585051953792572
1790090736.8667262,1,0.4719510078430176,0.5640000104904175,0.0,80.69932556152344,8045,2,0.25733381509780884
1790090736.9176233,1,0.4722459018230438,0.0,0.0,81.20279693603516,7969,2,0.25586822628974915
1790090736.9683154,1,0.4724923074245453,0.012000000104308128,0.0,81.05899810791016,7791,2,0.2562851011753082
1790090737.018919,1,0.4727901816368103,0.21599997580051422,0.0,80.72232818603516,7871,2,0.25726649165153503
1790090737.0696573,1,0.4730372726917267,0.0,0.0,80.57903289794922,7765,2,0.25768643617630005
1790090737.1203048,1,0.47333192825317383,0.0,0.0,80.1814193725586,7689,2,0.2588590085506439
1790090737.17099,1,0.4736272394657135,0.0,0.0,79.72539520263672,7633,2,0.2602170407772064
1790090737.221757,1,0.4738706350326538,0.0,0.0,79.42787170410156,7371,1,0.26111072301864624
1790090737.272541,1,0.47416627407073975,0.0,0.0,79.68760681152344,5606,3,0.2603302001953125
1790090737.3231277,1,0.4744257926940918,0.0,0.0,79.66991424560547,5367,3,0.2603832185268402
1790090737.373896,1,0.47472044825553894,0.07200000435113907,0.0,79.34957122802734,5363,3,0.2613469660282135
1790090737.4247274,1,0.4750107228755951,0.2759999632835388,0.0,79.19110107421875,5463,3,0.18611662089824677
1790090737.4752517,1,0.47527170181274414,0.4799998700618744,0.0,79.49634552001953,5543,3,0.02546657621860504
1790090737.5260596,1,0.4755670130252838,0.6840002536773682,0.0,80.0814437866211,5697,3,0.0
1790090737.5771074,1,0.4758138656616211,0.8880006670951843,0.0,80.99760437011719,5689,3,0.0
1790090737.62786,1,0.4761146903038025,1.0,0.0,82.22848510742188,5933,3,0.0
1790090737.6787746,1,0.47636720538139343,1.0,0.0,83.69730377197266,5882,3,0.016741877421736717
1790090737.7293134,1,0.4766727089881897,1.0,0.0,85.1817398071289,5880,3,0.044843822717666626
1790090737.779804,1,0.4769829213619232,0.0,0.0,86.54076385498047,5787,3,0.07251322269439697
1790090737.8304708,1,0.47724267840385437,0.0,0.0,86.52880859375,5831,3,0.09838205575942993
1790090737.8815694,1,0.47756823897361755,0.0,0.0,86.44515228271484,5820,3,0.1258787363767624
1790090737.9325852,1,0.477821946144104,0.0,0.0,86.2872543334961,5808,3,0.15341344475746155
1790090737.9837103,1,0.47812241315841675,0.0,0.0,86.07168579101562,5798,3,0.18100346624851227
1790090738.0342977,1,0.47842150926589966,0.0,0.0,85.82230377197266,5788,3,0.20866230130195618
1790090738.08513,1,0.4786837697029114,0.0,0.0,85.5372314453125,5766,3,0.2364010065793991
1790090738.1357162,1,0.4789595901966095,0.0,0.0,85.20532989501953,5751,3,0.24478530883789062
1790090738.1868112,1,0.47921693325042725,0.0,0.0,84.8678207397461,5722,3,0.24568265676498413
1790090738.2373223,1,0.47950437664985657,0.0,0.0,84.48728942871094,5697,3,0.24670232832431793
1790090738.2881129,1,0.4797871708869934,0.0,0.0,84.10133361816406,5674,3,0.24774520099163055
1790090738.3385699,1,0.48002272844314575,0.0,0.0,83.70254516601562,5637,3,0.24883204698562622
1790090738.3892977,1,0.48030126094818115,0.0,0.8217508792877197,82.79188537597656,5426,3,0.251350075006485
1790090738.440101,1,0.4805719256401062,0.0,0.8771833777427673,81.09461975097656,5261,3,0.2561817169189453
1790090738.4907668,1,0.48079413175582886,0.0,0.9260820150375366,79.26163482666016,5119,3,0.26161274313926697
1790090738.541417,1,0.48105159401893616,0.0,0.0,78.23452758789062,5279,3,0.26475790143013
1790090738.5925865,1,0.4812661409378052,0.0,0.0,77.77957916259766,5273,3,0.2661752998828888
1790090738.6435804,1,0.48151955008506775,0.0,0.0,77.39491271972656,5241,3,0.26738566160202026
1790090738.6945968,1,0.48177018761634827,0.0,0.0,77.0428466796875,5207,3,0.2685031294822693
1790090738.7455769,1,0.48197704553604126,0.0,0.0,76.70233154296875,5178,3,0.269592821598053
1790090738.7962403,1,0.48221880197525024,0.0,0.0,76.3555679321289,5151,3,0.27071166038513184
1790090738.8471954,1,0.4824456572532654,0.0,0.0,76.00910186767578,5127,3,0.27183887362480164
1790090738.898095,1,0.4826847314834595,0.0,0.0,75.64459228515625,5107,3,0.273034930229187
1790090738.949139,1,0.48288071155548096,0.0,0.0,75.27947998046875,5088,3,0.27424356341362
1790090738.9998398,1,0.48311376571655273,0.0,0.7229557633399963,74.80610656738281,4946,3,0.275826632976532
1790090739.0505855,1,0.4833317995071411,0.0,0.0,73.35160827636719,4923,3,0.28080713748931885
1790090739.1016307,1,0.4835645854473114,0.0,0.0,72.86141204833984,4920,3,0.282526433467865
1790090739.1529782,1,0.48375701904296875,0.0,0.0,72.47769165039062,4899,3,0.2838870882987976
1790090739.2035594,1,0.48398762941360474,0.0,0.0,72.12002563476562,4871,3,0.2851671576499939
1790090739.254193,1,0.48420560359954834,0.0,0.0,71.7684097290039,4844,3,0.28643688559532166
1790090739.304914,1,0.4844084680080414,0.12000001221895218,0.0,71.42414093017578,4860,3,0.2876911163330078
1790090739.3560379,1,0.48462456464767456,0.32399994134902954,0.0,71.34173583984375,4948,3,0.2879929542541504
1790090739.406614,1,0.48485326766967773,0.5279999375343323,0.0,71.57612609863281,5036,3,0.2871360778808594
1790090739.4570107,1,0.485082745552063,0.7320003509521484,0.0,71.9681396484375,5031,3,0.2857142686843872
1790090739.5075958,1,0.4852769374847412,0.9240007400512695,0.0,72.47061157226562,5041,3,0.2839123010635376
1790090739.5584774,1,0.48549723625183105,1.0,0.0,73.09992218017578,5343,3,0.28168728947639465
1790090739.6090052,1,0.4857346713542938,1.0,0.0,73.85355377197266,5102,3,0.27906814217567444
1790090739.6596503,1,0.48593610525131226,1.0,0.0,74.45030975341797,5357,3,0.27702856063842773
1790090739.71068,1,0.48617464303970337,1.0,0.0,75.12507629394531,5174,3,0.27475792169570923
1790090739.761552,1,0.4864221215248108,1.0,0.0,75.72929382324219,5440,3,0.27275604009628296
1790090739.8120732,1,0.4866291582584381,1.0,0.0,76.49507904052734,5370,3,0.27026039361953735
1790090739.8630285,1,0.4868788421154022,1.0,0.0,77.17987823486328,5419,3,0.26806706190109253
1790090739.9139097,1,0.4871184527873993,1.0,0.0,77.85298156738281,5615,3,0.26594558358192444
1790090739.9646556,1,0.4873356223106384,1.0,0.0,78.47167205810547,5529,3,0.2640250623226166
1790090740.015649,1,0.487594872713089,1.0,0.0,79.0620346069336,5462,3,0.26221808791160583
1790090740.0666387,1,0.48785483837127686,1.0,0.0,79.61390686035156,5629,3,0.26055118441581726
1790090740.1175854,1,0.48810526728630066,1.0,0.0,80.17048645019531,5723,3,0.18407894670963287
1790090740.1686618,1,0.48832646012306213,1.0,0.0,80.85189056396484,5558,3,0.02342890575528145
1790090740.219549,1,0.4885929524898529,1.0,0.0,81.6949691772461,5718,3,0.0
1790090740.2705922,1,0.488864541053772,1.0,0.0,82.79423522949219,5843,3,0.0
1790090740.3214748,1,0.4891415536403656,1.0,0.0,84.0300064086914,5930,3,0.0
1790090740.3719862,1,0.48937875032424927,1.0,0.0,85.33457946777344,6168,3,0.0
1790090740.4225183,1,0.48966506123542786,1.0,0.0,86.69632720947266,6287,3,0.0032296006102114916
1790090740.4733214,1,0.48990800976753235,1.0,0.0,88.18152618408203,6133,3,0.030441846698522568
1790090740.524099,1,0.4902079403400421,1.0,0.0,89.63668823242188,6241,3,0.057232894003391266
1790090740.574682,1,0.49047985672950745,1.0,0.0,91.01718139648438,6477,3,0.08361628651618958
1790090740.6253364,1,0.4907892346382141,1.0,0.0,92.39324188232422,6503,3,0.10961320996284485
1790090740.675939,1,0.4910884201526642,1.0,0.0,93.68311309814453,6609,3,0.13524416089057922
1790090740.7271209,1,0.4913732409477234,1.0,0.0,94.84998321533203,6559,3,0.16054284572601318
1790090740.7778893,1,0.49168089032173157,1.0,0.0,95.90058135986328,6680,3,0.18554551899433136
1790090740.828762,1,0.49201008677482605,1.0,0.0,96.77012634277344,6715,3,0.15578952431678772
1790090740.879238,1,0.4922889471054077,1.0,0.0,97.52729034423828,6832,3,0.0
1790090740.9297554,1,0.4926222860813141,1.0,0.0,98.47572326660156,6827,3,0.0
1790090740.9802275,1,0.49296244978904724,1.0,0.0,99.44602966308594,7187,3,0.0
1790090741.0313482,1,0.49328720569610596,1.0,0.0,100.60032653808594,7116,3,0.0
1790090741.0823154,1,0.49357831478118896,1.0,0.0,101.85747528076172,7350,3,0.0
1790090741.1332977,1,0.49393230676651,1.0,0.0,103.20343780517578,7346,3,0.0
1790090741.1842427,1,0.49427175521850586,1.0,0.0,104.79137420654297,7540,3,0.0019862467888742685
1790090741.2349772,1,0.49463799595832825,1.0,0.0,106.39370727539062,7550,3,0.03542923927307129
1790090741.286191,1,0.4949909448623657,1.0,0.0,107.99099731445312,7731,3,0.06827511638402939
1790090741.337022,1,0.4953495264053345,1.0,0.0,109.5971450805664,7703,3,0.10052713751792908
1790090741.387718,1,0.4957139790058136,1.0,0.0,111.05843353271484,7961,3,0.1322222203016281
1790090741.4386902,1,0.49604058265686035,1.0,0.0,112.30541229248047,7793,3,0.163428395986557
1790090741.4896262,1,0.49641475081443787,1.0,0.0,113.3382797241211,8109,3,0.1876538097858429
1790090741.5402923,1,0.496794193983078,1.0,0.0,114.26901245117188,8076,3,0.18621595203876495
1790090741.5911536,1,0.4971729516983032,1.0,0.0,115.10570526123047,8087,3,0.02556590735912323
1790090741.6416855,1,0.4975571632385254,1.0,0.0,116.0057601928711,8091,3,0.0
1790090741.6926136,1,0.4979456663131714,1.0,0.0,116.94322204589844,8234,3,0.0
1790090741.7433076,1,0.49835968017578125,1.0,0.0,117.98765563964844,8396,3,0.0
1790090741.7941623,1,0.4987325370311737,1.0,0.0,119.08745574951172,8336,3,0.0
1790090741.8450599,1,0.4991593360900879,1.0,0.0,120.25005340576172,8493,3,0.0
1790090741.8955548,1,0.4995656907558441,1.0,0.0,121.58573150634766,8622,3,0.0
1790090741.9467335,1,0.4999784827232361,1.0,0.0,123.27050018310547,8756,3,0.0
1790090741.9974406,1,0.5003949999809265,1.0,0.0,123.4655990600586,9211,4,0.0
1790090742.0481458,1,0.5008134245872498,1.0,0.0,124.66439056396484,6508,4,0.0
1790090742.0987,1,0.5011885166168213,1.0,0.0,126.00906372070312,6742,4,0.0
1790090742.1493068,1,0.5016190409660339,1.0,0.0,127.5028305053711,6721,4,0.0
1790090742.19987,1,0.5020555257797241,1.0,0.0,128.99301147460938,6908,4,0.0
1790090742.2503786,1,0.5024999976158142,1.0,0.0,130.64027404785156,6962,4,0.0
1790090742.301128,1,0.5029478669166565,1.0,0.0,132.27163696289062,7038,4,0.0
1790090742.3521903,1,0.5034080743789673,1.0,0.0,133.87718200683594,7127,4,0.0
1790090742.4031715,1,0.5038691759109497,1.0,0.0,135.4676055908203,7217,4,0.020988721400499344
1790090742.4536238,1,0.5043376088142395,1.0,0.0,136.9493865966797,7297,4,0.04299159348011017
1790090742.5043147,1,0.504815399646759,1.0,0.0,138.5083465576172,7378,4,0.06594303995370865
1790090742.554891,1,0.5052958130836487,1.0,0.0,140.0224609375,7465,4,0.08847188949584961
1790090742.6055853,1,0.5057765245437622,1.0,0.0,141.5320281982422,7538,4,0.0
1790090742.6562316,1,0.5062690377235413,1.0,0.0,143.07339477539062,7589,4,0.0
1790090742.7068374,1,0.506759524345398,1.0,0.0,144.5665740966797,7672,4,0.0
1790090742.7573473,1,0.5072528719902039,1.0,0.0,146.0511932373047,7753,4,0.0036656036972999573
1790090742.8079731,1,0.5077264308929443,1.0,0.0,147.5425262451172,7826,4,0.024215053766965866
1790090742.8588257,1,0.5082287788391113,1.0,0.0,148.97491455078125,7941,4,0.04439707100391388
1790090742.9097934,1,0.5087350010871887,1.0,0.0,150.30934143066406,8025,4,0.0
1790090742.9608214,1,0.5092449188232422,1.0,0.0,151.8822479248047,8065,4,0.0
1790090743.0114899,1,0.5097578763961792,1.0,0.0,153.25848388671875,8118,4,0.0
1790090743.0622282,1,0.510280966758728,1.0,0.0,154.703369140625,8174,4,0.0
1790090743.1131449,1,0.510803759098053,1.0,0.0,156.1404571533203,8234,4,0.0
1790090743.1639142,1,0.5113308429718018,1.0,0.0,157.5548858642578,8310,4,0.01384465117007494
1790090743.2147055,1,0.511859655380249,1.0,0.0,158.9333953857422,8391,4,0.031675804406404495
1790090743.2652373,1,0.5123624801635742,1.0,0.0,160.31980895996094,8449,4,0.049201399087905884
1790090743.3160703,1,0.512932300567627,1.0,0.0,161.61598205566406,8563,4,0.06643382459878922
1790090743.3670774,1,0.5134749412536621,1.0,0.0,162.92604064941406,8623,4,0.08338768035173416
1790090743.4177804,1,0.5140215158462524,1.0,0.0,164.17027282714844,8701,4,0.0687953382730484
1790090743.4686358,1,0.5145699977874756,1.0,0.0,165.42056274414062,8765,4,0.0
1790090743.5193987,1,0.51512610912323,1.0,0.0,166.67202758789062,8817,4,0.0
1790090743.570093,1,0.5156812071800232,1.0,0.0,167.903076171875,8871,4,0.0
1790090743.6209383,1,0.516244649887085,1.0,0.0,169.13150024414062,8920,4,0.0
1790090743.6717083,1,0.5168091058731079,1.0,0.0,170.2953338623047,8939,1,0.0
1790090743.7225132,1,0.5173758268356323,1.0,0.0,170.1518096923828,9370,5,0.0
1790090743.7731059,1,0.5179412364959717,1.0,0.0,171.1118621826172,7079,5,0.0
1790090743.8238676,1,0.5185098052024841,1.0,0.0,172.20372009277344,7125,5,0.0026421488728374243
1790090743.8746166,1,0.5190834999084473,1.0,0.0,173.34243774414062,7164,5,0.01748760975897312
1790090743.9254198,1,0.5196576714515686,1.0,0.0,174.4885711669922,7209,5,0.032117825001478195
1790090743.9763737,1,0.5202354788780212,1.0,0.0,175.5977783203125,7277,5,0.046538904309272766
1790090744.027446,1,0.5208148956298828,1.0,0.0,176.70428466796875,7326,5,0.06075814738869667
1790090744.078305,1,0.5213969945907593,1.0,0.0,177.76499938964844,7395,5,0.07478130608797073
1790090744.1289709,1,0.5218790173530579,1.0,0.0,178.79563903808594,7450,5,0.08861786872148514
1790090744.1796167,1,0.5224652886390686,1.0,0.0,179.78736877441406,7491,5,0.10227692127227783
1790090744.230468,1,0.5230551958084106,1.0,0.0,180.70254516601562,7550,5,0.1157691702246666
1790090744.2818596,1,0.5236483216285706,1.0,0.0,181.54832458496094,7597,5,0.11983930319547653
1790090744.332869,1,0.5242436528205872,1.0,0.0,182.3390655517578,7634,5,0.11933933943510056
1790090744.3837333,1,0.5248765349388123,1.0,0.0,183.05789184570312,7687,5,0.0
1790090744.4344733,1,0.525476336479187,1.0,0.0,183.83642578125,7740,5,0.0015167738310992718
1790090744.4850743,1,0.5260758399963379,1.0,0.0,184.50344848632812,7762,5,0.014342844486236572
1790090744.5359693,1,0.526680588722229,1.0,0.0,185.10531616210938,7696,5,0.02706757001578808
1790090744.5866008,1,0.5272860527038574,1.0,0.0,185.56163024902344,7830,5,0.03896442800760269
1790090744.6373124,1,0.5278915762901306,1.0,0.0,186.02713012695312,7845,5,0.051528945565223694
1790090744.687865,1,0.528498113155365,1.0,0.0,186.4783477783203,7849,5,0.06401975452899933
1790090744.738602,1,0.5291081070899963,1.0,0.0,186.95693969726562,7841,5,0.07643420994281769
1790090744.7891822,1,0.5297176837921143,1.0,0.0,187.35604858398438,7877,5,0.08877918124198914
1790090744.840088,1,0.5303311347961426,1.0,0.0,187.80335998535156,7849,5,0.10105820745229721
1790090744.8907146,1,0.5309420228004456,1.0,0.0,188.27243041992188,7932,5,0.11571691930294037
1790090744.9412796,1,0.5315884351730347,1.0,0.0,188.75289916992188,7900,5,0.11543317884206772
1790090744.9921393,1,0.5321657657623291,1.0,0.0,189.25588989257812,7977,5,0.11513763666152954
1790090745.0430188,1,0.532781720161438,1.0,0.0,189.77880859375,7950,5,0.11483199149370193
1790090745.094333,1,0.5333982110023499,1.0,0.0,190.2882537841797,7921,5,0.11453575640916824
1790090745.1455927,1,0.5340156555175781,0.0,0.0,190.778076171875,7793,5,0.11425238102674484
1790090745.1961977,1,0.5346696376800537,0.0,0.0,190.46119689941406,7613,5,0.11443555355072021
1790090745.2471519,1,0.5352845191955566,0.0,0.0,189.8877410888672,7573,5,0.11476851254701614
1790090745.2977386,1,0.5358996987342834,0.0,0.0,189.2687225341797,7547,5,0.11513012647628784
1790090745.3482168,1,0.536404013633728,0.0,0.0,188.67794799804688,7527,5,0.11547736078500748
1790090745.3989344,1,0.537013590335846,0.0,0.0,188.06549072265625,7503,5,0.11583954095840454
1790090745.4496746,1,0.5376237034797668,0.0,0.0,187.46604919433594,7477,5,0.11619625985622406
1790090745.500604,1,0.5382289886474609,0.0,0.0,186.87554931640625,7449,5,0.11654979735612869
1790090745.5511289,1,0.5388305187225342,0.0,0.0,186.26864624023438,7422,5,0.11691541969776154
1790090745.6018696,1,0.5394705533981323,0.04800000041723251,0.0,185.64149475097656,7401,5,0.11729563772678375
1790090745.6528094,1,0.5400711894035339,0.25199997425079346,0.0,185.0969696044922,7453,5,0.11762779206037521
1790090745.7036543,1,0.54067462682724,0.45599988102912903,0.0,184.79159545898438,7532,5,0.11781488358974457
1790090745.7541835,1,0.5412722229957581,0.660000205039978,0.0,184.78346252441406,7632,5,0.11781986802816391
1790090745.8053174,1,0.5418035984039307,0.8640006184577942,0.0,185.0689697265625,7735,5,0.11764491349458694
1790090745.8561065,1,0.5424364805221558,1.0,0.0,185.572998046875,7779,5,0.0
1790090745.9071221,1,0.5430753827095032,1.0,0.0,186.07296752929688,7801,5,0.0
1790090745.957901,1,0.5436072945594788,1.0,0.0,186.61090087890625,7795,5,0.0
1790090746.0084095,1,0.5442509055137634,1.0,0.0,187.14173889160156,7893,5,0.0
1790090746.0591023,1,0.5448285937309265,1.0,0.0,187.71116638183594,7885,5,0.0
1790090746.1099825,1,0.545478880405426,1.0,0.0,188.36485290527344,7813,5,0.0
1790090746.1608803,1,0.5461323261260986,1.0,0.0,189.10324096679688,7951,5,0.0
1790090746.2117403,1,0.5467554926872253,1.0,0.0,190.00010681152344,7970,5,0.009846271015703678
1790090746.2624798,1,0.547303318977356,1.0,0.0,190.9444580078125,7968,5,0.02167210914194584
1790090746.313121,1,0.5479665994644165,1.0,0.0,191.90602111816406,7987,5,0.03335081785917282
1790090746.363987,1,0.5485207438468933,1.0,0.0,192.86183166503906,8025,5,0.0
1790090746.4149673,1,0.5491896867752075,1.0,0.0,193.84326171875,8065,5,0.0
1790090746.4655583,1,0.5498640537261963,1.0,0.0,194.86715698242188,8060,5,0.0
1790090746.5164945,1,0.5504292845726013,1.0,0.0,195.88470458984375,8080,5,0.0
1790090746.567634,1,0.5511100888252258,1.0,0.0,196.89505004882812,8113,5,0.0
1790090746.6181142,1,0.5517963767051697,1.0,0.0,197.89373779296875,8153,5,0.0
1790090746.6690197,1,0.5524830222129822,1.0,0.0,198.88905334472656,8196,5,0.0
1790090746.7197304,1,0.5530623197555542,1.0,0.0,199.7840576171875,8184,1,0.0
1790090746.7705228,1,0.5537185072898865,1.0,0.0,199.55653381347656,9134,6,0.0
1790090746.8209524,1,0.5544130206108093,1.0,0.0,200.51365661621094,7516,6,0.0
1790090746.8717976,1,0.5549985766410828,1.0,0.0,201.48605346679688,6624,6,0.0
1790090746.9225101,1,0.5557023882865906,1.0,0.0,202.3264923095703,6638,6,0.0
1790090746.9734402,1,0.5563294291496277,1.0,0.0,203.16578674316406,6674,6,0.0
1790090747.0240378,1,0.5570383667945862,0.0,0.0,203.64114379882812,6530,6,-0.007622868753969669
1790090747.0749445,1,0.5577081441879272,0.0,0.0,203.41819763183594,6511,6,-0.017599401995539665
1790090747.1258974,1,0.5583378672599792,0.0,0.9089042544364929,202.9827117919922,6365,6,0.0
1790090747.1768532,1,0.5590415596961975,0.0,1.0,200.3350372314453,6198,6,0.0
1790090747.227484,1,0.5597357153892517,0.26999998092651367,1.0,197.43109130859375,6053,1,0.0
1790090747.2782326,1,0.560305655002594,0.0,0.9487248659133911,194.49708557128906,6599,1,0.0
1790090747.3290434,1,0.5609811544418335,0.0,1.0,191.7021026611328,6323,5,0.0
1790090747.3799078,1,0.5615734457969666,0.0,1.0,188.69696044921875,6736,5,0.0
1790090747.4307477,1,0.562228798866272,0.0,1.0,185.81190490722656,6861,5,0.0
1790090747.4812737,1,0.562768280506134,0.0,1.0,182.70277404785156,6822,5,0.0
1790090747.531775,1,0.563439667224884,0.0,1.0,179.49952697753906,6851,5,0.0
1790090747.5824869,1,0.5639601349830627,0.0,1.0,176.3573455810547,6856,5,0.0
1790090747.6332746,1,0.5646112561225891,0.0,0.9853857159614563,173.5091094970703,6733,5,0.0
1790090747.6842332,1,0.565118134021759,0.0,0.965904176235199,170.85311889648438,6557,5,0.0
1790090747.7353623,1,0.565748393535614,0.0,1.0,168.1571044921875,6360,5,0.0
1790090747.7862215,1,0.5662379264831543,0.0,1.0,165.2653045654297,6223,5,0.0
1790090747.8370903,1,0.5668460130691528,0.0,1.0,162.3278350830078,6129,5,0.0
1790090747.8879302,1,0.5673472881317139,0.0,1.0,159.4266815185547,5976,5,0.0
1790090747.9385548,1,0.5678393244743347,0.5399999618530273,1.0,156.49964904785156,6014,1,0.0
1790090747.98939,1,0.5683850049972534,0.0,1.0,153.63629150390625,6420,1,0.0
1790090748.0403655,1,0.5688298344612122,0.0,1.0,150.8028564453125,6155,4,0.0
1790090748.0913088,1,0.5693831443786621,0.0,1.0,147.95693969726562,6461,4,0.0
1790090748.1420557,1,0.5698108077049255,0.0,1.0,145.0463409423828,6688,4,0.0
1790090748.1931174,1,0.5703428387641907,0.0,1.0,142.0687255859375,6588,4,0.0
1790090748.24413,1,0.5707511901855469,0.0,1.0,139.11276245117188,6506,4,0.0
1790090748.2947576,1,0.5712608098983765,0.0,1.0,136.22630310058594,6342,4,0.0
1790090748.3457503,1,0.5716553330421448,0.0,1.0,133.3660888671875,6155,4,0.0
1790090748.3966804,1,0.5721167325973511,0.0,1.0,130.62388610839844,6036,4,0.0
1790090748.4476318,1,0.5725193023681641,0.0,1.0,127.75151824951172,5939,4,0.0
1790090748.4985373,1,0.5729840993881226,0.0,0.0,124.86250305175781,5883,4,-0.0015755348140373826
1790090748.5494883,1,0.5733482837677002,0.0,0.0,123.85691833496094,6289,4,-0.028589697554707527
1790090748.5999608,1,0.5737810730934143,0.0,0.0,123.56773376464844,6280,4,-0.05574289336800575
1790090748.6508212,1,0.5741647481918335,0.5399999618530273,0.0,123.30231475830078,6380,1,-0.08298659324645996
1790090748.7020414,1,0.5746204257011414,0.0,0.0,123.13447570800781,6780,1,-0.11029528826475143
1790090748.7528765,1,0.5750039219856262,0.0,0.0,122.92960357666016,6498,3,-0.13766400516033173
1790090748.803923,1,0.5754331350326538,0.0,0.0,121.81086730957031,7806,3,-0.09874920547008514
1790090748.8543952,1,0.5758107304573059,0.0,0.0,121.2778549194336,8134,3,0.0
1790090748.9050372,1,0.5762351155281067,0.0,0.0,120.8829116821289,8089,3,0.0
1790090748.9556956,1,0.5765894651412964,0.0,0.0,120.45923614501953,8065,3,0.0
1790090749.0068057,1,0.5770142674446106,0.0,0.0,120.05330657958984,8040,3,0.0
1790090749.0574331,1,0.5774356126785278,0.0,0.0,119.66365814208984,8021,3,0.0
1790090749.108386,1,0.5777900815010071,0.0,0.0,119.292236328125,8003,3,0.0
1790090749.1591115,1,0.5782127380371094,0.0,0.0,118.94703674316406,7981,3,0.0
1790090749.2099166,1,0.5785639882087708,0.08400000631809235,0.0,118.62620544433594,7980,3,0.0
1790090749.2606428,1,0.578985869884491,0.2759999632835388,0.0,118.53216552734375,8049,3,0.0
1790090749.3117898,1,0.5794083476066589,0.4799998700618744,0.0,118.81755065917969,8167,3,0.0
1790090749.3625298,1,0.5797603130340576,0.6840002536773682,0.0,119.55784606933594,8326,3,-0.006713458802551031
1790090749.412991,1,0.580190122127533,0.8880006670951843,0.0,120.70557403564453,8522,3,-0.03502647578716278
1790090749.4637322,1,0.5806224942207336,1.0,0.0,122.15805053710938,8745,3,-0.06290693581104279
1790090749.514364,1,0.5809870958328247,0.0,0.0,123.36608123779297,8308,3,-0.09032388776540756
1790090749.565161,1,0.5814293622970581,0.0,0.0,123.1393051147461,8271,3,-0.11761586368083954
1790090749.6158805,1,0.5818650126457214,0.0,0.0,122.7646713256836,8240,3,-0.14501000940799713
1790090749.6666942,1,0.5822301506996155,0.012000000104308128,0.0,122.29374694824219,8214,3,-0.17467613518238068
1790090749.7174897,1,0.5826666951179504,0.21599997580051422,0.0,121.87625122070312,8272,3,-0.1752411276102066
1790090749.768111,1,0.5830773711204529,0.419999897480011,0.0,121.7739028930664,8407,3,-0.17538020014762878
1790090749.81901,1,0.5834640264511108,0.6240001320838928,0.0,122.05316162109375,8576,3,-0.10905353724956512
1790090749.869617,1,0.5838745832443237,0.8160005211830139,0.0,122.42747497558594,8591,3,0.0
1790090749.9201865,1,0.5843099355697632,1.0,0.0,122.88056945800781,8688,3,0.0
1790090749.9709349,1,0.5846753716468811,1.0,0.0,122.98628234863281,8373,1,0.0
1790090750.0217226,1,0.585111677646637,1.0,0.0,123.20966339111328,6902,4,0.0
1790090750.0725946,1,0.5855300426483154,1.0,0.0,123.85233306884766,6509,4,-0.009578458964824677
1790090750.1235743,1,0.585969090461731,1.0,0.0,124.43881225585938,6743,4,-0.03658868744969368
1790090750.1743875,1,0.5863402485847473,1.0,0.0,125.10655975341797,6614,4,-0.0633961409330368
1790090750.2252772,1,0.5867858529090881,1.0,0.0,125.7584228515625,6686,4,-0.08999752998352051
1790090750.276224,1,0.5872123837471008,1.0,0.0,126.47868347167969,6678,4,-0.11638321727514267
1790090750.3270962,1,0.5876109004020691,1.0,0.0,127.14266967773438,6877,4,-0.14255376160144806
1790090750.377738,1,0.5880382657051086,1.0,0.0,127.82672119140625,6826,4,-0.16751845180988312
1790090750.4284096,1,0.5884959697723389,1.0,0.0,128.5229949951172,6730,4,-0.16665905714035034
1790090750.479149,1,0.5889028906822205,1.0,0.0,129.20558166503906,6898,4,-0.16582508385181427
1790090750.52955,1,0.5893619656562805,1.0,0.0,129.97755432128906,6967,4,-0.16489189863204956
1790090750.5802286,1,0.5897461175918579,1.0,0.0,130.70335388183594,7065,4,-0.16402405500411987
1790090750.6309714,1,0.5902094841003418,0.0,0.0,131.20201110839844,6707,4,-0.16343307495117188
1790090750.6814995,1,0.5905964374542236,0.0,0.0,130.93577575683594,6638,4,-0.16374807059764862
1790090750.7322679,1,0.5910834670066833,0.0,0.0,130.52835083007812,6603,4,-0.16423246264457703
1790090750.7831666,1,0.591541051864624,0.0,0.8819717168807983,129.50050354003906,6349,4,-0.16546733677387238
1790090750.834112,1,0.5919188261032104,0.0,1.0,127.49700927734375,6164,4,-0.1679285168647766
1790090750.8849962,1,0.5923637747764587,0.0,0.0,125.3021011352539,6087,4,-0.1707102507352829
1790090750.9356647,1,0.5927534699440002,0.0,0.0,124.37764739990234,6301,4,-0.1719096451997757
1790090750.9863045,1,0.5931885242462158,0.0,0.0,123.89047241210938,6290,4,-0.17254851758480072
1790090751.0369875,1,0.5935497283935547,0.0,0.0,123.48126983642578,6252,4,-0.17308881878852844
1790090751.0876677,1,0.594004213809967,0.0,0.0,123.05841064453125,6220,4,-0.17365072667598724
1790090751.1381407,1,0.5943618416786194,0.0,0.0,122.635009765625,6198,4,-0.17421701550483704
1790090751.1889536,1,0.594788670539856,0.0,0.0,122.16079711914062,6180,4,-0.17485566437244415
1790090751.239537,1,0.5952130556106567,0.0,0.0,121.69210815429688,6159,4,-0.17549148201942444
1790090751.2900774,1,0.595565140247345,0.0,0.0,121.24397277832031,6135,4,-0.17610377073287964
1790090751.341095,1,0.5959847569465637,0.0,0.0,120.80818939208984,6113,4,-0.17670327425003052
1790090751.3916874,1,0.5963560342788696,0.0,0.0,120.34684753417969,6097,4,-0.17734242975711823
1790090751.442647,1,0.5967734456062317,0.0,0.0,119.89408111572266,6071,4,-0.17797419428825378
1790090751.493172,1,0.597118079662323,0.0,0.0,119.43848419189453,6047,4,-0.17861448228359222
1790090751.5443594,1,0.5975289940834045,0.0,0.8276015520095825,118.53717803955078,5816,4,-0.17989481985569
1790090751.595479,1,0.5979358553886414,0.0,0.9234739542007446,116.73519897460938,5619,4,-0.18251043558120728
1790090751.6465185,1,0.5982691645622253,0.0,0.0,115.02472686767578,5760,4,-0.18506458401679993
1790090751.6974294,1,0.598662793636322,0.0,0.0,114.42706298828125,5800,4,-0.18597398698329926
1790090751.7480812,1,0.5990556478500366,0.0,0.0,113.98082733154297,5780,4,-0.1866588145494461
1790090751.7988338,1,0.5993793606758118,0.0,0.0,113.5643081665039,5751,4,-0.1873025745153427
1790090751.8493743,1,0.5997896194458008,0.0,0.0,113.16075134277344,5727,4,-0.18793059885501862
1790090751.9002976,1,0.6001114249229431,0.0,0.0,112.72550201416016,5706,4,-0.1886126548051834
1790090751.950956,1,0.6004949808120728,0.0,0.0,112.29573059082031,5682,4,-0.18929100036621094
1790090752.0015929,1,0.6008749604225159,0.0,0.0,111.86614227294922,5664,4,-0.18997396528720856
1790090752.0528543,1,0.6011924147605896,0.0,0.0,111.44488525390625,5643,4,-0.19064848124980927
1790090752.1038125,1,0.6015730500221252,0.0,0.0,111.03075408935547,5623,4,-0.19131627678871155
1790090752.154721,1,0.6019488573074341,0.0,0.0,110.62235260009766,5602,4,-0.19197942316532135
1790090752.2056751,1,0.6022626757621765,0.0,0.0,110.21817779541016,5583,4,-0.1926402598619461
1790090752.2567537,1,0.6026360988616943,0.0,0.0,109.81873321533203,5562,4,-0.1932978332042694
1790090752.3073566,1,0.6030079126358032,0.0,0.0,109.4219741821289,5541,4,-0.1939554512500763
1790090752.357924,1,0.6033158302307129,0.0,0.0,109.01962280273438,5521,4,-0.19462691247463226
1790090752.4087088,1,0.6036864519119263,0.0,0.0,108.6089096069336,5502,4,-0.19531714916229248
1790090752.4594803,1,0.6040126085281372,0.14400000870227814,0.0,108.22406005859375,5528,4,-0.1959683746099472
1790090752.5105019,1,0.6043609380722046,0.3479999303817749,0.0,108.10163879394531,5615,4,-0.1961764395236969
1790090752.5614724,1,0.6047259569168091,0.5519999861717224,0.0,108.37142944335938,5731,4,-0.19571849703788757
1790090752.6118963,1,0.6050538420677185,0.7560003995895386,0.0,108.94196319580078,5846,4,-0.19475705921649933
1790090752.6627533,1,0.6054253578186035,0.9600008130073547,0.0,109.50852966308594,5858,4,-0.19381161034107208
1790090752.7133596,1,0.6057333946228027,1.0,0.0,110.05939483642578,5895,4,-0.1929011195898056
1790090752.7642655,1,0.6061097383499146,1.0,0.0,110.65733337402344,5961,4,-0.08857156336307526
1790090752.8148375,1,0.6064862608909607,1.0,0.0,111.33631134033203,5944,4,0.0
1790090752.8655202,1,0.606801450252533,1.0,0.0,112.13804626464844,6029,4,-0.009144565090537071
1790090752.9160876,1,0.6071827411651611,1.0,0.0,113.05679321289062,5935,4,-0.04003138095140457
1790090752.9667175,1,0.6075025200843811,1.0,0.0,113.94097137451172,6023,4,-0.07060819864273071
1790090753.0174017,1,0.607889711856842,1.0,0.0,114.80350494384766,6173,4,-0.10087061673402786
1790090753.0680087,1,0.6082379221916199,1.0,0.0,115.73026275634766,6108,4,-0.13081856071949005
1790090753.1188009,1,0.6086309552192688,1.0,0.0,116.64159393310547,6110,4,-0.16045843064785004
1790090753.1693969,1,0.6090278625488281,1.0,0.0,117.42323303222656,6302,4,-0.1815028190612793
1790090753.2201266,1,0.6093607544898987,1.0,0.0,118.30209350585938,6244,4,-0.18023177981376648
1790090753.2708309,1,0.6097630262374878,1.0,0.0,119.1724624633789,6237,4,-0.17899048328399658
1790090753.3215995,1,0.6101691722869873,1.0,0.0,119.96045684814453,6472,4,-0.17788130044937134
1790090753.3722303,1,0.6105069518089294,1.0,0.0,120.77900695800781,6432,4,-0.17674358189105988
1790090753.4230263,1,0.6109168529510498,1.0,0.0,121.5630874633789,6372,4,-0.17566733062267303
1790090753.4736655,1,0.6113303899765015,1.0,0.0,122.19559478759766,6435,4,-0.17480862140655518
1790090753.5245433,1,0.6116741299629211,1.0,0.0,122.80569458007812,6517,4,-0.17398828268051147
1790090753.575177,1,0.6120933294296265,1.0,0.0,123.4183578491211,6599,4,-0.17317219078540802
1790090753.625882,1,0.6124411821365356,1.0,0.0,124.03067016601562,6679,4,-0.17236419022083282
1790090753.6766083,1,0.612864077091217,0.0,0.0,124.29549407958984,6338,4,-0.17201705276966095
1790090753.727364,1,0.6132845878601074,0.0,0.0,124.0669937133789,6285,4,-0.17231647670269012
1790090753.7779062,1,0.6136339902877808,0.19199998676776886,0.0,123.78392028808594,6334,4,-0.17268888652324677
1790090753.8285623,1,0.6140571236610413,0.3959999084472656,0.0,123.75199127197266,6434,4,-0.17273099720478058
1790090753.8794794,1,0.6144775152206421,0.6000000834465027,0.0,124.11775207519531,6561,4,-0.17224988341331482
1790090753.9306238,1,0.6148309111595154,0.8040004968643188,0.0,124.77308654785156,6636,4,-0.17139455676078796
1790090753.9819667,1,0.6152568459510803,1.0,0.0,125.39362335205078,6736,4,-0.17059242725372314
1790090754.0328522,1,0.6156876683235168,1.0,0.0,126.03059387207031,6718,4,-0.1697768270969391
1790090754.0835788,1,0.616046130657196,1.0,0.0,126.71923065185547,6810,4,-0.16890379786491394
1790090754.1345448,1,0.6164803504943848,1.0,0.0,127.39665985107422,6807,4,-0.16805370151996613
1790090754.18514,1,0.6168667674064636,1.0,0.0,128.14634704589844,6701,4,-0.16712284088134766
1790090754.2358954,1,0.6172816157341003,1.0,0.0,128.83578491210938,6879,4,-0.16627585887908936
1790090754.2864866,1,0.617721438407898,1.0,0.0,129.5384521484375,6929,4,-0.16542139649391174
1790090754.3373294,1,0.6181172728538513,1.0,0.0,130.32354736328125,6851,4,-0.16447705030441284
1790090754.3881688,1,0.6185417175292969,1.0,0.0,131.07073974609375,6954,4,-0.1635882407426834
1790090754.4390614,1,0.6189932823181152,1.0,0.0,131.8042449951172,7090,4,-0.16272500157356262
1790090754.4895895,1,0.6193946003913879,1.0,0.0,132.55218505859375,6987,4,-0.13365711271762848
1790090754.540146,1,0.6198505759239197,1.0,0.0,133.3293914794922,7077,4,0.0
1790090754.5906823,1,0.6202329993247986,1.0,0.0,134.15855407714844,7199,4,0.0
1790090754.6414528,1,0.6207226514816284,1.0,0.0,135.16099548339844,7034,4,-0.019603624939918518
1790090754.6919777,1,0.6211105585098267,1.0,0.0,136.2146453857422,7235,4,-0.04314282163977623
1790090754.7426689,1,0.6215816736221313,1.0,0.0,137.38868713378906,7354,4,-0.06635797768831253
1790090754.7934406,1,0.6220043897628784,1.0,0.0,138.65548706054688,7307,4,-0.08923414349555969
1790090754.8444839,1,0.6224849224090576,1.0,0.0,139.8798065185547,7456,4,-0.11176589131355286
1790090754.8951488,1,0.622887134552002,1.0,0.0,141.1429901123047,7499,4,-0.13395875692367554
1790090754.9457855,1,0.6234033703804016,1.0,0.0,142.33450317382812,7629,4,-0.15126585960388184
1790090754.9966116,1,0.6238142848014832,1.0,0.0,143.1639862060547,7664,4,-0.15043140947818756
1790090755.0478415,1,0.6243382096290588,1.0,0.0,144.11949157714844,7654,4,0.0
1790090755.098802,1,0.6247569918632507,1.0,0.0,145.24600219726562,7736,4,0.0
1790090755.1496992,1,0.6252620816230774,1.0,0.0,146.33200073242188,7783,4,0.0
1790090755.2005877,1,0.6257136464118958,1.0,0.0,147.2398681640625,7816,4,0.0
1790090755.2515488,1,0.6262553334236145,1.0,0.0,148.23704528808594,7887,4,0.0
1790090755.3021905,1,0.6267166137695312,1.0,0.0,149.47039794921875,7991,4,0.0
1790090755.3539054,1,0.6272395253181458,1.0,0.0,150.6317901611328,7959,4,-0.002307712100446224
1790090755.4046519,1,0.6277064681053162,1.0,0.0,151.7916717529297,8107,4,-0.02177167311310768
1790090755.4552526,1,0.6281777024269104,1.0,0.0,153.033935546875,8131,4,-0.039813727140426636
1790090755.5065196,1,0.6287425756454468,1.0,0.0,154.5692138671875,8145,4,-0.05866070091724396
1790090755.557536,1,0.629224956035614,1.0,0.0,155.99464416503906,8257,4,0.0
1790090755.6084032,1,0.6297711730003357,1.0,0.0,157.59881591796875,8250,4,0.0
1790090755.6591125,1,0.6302619576454163,1.0,0.0,159.0466766357422,8386,4,0.0
1790090755.7099571,1,0.6307573318481445,1.0,0.0,160.48681640625,8523,4,0.0
1790090755.7607234,1,0.6313198208808899,1.0,0.0,161.87525939941406,8610,4,0.0
1790090755.8115873,1,0.6318240761756897,1.0,0.0,163.35752868652344,8662,4,0.0
1790090755.8621342,1,0.6323644518852234,1.0,0.0,164.71218872070312,8815,4,0.0
1790090755.9129078,1,0.63287752866745,1.0,0.0,166.17791748046875,8791,4,0.0
1790090755.9634333,1,0.6334594488143921,1.0,0.0,167.54071044921875,8751,4,0.0
1790090756.0141857,1,0.6339826583862305,1.0,0.0,168.31024169921875,8591,1,0.0
1790090756.0646968,1,0.6345697045326233,1.0,0.0,168.73797607421875,8304,5,0.0
1790090756.1157656,1,0.6351621150970459,1.0,0.0,169.98336791992188,7024,5,0.0
1790090756.1666331,1,0.6356923580169678,1.0,0.0,171.22628784179688,7095,5,0.0
1790090756.217251,1,0.6362951397895813,1.0,0.0,172.48406982421875,7176,5,0.0
1790090756.267925,1,0.6368337273597717,1.0,0.0,173.80809020996094,7165,5,0.0
1790090756.3186812,1,0.6374447345733643,1.0,0.0,175.07237243652344,7226,5,0.0
1790090756.3694758,1,0.6379897594451904,1.0,0.0,176.37603759765625,7266,5,0.0
1790090756.4201949,1,0.6386102437973022,1.0,0.0,177.5909423828125,7339,5,-0.0057668061926960945
1790090756.4709015,1,0.6391642689704895,1.0,0.0,178.8349609375,7380,5,-0.019614579156041145
1790090756.5216715,1,0.63972407579422,1.0,0.0,180.01400756835938,7457,5,-0.033249709755182266
1790090756.5725632,1,0.640357255935669,1.0,0.0,181.208740234375,7517,5,-0.046676699072122574
1790090756.6233058,1,0.6409242153167725,1.0,0.0,182.38845825195312,7562,5,-0.05990283563733101
1790090756.6740718,1,0.6414955854415894,1.0,0.0,183.56484985351562,7603,5,-0.07292785495519638
1790090756.725112,1,0.6421753168106079,1.0,0.0,184.67051696777344,7657,5,-0.08576245605945587
1790090756.7756574,1,0.6427522301673889,1.0,0.0,185.6734161376953,7681,5,-0.06710897386074066
1790090756.826712,1,0.643330991268158,1.0,0.0,186.58949279785156,7830,5,0.0
1790090756.877732,1,0.6440218687057495,1.0,0.0,187.6351318359375,7889,5,0.0
1790090756.9282818,1,0.6446052193641663,1.0,0.0,188.6232147216797,7836,5,0.0
1790090756.9787292,1,0.6451905369758606,1.0,0.0,189.5677032470703,7926,5,0.0
1790090757.0293114,1,0.645778477191925,1.0,0.0,190.6104278564453,7945,5,0.0
1790090757.079971,1,0.6464799046516418,0.0,0.0,191.5889434814453,7733,5,0.0
1790090757.1308668,1,0.6470722556114197,0.0,0.0,191.47079467773438,7656,5,0.0
1790090757.18166,1,0.6476621031761169,0.0,0.9270015358924866,191.09735107421875,7529,5,0.0
1790090757.2325814,1,0.6483590602874756,0.0,1.0,188.665283203125,7350,5,0.0
1790090757.2833943,1,0.6489391922950745,0.0,1.0,185.79315185546875,7208,5,0.0
1790090757.3366818,1,0.6495116353034973,0.0,1.0,182.87075805664062,7055,5,0.0
1790090757.388136,1,0.6501842737197876,0.0,1.0,179.92352294921875,6901,5,0.0
1790090757.4388702,1,0.6508123278617859,0.0,0.8797627687454224,177.34608459472656,6805,5,0.0
1790090757.4899962,1,0.6513637900352478,0.0,1.0,174.8466033935547,7383,1,0.0
1790090757.5409164,1,0.6519123315811157,0.0,1.0,171.98365783691406,7068,1,0.0
1790090757.5915775,1,0.6525543332099915,0.0,1.0,169.09324645996094,7875,4,0.0
1790090757.6423345,1,0.6530835032463074,0.0,1.0,165.91871643066406,8106,4,0.0
1790090757.6930966,1,0.6536118984222412,0.0,0.9756609797477722,163.10887145996094,7985,4,0.0
1790090757.744032,1,0.6541943550109863,0.0,1.0,160.59959411621094,7738,4,0.0
1790090757.7946005,1,0.6547039151191711,0.0,1.0,157.8508758544922,7510,4,0.0
1790090757.8450892,1,0.6552689075469971,0.0,1.0,154.8345489501953,7482,4,-0.0076143452897667885
1790090757.895636,1,0.6557590961456299,0.0,1.0,151.89205932617188,7424,4,-0.02659761533141136
1790090757.9463122,1,0.6563031673431396,0.0,1.0,149.10658264160156,7219,4,-0.0462658554315567
1790090757.9971747,1,0.6567767262458801,0.0,1.0,146.41746520996094,7066,4,-0.06660588830709457
1790090758.0477366,1,0.6572982668876648,0.0,1.0,143.74891662597656,6842,4,-0.08762191981077194
1790090758.0984838,1,0.6577523946762085,0.0,1.0,141.1066436767578,6749,4,-0.10805477946996689
1790090758.1494172,1,0.6582508683204651,0.0,1.0,138.2960205078125,6665,4,-0.13050228357315063
1790090758.2003129,1,0.6586554050445557,0.0,1.0,135.62252807617188,6549,4,-0.15371061861515045
1790090758.251158,1,0.6591600775718689,0.0,1.0,133.15342712402344,6422,4,-0.16116076707839966
1790090758.3020406,1,0.6595460176467896,0.0,0.975537121295929,130.89857482910156,6290,4,-0.1637921780347824
1790090758.352833,1,0.6600045561790466,0.0,1.0,128.69847106933594,6161,4,-0.16644386947155
1790090758.4036784,1,0.6604505181312561,0.0,1.0,126.5077133178711,5945,4,-0.16917099058628082
1790090758.4543586,1,0.6608169674873352,0.0,1.0,124.22325897216797,5789,4,-0.17211158573627472
1790090758.5052376,1,0.6612460017204285,0.0,1.0,121.89013671875,5609,4,-0.1752222627401352
1790090758.5559628,1,0.6616190671920776,0.0,1.0,119.58258056640625,5500,4,-0.17841148376464844
1790090758.6068993,1,0.6620307564735413,0.0,0.9902839660644531,117.41133880615234,5391,4,-0.18152013421058655
1790090758.6577327,1,0.6624330878257751,0.0,0.9939237833023071,115.3519515991211,5209,4,-0.18457043170928955
1790090758.708592,1,0.6627624034881592,0.0,0.9876988530158997,113.37162017822266,5152,4,-0.18760190904140472
1790090758.759257,1,0.663149893283844,0.0,0.9856952428817749,111.31917572021484,5055,4,-0.026951864361763
1790090758.8099642,1,0.6634670495986938,0.809999942779541,0.9647893309593201,109.1805191040039,5358,1,0.0
1790090758.8608296,1,0.6638380885124207,0.0,0.9334742426872253,107.22817993164062,5543,1,0.0
1790090758.911361,1,0.6642022728919983,0.0,0.9080747961997986,105.52715301513672,5357,3,0.0
1790090758.9624054,1,0.6644998788833618,0.0,0.9457803964614868,103.56819915771484,5897,3,0.0
1790090759.0130997,1,0.6648517847061157,0.0,0.9449030756950378,101.77900695800781,6297,3,0.0
1790090759.0636868,1,0.665194571018219,0.0,0.0,100.28048706054688,6391,3,-0.03322012349963188
1790090759.1142287,1,0.665479302406311,0.0,0.0,99.41368103027344,6468,3,-0.060547396540641785
1790090759.1648314,1,0.6658148169517517,0.6499999761581421,0.0,99.02147674560547,6890,3,-0.08457846939563751
1790090759.21608,1,0.6660953760147095,0.6499999761581421,0.0,98.9632568359375,6944,3,-0.10864605754613876
1790090759.2672331,1,0.6664317846298218,0.6499999761581421,0.0,98.98511505126953,6971,3,-0.13271845877170563
1790090759.318136,1,0.666767418384552,0.6499999761581421,0.0,99.05970764160156,6945,3,-0.15677623450756073
1790090759.369153,1,0.6671044826507568,0.6499999761581421,0.0,99.13337707519531,6926,3,-0.09390504658222198
1790090759.4199169,1,0.6673843264579773,0.6499999761581421,0.0,99.27249145507812,6969,3,0.0
1790090759.4711208,1,0.6677209734916687,0.6499999761581421,0.0,99.49645233154297,7013,3,0.0
1790090759.5224292,1,0.6680588722229004,0.6499999761581421,0.0,99.82026672363281,7075,3,0.0
1790090759.5735888,1,0.6683407425880432,0.8300003409385681,0.0,100.2768783569336,7008,3,-0.0062697576358914375
1790090759.6242409,1,0.6686813235282898,1.0,0.0,100.8355712890625,7119,3,-0.041677072644233704
1790090759.6752186,1,0.6690236926078796,1.0,0.0,101.51216888427734,7202,3,-0.07683537155389786
1790090759.7260346,1,0.6693095564842224,1.0,0.0,102.22140502929688,7284,3,-0.11171725392341614
1790090759.7769465,1,0.669655978679657,1.0,0.0,103.05028533935547,7266,3,-0.14629676938056946
1790090759.8274357,1,0.6699866056442261,1.0,0.0,103.94446563720703,7273,3,-0.18055608868598938
1790090759.8779821,1,0.6702991127967834,1.0,0.0,104.80342102050781,7533,3,-0.20195336639881134
1790090759.9286244,1,0.6706344485282898,1.0,0.0,105.65058135986328,7432,3,-0.20043730735778809
1790090759.9794853,1,0.6709719896316528,1.0,0.0,106.54631042480469,7442,3,-0.19885890185832977
1790090760.0301347,1,0.6713336110115051,1.0,0.0,107.37220764160156,7719,3,-0.19742541015148163
1790090760.080768,1,0.6716343760490417,1.0,0.0,108.20376586914062,7676,3,-0.1772184520959854
1790090760.131673,1,0.6720009446144104,1.0,0.0,108.10205841064453,8211,4,-0.016568411141633987
1790090760.182363,1,0.6723654270172119,1.0,0.0,108.96063232421875,6033,4,-0.017114851623773575
1790090760.2333531,1,0.6726738214492798,1.0,0.0,109.84741973876953,5823,4,-0.04915297031402588
1790090760.2840989,1,0.6730464100837708,1.0,0.0,110.86951446533203,5900,4,0.0
1790090760.3349476,1,0.6734028458595276,1.0,0.0,111.83515930175781,5984,4,0.0
1790090760.3860066,1,0.6737834215164185,1.0,0.0,113.07074737548828,6085,4,0.0
1790090760.436633,1,0.6741054654121399,1.0,0.0,114.44355773925781,6123,4,-0.0017792786238715053
1790090760.4871807,1,0.6744967103004456,1.0,0.0,115.9284896850586,6239,4,-0.03175259009003639
1790090760.5380907,1,0.6748497486114502,1.0,0.0,117.33043670654297,6268,4,-0.061224717646837234
1790090760.5888119,1,0.6752482652664185,1.0,0.0,118.8692398071289,6338,4,-0.09020300954580307
1790090760.6397078,1,0.6755850911140442,1.0,0.0,120.28805541992188,6357,4,-0.1186816468834877
1790090760.6905534,1,0.6759953498840332,1.0,0.0,121.35662841796875,6543,4,-0.14510609209537506
1790090760.7414308,1,0.6764105558395386,1.0,0.0,122.43468475341797,6500,4,-0.1744862198829651
1790090760.7920644,1,0.676781177520752,1.0,0.0,123.4267349243164,6492,4,-0.1731610745191574
1790090760.8426244,1,0.6771774888038635,1.0,0.0,124.23340606689453,6605,4,-0.172098308801651
1790090760.8931422,1,0.677554190158844,1.0,0.0,124.88945770263672,6680,4,-0.1712435483932495
1790090760.944115,1,0.6779796481132507,1.0,0.0,125.52666473388672,6703,4,-0.17042143642902374
1790090760.9947045,1,0.678384006023407,1.0,0.0,126.03150177001953,6673,4,-0.16977567970752716
1790090761.0451806,1,0.6787622570991516,1.0,0.0,126.46836853027344,6670,4,-0.16922079026699066
1790090761.0957668,1,0.6791898608207703,1.0,0.0,126.86287689208984,6650,4,-0.08392813801765442
1790090761.1466238,1,0.6795727610588074,1.0,0.0,127.2844467163086,6663,4,0.0
1790090761.197549,1,0.6800031065940857,1.0,0.0,127.72868347167969,6763,4,0.0
1790090761.2486238,1,0.6803625822067261,1.0,0.0,128.20748901367188,6813,4,0.0
1790090761.2994492,1,0.680794358253479,1.0,0.0,128.76388549804688,6876,4,-0.024137746542692184
1790090761.350079,1,0.6811815500259399,1.0,0.0,129.2467498779297,6855,4,-0.04963348060846329
1790090761.4006348,1,0.6816182136535645,1.0,0.0,129.73782348632812,6818,4,-0.0749860554933548
1790090761.4516473,1,0.6820074319839478,1.0,0.0,130.25013732910156,6886,4,-0.10018686950206757
1790090761.5021915,1,0.6824479103088379,1.0,0.0,130.77122497558594,7014,4,-0.12523184716701508
1790090761.553072,1,0.6828402280807495,0.0,0.0,131.38182067871094,6850,4,-0.15010002255439758
1790090761.6039035,1,0.6832827925682068,0.0,0.0,131.22384643554688,6669,4,-0.16340729594230652
1790090761.6547217,1,0.6836751103401184,0.0,0.0,130.7640838623047,6626,4,-0.16395185887813568
1790090761.7052455,1,0.6841160655021667,0.0,0.0,130.2457275390625,6596,4,-0.1645701676607132
1790090761.7561767,1,0.6845062971115112,0.0,0.0,129.712158203125,6568,4,-0.1652115285396576
1790090761.8071005,1,0.6849433779716492,0.0,0.0,129.17413330078125,6542,4,-0.16586332023143768
1790090761.8578038,1,0.6853320002555847,0.12000001221895218,0.0,128.65858459472656,6552,4,-0.1664927452802658
1790090761.9085042,1,0.6857669949531555,0.31199994683265686,0.0,128.38790893554688,6626,4,-0.16682511568069458
1790090761.959054,1,0.6861564517021179,0.5159999132156372,0.0,128.45498657226562,6739,4,-0.16674260795116425
1790090762.01004,1,0.6865454316139221,0.7200003266334534,0.0,128.87342834472656,6781,4,-0.16622985899448395
1790090762.0610254,1,0.6869873404502869,0.9240007400512695,0.0,129.3523712158203,6879,4,-0.16564683616161346
1790090762.1117535,1,0.6873803734779358,1.0,0.0,129.8660888671875,6972,4,-0.165025994181633
1790090762.1625376,1,0.6877737045288086,1.0,0.0,130.29782104492188,6957,4,-0.07973606884479523
1790090762.2130303,1,0.6882463693618774,1.0,0.0,130.7873077392578,6938,4,0.0
1790090762.2637293,1,0.6886450052261353,1.0,0.0,131.29864501953125,6928,4,0.0
1790090762.3146908,1,0.6890455484390259,1.0,0.0,131.8267059326172,6908,4,0.0
1790090762.365509,1,0.6895230412483215,1.0,0.0,132.35256958007812,6989,4,-0.012991559691727161
1790090762.4162424,1,0.6899274587631226,1.0,0.0,132.97203063964844,6970,4,-0.037404149770736694
1790090762.467065,1,0.6903331279754639,1.0,0.0,133.62811279296875,7136,4,0.0
1790090762.5179029,1,0.6908196806907654,1.0,0.0,134.32281494140625,7172,4,0.0
1790090762.5688186,1,0.6912310123443604,1.0,0.0,135.12550354003906,7220,4,0.0
1790090762.619473,1,0.6916458010673523,1.0,0.0,136.06295776367188,7257,4,0.0
1790090762.670051,1,0.692142128944397,1.0,0.0,137.16845703125,7231,4,0.0
1790090762.7210662,1,0.6925647258758545,1.0,0.0,138.2552947998047,7408,4,0.0
1790090762.7717152,1,0.6930176615715027,1.0,0.0,139.51919555664062,7430,4,0.0
1790090762.8225856,1,0.6935022473335266,1.0,0.0,140.7903289794922,7481,4,0.0
1790090762.8735247,1,0.6939379572868347,1.0,0.0,142.00074768066406,7395,4,0.0
1790090762.9239588,1,0.694376528263092,1.0,0.0,143.0725555419922,7625,4,0.0
1790090762.9748268,1,0.6949029564857483,1.0,0.0,143.84686279296875,7887,4,0.0
1790090763.0256164,1,0.6953495740890503,1.0,0.0,144.99786376953125,7726,4,0.0024737922940403223
1790090763.0768006,1,0.6958003044128418,1.0,0.0,146.4092254638672,7711,4,0.023300040513277054
1790090763.1276677,1,0.6963405609130859,1.0,0.0,147.73995971679688,7793,4,0.04377998784184456
1790090763.178536,1,0.6968004107475281,1.0,0.0,149.18325805664062,7817,4,0.06391562521457672
1790090763.2295306,1,0.6972651481628418,1.0,0.0,150.4032745361328,7883,4,0.0837315246462822
1790090763.2804506,1,0.6977336406707764,1.0,0.0,151.30764770507812,7975,4,0.08210588991641998
1790090763.331189,1,0.6982951760292053,1.0,0.0,151.9918975830078,8251,4,0.0
1790090763.381815,1,0.6987700462341309,1.0,0.0,152.9243927001953,8200,4,0.0
1790090763.432499,1,0.6992466449737549,1.0,0.0,153.80911254882812,8159,4,0.0
1790090763.483495,1,0.699816882610321,1.0,0.0,154.88893127441406,8047,4,0.0
1790090763.5343704,1,0.7003000974655151,1.0,0.0,155.8917694091797,8223,4,0.0
1790090763.5851579,1,0.7008171081542969,1.0,0.0,156.78709411621094,8422,4,0.0
1790090763.6358967,1,0.7013066411018372,1.0,0.0,157.72537231445312,8398,4,0.0
1790090763.6866,1,0.7018908262252808,1.0,0.0,158.02699279785156,8185,1,0.0
1790090763.7377448,1,0.7023825645446777,1.0,0.0,158.3811492919922,8080,5,0.0
1790090763.7886865,1,0.7028767466545105,1.0,0.0,159.2982177734375,6679,5,0.0
1790090763.8392448,1,0.7034685611724854,1.0,0.0,160.42178344726562,6644,5,0.013350782915949821
1790090763.889993,1,0.7039707899093628,1.0,0.0,161.4746551513672,6802,5,0.030585896223783493
1790090763.9405167,1,0.7044762372970581,1.0,0.0,162.4751739501953,6784,5,0.047604750841856
1790090763.9915168,1,0.7049849629402161,1.0,0.0,163.52590942382812,6787,5,0.06439919769763947
1790090764.042255,1,0.7055926322937012,1.0,0.0,164.55198669433594,6749,5,0.08098768442869186
1790090764.0929728,1,0.7061079740524292,1.0,0.0,165.42405700683594,6949,5,0.09737402200698853
1790090764.143762,1,0.706626296043396,1.0,0.0,166.51239013671875,6860,5,0.11354384571313858
1790090764.1944888,1,0.7072440981864929,1.0,0.0,167.0318145751953,7051,5,0.1298239827156067
1790090764.2450304,1,0.7077657580375671,1.0,0.0,167.63095092773438,7083,5,0.08219821751117706
1790090764.2957458,1,0.7083211541175842,1.0,0.0,167.9144287109375,7004,5,0.0
1790090764.346701,1,0.7088446021080017,1.0,0.0,168.53619384765625,7069,5,0.0
1790090764.3976665,1,0.7094687819480896,1.0,0.0,169.2327423095703,7153,5,0.0
1790090764.44848,1,0.7099962830543518,1.0,0.0,170.17079162597656,7170,5,0.00542748486623168
1790090764.499158,1,0.7105261087417603,1.0,0.0,171.0491943359375,7147,5,0.020683594048023224
1790090764.5498333,1,0.7110585570335388,1.0,0.0,171.9430694580078,7234,5,0.03577680140733719
1790090764.6008046,1,0.7116937637329102,1.0,0.0,172.6202392578125,7258,5,0.05071775242686272
1790090764.6520314,1,0.7122309803962708,1.0,0.0,173.5760955810547,7288,5,0.06550455093383789
1790090764.7027817,1,0.712871789932251,1.0,0.0,174.500244140625,7359,5,0.08011260628700256
1790090764.7538545,1,0.7134140729904175,1.0,0.0,175.36941528320312,7364,5,0.09455674141645432
1790090764.8044667,1,0.7139593362808228,1.0,0.0,176.2293701171875,7368,5,0.10883796960115433
1790090764.855511,1,0.7146093845367432,1.0,0.0,177.09530639648438,7459,5,0.1227349117398262
1790090764.9064937,1,0.71515953540802,1.0,0.0,178.01768493652344,7481,5,0.12212368845939636
1790090764.9574063,1,0.7157120704650879,1.0,0.0,178.8970947265625,7531,5,0.12154658883810043
1790090765.0082862,1,0.7163365483283997,1.0,0.0,179.64280700683594,7562,5,0.12106148153543472
1790090765.058885,1,0.7168935537338257,1.0,0.0,180.35223388671875,7533,5,0.12060356885194778
1790090765.1093996,1,0.7174872756004333,1.0,0.0,180.9771270751953,7534,5,0.12020305544137955
1790090765.1601152,1,0.7181187272071838,1.0,0.0,181.5890655517578,7631,5,0.11981344223022461
1790090765.210762,1,0.7186815738677979,1.0,0.0,182.15406799316406,7636,5,0.11945593357086182
1790090765.2617607,1,0.7192460894584656,1.0,0.0,182.6893768310547,7649,5,0.11911918222904205
1790090765.3125474,1,0.7199183106422424,1.0,0.0,183.18055725097656,7674,5,0.11881185322999954
1790090765.362998,1,0.7204862833023071,1.0,0.0,183.6930694580078,7678,5,0.11849287152290344
1790090765.4139402,1,0.7210538387298584,1.0,0.0,184.174560546875,7716,5,0.11819473654031754
1790090765.4645197,1,0.7216956615447998,1.0,0.0,184.57498168945312,7678,5,0.0
1790090765.5156174,1,0.7222672700881958,1.0,0.0,185.1416473388672,7774,5,0.0
1790090765.5665739,1,0.7228409051895142,1.0,0.0,185.85536193847656,7808,5,0.0
1790090765.617515,1,0.723523736000061,1.0,0.0,186.5262908935547,7780,5,0.005868756677955389
1790090765.6686187,1,0.724101722240448,1.0,0.0,187.191162109375,7845,5,0.01826339401304722
1790090765.7193353,1,0.7247537970542908,1.0,0.0,188.06619262695312,7865,5,0.030533885583281517
1790090765.7699425,1,0.725335419178009,1.0,0.0,188.97340393066406,7874,5,0.042663946747779846
1790090765.8205922,1,0.7259204983711243,1.0,0.0,189.824951171875,7910,5,0.053947944194078445
1790090765.871541,1,0.7266172170639038,1.0,0.0,190.7240447998047,7926,5,0.06580457836389542
1790090765.922236,1,0.7272082567214966,1.0,0.0,191.64401245117188,7930,5,0.07752040773630142
1790090765.9731362,1,0.7278754115104675,1.0,0.0,192.51918029785156,7975,5,0.08910088241100311
1790090766.0237055,1,0.7284706830978394,1.0,0.0,193.36444091796875,8027,5,0.1005530133843422
1790090766.074194,1,0.7291058897972107,1.0,0.0,194.18350219726562,8078,5,0.11232036352157593
1790090766.124891,1,0.7297069430351257,1.0,0.0,194.97470092773438,8137,5,0.11188079416751862
1790090766.1761022,1,0.7303845286369324,1.0,0.0,195.7038116455078,8229,5,0.1114787757396698
1790090766.2271626,1,0.7309896945953369,1.0,0.0,196.30892944335938,8256,5,0.11114729940891266
1790090766.277733,1,0.7315964102745056,1.0,0.0,196.8641815185547,8221,5,0.11084485799074173
1790090766.328642,1,0.7323195934295654,1.0,0.0,197.28536987304688,8272,5,0.06341768801212311
1790090766.3793893,1,0.7329297065734863,1.0,0.0,197.78790283203125,8237,5,0.0
1790090766.4299715,1,0.7335795760154724,1.0,0.0,198.28004455566406,8344,5,0.0
1790090766.4810216,1,0.734192967414856,1.0,0.0,198.80380249023438,8332,5,0.005628704559057951
1790090766.531785,1,0.7348452806472778,1.0,0.0,199.3970947265625,8364,5,0.016199972480535507
1790090766.5826004,1,0.7355801463127136,1.0,0.0,199.97906494140625,8401,5,0.026072707027196884
1790090766.633086,1,0.7361999750137329,1.0,0.0,200.6131134033203,8428,5,0.03647735342383385
1790090766.6835692,1,0.7368223667144775,1.0,0.0,201.31640625,8391,5,0.016629230231046677
1790090766.7344527,1,0.7375615239143372,1.0,0.0,201.89767456054688,8433,5,0.0
1790090766.784961,1,0.7381866574287415,1.0,0.0,202.4239501953125,8411,5,0.0
1790090766.8357875,1,0.7388136386871338,1.0,0.0,203.18943786621094,8430,5,0.0
1790090766.8868706,1,0.7395617961883545,1.0,0.0,204.02247619628906,8431,5,0.0
1790090766.9377143,1,0.740195631980896,1.0,0.0,204.77992248535156,8407,5,0.0
1790090766.9882138,1,0.7408321499824524,1.0,0.0,205.63380432128906,8447,5,0.0
1790090767.038718,1,0.7415512800216675,1.0,0.0,206.4718475341797,8537,5,0.0
1790090767.0896986,1,0.742193341255188,1.0,0.0,207.3687744140625,8545,5,0.0
1790090767.14087,1,0.7428790926933289,1.0,0.0,208.2456512451172,8560,5,0.0
1790090767.1917174,1,0.7436092495918274,1.0,0.0,209.1671905517578,8590,5,0.0
1790090767.2422867,1,0.7443004846572876,1.0,0.0,209.54776000976562,8426,1,0.0
1790090767.293069,1,0.7449917793273926,1.0,0.0,209.50242614746094,8384,6,0.0
1790090767.344237,1,0.7456443309783936,1.0,0.0,210.35731506347656,6940,6,0.0
1790090767.394746,1,0.7463399171829224,1.0,0.0,211.11917114257812,6940,6,0.0
1790090767.4455657,1,0.747038722038269,1.0,0.0,211.89181518554688,6935,6,0.00527179054915905
1790090767.49619,1,0.7477826476097107,1.0,0.0,212.58319091796875,6973,6,0.014197641983628273
1790090767.5472605,1,0.7484450340270996,1.0,0.0,213.36538696289062,6970,6,0.0
1790090767.5983932,1,0.7491515874862671,1.0,0.0,214.09144592285156,6991,6,0.0
1790090767.6492,1,0.7498600482940674,1.0,0.0,214.8534698486328,7011,6,0.0
1790090767.6998627,1,0.750572144985199,1.0,0.0,215.5880584716797,7068,6,0.0
1790090767.7506106,1,0.7512863874435425,1.0,0.0,216.29327392578125,7136,6,-0.007350000087171793
1790090767.8013318,1,0.7520021200180054,1.0,0.0,217.0098114013672,7167,6,-0.016274994239211082
1790090767.8520336,1,0.7527209520339966,1.0,0.0,217.78517150878906,7149,6,-0.02519998699426651
1790090767.9029722,1,0.7534412741661072,1.0,0.0,218.51971435546875,7164,6,0.0
1790090767.9536567,1,0.754163920879364,1.0,0.0,219.24896240234375,7179,6,0.0
1790090768.0045245,1,0.7548054456710815,1.0,0.0,219.9547882080078,7186,6,0.0
1790090768.054954,1,0.7555769681930542,1.0,0.0,220.67105102539062,7226,6,0.0
1790090768.1056378,1,0.7563073039054871,1.0,0.0,221.37979125976562,7258,6,0.0
1790090768.1561835,1,0.7570841908454895,1.0,0.0,222.07652282714844,7296,6,0.0
1790090768.206844,1,0.7576897144317627,1.0,0.0,222.79574584960938,7306,6,-0.007350000087171793
1790090768.257542,1,0.7584700584411621,1.0,0.0,223.5221405029297,7326,6,-0.016274994239211082
1790090768.3088691,1,0.7592107653617859,1.0,0.0,224.21202087402344,7360,6,-0.02519998699426651
1790090768.3601563,1,0.7599957585334778,1.0,0.0,224.90586853027344,7395,6,0.0
1790090768.4111576,1,0.7607844471931458,1.0,0.0,225.58860778808594,7441,6,0.0
1790090768.46182,1,0.7613995671272278,1.0,0.0,226.31214904785156,7431,6,0.0
1790090768.5127234,1,0.7622366547584534,1.0,0.0,227.0405731201172,7425,6,0.0
1790090768.5631645,1,0.7630324959754944,1.0,0.0,227.74627685546875,7446,6,0.0
1790090768.6139777,1,0.7636974453926086,1.0,0.0,228.44482421875,7467,6,0.0
1790090768.6645422,1,0.7644976377487183,1.0,0.0,229.0982666015625,7497,6,0.0
1790090768.7154205,1,0.7651658058166504,1.0,0.0,229.7847442626953,7534,6,0.0
1790090768.7661068,1,0.765972375869751,1.0,0.0,230.46995544433594,7563,6,0.0
1790090768.816634,1,0.766644299030304,1.0,0.0,231.1615447998047,7595,6,0.0
1790090768.8673363,1,0.767500102519989,1.0,0.0,231.86447143554688,7608,6,0.0
1790090768.9181614,1,0.7681770920753479,1.0,0.0,232.57363891601562,7620,6,0.0
1790090768.9687662,1,0.7690372467041016,1.0,0.0,233.2754669189453,7640,6,0.0
1790090769.0193582,1,0.7697182893753052,1.0,0.0,233.9792022705078,7657,6,0.0
1790090769.070142,1,0.7705845832824707,1.0,0.0,234.68218994140625,7669,6,0.0
1790090769.1211324,1,0.7713163495063782,1.0,0.0,235.36094665527344,7715,6,0.0
1790090769.171918,1,0.7721410393714905,1.0,0.0,236.05369567871094,7732,6,0.0
1790090769.2226167,1,0.7728770971298218,1.0,0.0,236.7194366455078,7734,6,0.0
1790090769.2732284,1,0.773613452911377,1.0,0.0,237.419677734375,7763,6,0.0
1790090769.323768,1,0.7744927406311035,1.0,0.0,238.04331970214844,7848,6,0.0
1790090769.3745053,1,0.7752341628074646,1.0,0.0,238.74032592773438,7846,6,0.0
1790090769.4250855,1,0.775977373123169,1.0,0.0,239.47723388671875,7820,6,0.0
1790090769.4757848,1,0.7767221331596375,1.0,0.0,240.17532348632812,7851,6,0.0
1790090769.5267367,1,0.7776101231575012,1.0,0.0,240.83226013183594,7900,6,0.0
1790090769.5778074,1,0.7783604264259338,1.0,0.0,241.5417022705078,7903,6,0.006825000047683716
1790090769.6286583,1,0.7791597247123718,1.0,0.0,242.2542724609375,7881,6,0.0
1790090769.6795387,1,0.7800551652908325,1.0,0.0,242.9080047607422,7936,6,0.0
1790090769.7300222,1,0.7808122038841248,1.0,0.0,243.60899353027344,7946,6,0.0
1790090769.7805166,1,0.7815223932266235,1.0,0.0,244.22540283203125,7993,6,0.0
1790090769.8311594,1,0.7822821736335754,1.0,0.0,244.8211669921875,8111,6,0.0
1790090769.8816483,1,0.7831873893737793,1.0,0.0,245.5156707763672,8094,6,0.0
1790090769.9324348,1,0.7839531898498535,1.0,0.0,246.24969482421875,8051,6,-0.0057749999687075615
1790090769.982942,1,0.7848628759384155,1.0,0.0,246.93008422851562,8062,6,0.0
1790090770.0341163,1,0.7855841517448425,1.0,0.0,247.61488342285156,8095,6,0.0
1790090770.084967,1,0.7864991426467896,1.0,0.0,248.30764770507812,8102,6,0.0
1790090770.1357384,1,0.7872247099876404,1.0,0.0,248.976806640625,8105,6,0.0
1790090770.1863456,1,0.7880000472068787,1.0,0.0,249.6352996826172,8138,6,0.0
1790090770.2370288,1,0.7888743281364441,1.0,0.0,250.29483032226562,8154,6,0.0
1790090770.2878988,1,0.7896530628204346,1.0,0.0,250.93292236328125,8204,6,0.0
1790090770.338531,1,0.7905318737030029,1.0,0.0,251.52279663085938,8258,6,0.0
1790090770.3895128,1,0.7913147807121277,1.0,0.0,251.73483276367188,8088,1,0.0
1790090770.4400923,1,0.7921950221061707,1.0,0.0,251.7113037109375,8390,7,0.0
1790090770.4907866,1,0.7929303050041199,1.0,0.0,252.58531188964844,6703,7,0.0
1790090770.5416274,1,0.7938640713691711,1.0,0.0,253.13504028320312,6707,7,0.0
1790090770.5924182,1,0.794603168964386,1.0,0.0,253.69117736816406,6736,7,0.0
1790090770.6432104,1,0.7954912781715393,1.0,0.0,254.23760986328125,6767,7,0.0
1790090770.6938603,1,0.7964311242103577,1.0,0.0,254.77552795410156,6803,7,0.0
1790090770.744543,1,0.7971744537353516,1.0,0.0,255.3690643310547,6788,7,0.006300000008195639
1790090770.7953234,1,0.7981186509132385,1.0,0.0,255.93887329101562,6801,7,0.0
1790090770.8461514,1,0.7988656163215637,1.0,0.0,256.4482727050781,6864,7,0.0
1790090770.897216,1,0.7997640371322632,0.0,0.0,256.8694763183594,6702,7,0.0
1790090770.9478405,1,0.800512433052063,0.0,0.0,256.5708923339844,6689,7,0.0
1790090770.9987695,1,0.801457941532135,0.0,0.9553203582763672,254.84542846679688,6516,7,0.0
1790090771.0497863,1,0.8021975755691528,0.0,1.0,251.9288787841797,6365,7,0.0
1790090771.1005552,1,0.8030751943588257,0.0,0.9997225403785706,249.11170959472656,6206,7,0.0
1790090771.1512747,1,0.8038459420204163,0.0,0.7966290712356567,246.0988311767578,6804,1,0.0
1790090771.2020872,1,0.8047025203704834,0.0,1.0,243.169677734375,6518,1,0.0
1790090771.2530103,1,0.8055483102798462,0.0,0.9447900056838989,240.34915161132812,7045,6,0.0
1790090771.3039765,1,0.8062450885772705,0.0,1.0,237.26290893554688,7291,6,0.0
1790090771.3546388,1,0.807070255279541,0.0,1.0,234.11732482910156,7252,6,0.0
1790090771.405735,1,0.8078842759132385,0.0,1.0,231.34237670898438,7041,6,0.0
1790090771.4566336,1,0.8085548281669617,0.0,1.0,228.43560791015625,6944,6,0.0
1790090771.5074835,1,0.809305727481842,0.0,1.0,225.4702606201172,6837,6,0.0
1790090771.558167,1,0.8101333975791931,0.0,1.0,222.26515197753906,6796,6,0.0
1790090771.6088939,1,0.8107765316963196,0.0,1.0,219.03207397460938,6817,6,0.0
1790090771.6595335,1,0.8115379810333252,0.0,1.0,216.01748657226562,6747,6,0.0
1790090771.7105625,1,0.8122475147247314,0.0,0.8593385219573975,213.32347106933594,7370,1,0.0
1790090771.7613325,1,0.8128668665885925,0.0,0.8966544270515442,210.93251037597656,7055,1,0.0
1790090771.812097,1,0.8136012554168701,0.0,0.9540619850158691,208.28330993652344,7364,5,0.0
1790090771.8628693,1,0.8143254518508911,0.0,1.0,205.3231201171875,7372,5,0.0
1790090771.9136343,1,0.8149204254150391,0.0,1.0,202.2893524169922,7475,5,0.0
1790090771.9644797,1,0.8156228065490723,0.0,1.0,199.03427124023438,7581,5,0.000622444786131382
1790090772.0151145,1,0.8163137435913086,0.0,0.9906487464904785,196.15003967285156,7521,5,0.011423966847360134
1790090772.06591,1,0.8168827295303345,0.0,0.9691193699836731,193.56832885742188,7392,5,0.0226090457290411
1790090772.1166515,1,0.8175550103187561,0.0,0.989051342010498,190.91941833496094,7330,5,0.0
1790090772.1673746,1,0.8182183504104614,0.0,1.0,188.12522888183594,7228,5,0.0
1790090772.2181578,1,0.8187623620033264,0.0,1.0,185.2121124267578,7145,5,0.0
1790090772.2690022,1,0.8194059729576111,0.0,1.0,182.3129425048828,7066,5,0.0
1790090772.3198318,1,0.8200034499168396,0.0,1.0,179.5147247314453,6952,5,0.0
1790090772.370481,1,0.8205244541168213,0.0,1.0,176.8082275390625,6842,5,0.0
1790090772.4212687,1,0.8211390972137451,0.0,1.0,174.12905883789062,6685,5,0.0
1790090772.4718826,1,0.8217442035675049,0.0,1.0,171.3424835205078,6548,5,0.0
1790090772.5226634,1,0.8222407102584839,0.0,1.0,168.53424072265625,6464,5,0.0
1790090772.5734315,1,0.8228583931922913,0.8999999761581421,1.0,165.954833984375,7004,1,0.0
1790090772.6239283,1,0.8233384490013123,0.0,1.0,163.20094299316406,6851,1,0.0
1790090772.6748044,1,0.8239061236381531,0.0,1.0,160.45352172851562,6874,4,0.0
1790090772.7257137,1,0.8244014978408813,0.0,1.0,157.61419677734375,7170,4,0.0
1790090772.7767136,1,0.8249493837356567,0.0,0.9996960759162903,154.80999755859375,7235,4,0.009776841849088669
1790090772.827622,1,0.8254292607307434,0.0,1.0,151.91598510742188,7225,4,0.028752638027071953
1790090772.8784575,1,0.8259589076042175,0.0,0.9781537055969238,149.11386108398438,7253,4,0.048417266458272934
1790090772.929257,1,0.8263940215110779,0.0,0.9767159223556519,146.61436462402344,7138,4,0.06873422116041183
1790090772.979958,1,0.8269365429878235,0.0,0.9387348890304565,144.2190399169922,6980,4,0.08966521173715591
1790090773.0308294,1,0.8273573517799377,0.0,0.9889888763427734,141.7927703857422,6880,4,0.11122284829616547
1790090773.0817442,1,0.8278815746307373,0.0,0.9967238306999207,139.40126037597656,6781,4,0.12265011668205261
1790090773.1323147,1,0.8282886147499084,0.0,1.0,136.93870544433594,6688,4,0.0
1790090773.182959,1,0.8287950158119202,0.0,0.9846557974815369,134.5163116455078,6640,4,0.011170171201229095
1790090773.233758,1,0.8292145133018494,0.0,0.0,133.22857666015625,6742,4,0.035307612270116806
1790090773.2847981,1,0.8296067714691162,0.0,0.0,132.93594360351562,6742,4,0.059599168598651886
1790090773.3355575,1,0.8301001787185669,0.0,0.0,132.67649841308594,6728,4,0.08253601938486099
1790090773.3865178,1,0.8305143713951111,0.0,0.0,132.3904266357422,6710,4,0.10698598623275757
1790090773.4371195,1,0.8310050964355469,0.0,0.0,132.0867462158203,6691,4,0.13152267038822174
1790090773.487807,1,0.8314167857170105,0.0,0.0,131.74546813964844,6675,4,0.15615475177764893
1790090773.538567,1,0.8318281769752502,0.0,0.0,131.3746795654297,6658,4,0.16322943568229675
1790090773.5890589,1,0.8322362899780273,0.0,0.0,130.97525024414062,6638,4,0.16370128095149994
1790090773.6396036,1,0.8327203989028931,0.0,0.0,130.56202697753906,6614,4,0.1641923189163208
1790090773.6905773,1,0.833125650882721,0.0,0.0,130.1392822265625,6586,4,0.16469772160053253
1790090773.741164,1,0.8336057066917419,0.0,0.0,129.71160888671875,6556,4,0.16521219909191132
1790090773.7920358,1,0.8339827060699463,0.0,0.0,129.27288818359375,6527,4,0.16574329137802124
1790090773.8433826,1,0.8343831896781921,0.0,0.0,128.8026580810547,6500,4,0.16631634533405304
1790090773.894199,1,0.8348582983016968,0.17999999225139618,0.0,128.3388671875,6551,4,0.16688548028469086
1790090773.9448354,1,0.8352310061454773,0.38399991393089294,0.0,128.14537048339844,6662,4,0.03465467318892479
1790090773.995334,1,0.8357038497924805,0.5760000348091125,0.0,128.39064025878906,6812,4,0.0
1790090774.0462017,1,0.8360777497291565,0.7800004482269287,0.0,128.94464111328125,6869,4,0.007511704228818417
1790090774.0969796,1,0.8365548253059387,0.9840008616447449,0.0,129.5200958251953,6913,4,0.03293556720018387
1790090774.1477315,1,0.8369322419166565,1.0,0.0,130.07383728027344,6920,4,0.05819317698478699
1790090774.1988683,1,0.8374123573303223,1.0,0.0,130.6318359375,6906,4,0.08328491449356079
1790090774.249724,1,0.8377926349639893,1.0,0.0,131.19375610351562,6885,4,0.10820886492729187
1790090774.3003843,1,0.8382763862609863,1.0,0.0,131.74156188964844,6964,4,0.13296912610530853
1790090774.3510902,1,0.8386596441268921,1.0,0.0,132.35829162597656,7118,4,0.15755483508110046
1790090774.4016984,1,0.839123010635376,0.0,0.0,132.57122802734375,6736,4,0.1618320643901825
1790090774.452458,1,0.8395344614982605,0.0,0.0,132.27981567382812,6682,4,0.1621701717376709
1790090774.502996,1,0.8399950861930847,0.0,0.0,131.88339233398438,6656,4,0.16263240575790405
1790090774.5537004,1,0.8404035568237305,0.0,0.0,131.44113159179688,6643,4,0.16315120458602905
1790090774.604302,1,0.8408104777336121,0.035999998450279236,0.0,130.9569091796875,6638,4,0.16372303664684296
1790090774.654881,1,0.8412929177284241,0.23999996483325958,0.0,130.54864501953125,6723,4,0.1642082780599594
1790090774.7055826,1,0.8416975736618042,0.44399988651275635,0.0,130.53326416015625,6813,4,0.16422662138938904
1790090774.756416,1,0.8421041369438171,0.648000180721283,0.0,131.05332946777344,6897,4,0.1636088341474533
1790090774.8073406,1,0.8425889611244202,0.8520005941390991,0.0,131.81103515625,7046,4,0.07814887166023254
1790090774.8579438,1,0.8429737687110901,1.0,0.0,132.4166259765625,7019,4,0.0
1790090774.908805,1,0.843205988407135,1.0,0.0,133.18862915039062,7212,4,0.0
1790090774.9597764,1,0.8439072966575623,1.0,0.0,134.04896545410156,7155,4,0.024121563881635666
1790090775.010609,1,0.8442999124526978,1.0,0.0,135.0216064453125,7236,4,0.0479818619787693
1790090775.0612712,1,0.8447762131690979,1.0,0.0,136.20181274414062,7186,4,0.07153467833995819
1790090775.112106,1,0.8452023863792419,1.0,0.0,137.3387451171875,7351,4,0.09475738555192947
1790090775.1628063,1,0.8457130789756775,1.0,0.0,138.39830017089844,7414,4,0.1176714152097702
1790090775.2137399,1,0.8461192846298218,1.0,0.0,139.3740997314453,7464,4,0.13897348940372467
1790090775.264305,1,0.8465291857719421,1.0,0.0,140.19752502441406,7564,4,0.15345893800258636
1790090775.3147626,1,0.8470492362976074,1.0,0.0,140.70729064941406,7543,4,0.15293003618717194
1790090775.3657305,1,0.847544252872467,1.0,0.0,141.37815856933594,7478,4,0.15223951637744904
1790090775.4163995,1,0.8479592800140381,1.0,0.0,142.17959594726562,7576,4,0.15142273902893066
1790090775.4669614,1,0.8484593033790588,1.0,0.0,143.06436157226562,7641,4,0.15053114295005798
1790090775.5176327,1,0.8489338755607605,1.0,0.0,143.94625854492188,7717,4,0.14965283870697021
1790090775.5683799,1,0.8493565320968628,1.0,0.0,144.7306671142578,7702,4,0.14888019859790802
1790090775.6190643,1,0.8498640656471252,1.0,0.0,145.5546875,7752,4,0.1480770707130432
1790090775.6699135,1,0.8503476977348328,1.0,0.0,146.30831909179688,7879,4,0.14735011756420135
1790090775.720615,1,0.8508617877960205,1.0,0.0,146.8686981201172,7796,4,0.14681416749954224
1790090775.771477,1,0.851348340511322,1.0,0.0,147.46560668945312,7888,4,0.14624756574630737
1790090775.8221877,1,0.8518368005752563,1.0,0.0,148.16986083984375,7895,4,0.14558465778827667
1790090775.8732715,1,0.8523280620574951,1.0,0.0,148.86634826660156,7906,4,0.14493493735790253
1790090775.9240758,1,0.8528201580047607,0.0,0.0,149.4295654296875,7697,4,0.1444137692451477
1790090775.9746425,1,0.8533128499984741,0.0,0.0,149.1836700439453,7544,4,0.14464084804058075
1790090776.0252745,1,0.8538046479225159,0.0,0.0,148.72897338867188,7384,1,0.1450626254081726
1790090776.076318,1,0.8542951345443726,0.0,0.0,148.40428161621094,6120,5,0.14536532759666443
1790090776.12708,1,0.8547831177711487,0.0,0.0,148.13706970214844,5922,5,0.1456153839826584
1790090776.1781502,1,0.855272114276886,0.012000000104308128,0.0,147.6875457763672,5901,5,0.1460379958152771
1790090776.229086,1,0.8557296395301819,0.21599997580051422,0.0,147.3379669189453,5948,5,0.1463683396577835
1790090776.2798822,1,0.856214702129364,0.419999897480011,0.0,147.26788330078125,6018,5,0.1464347541332245
1790090776.3305047,1,0.856701135635376,0.6240001320838928,0.0,147.5508575439453,6114,5,0.14616698026657104
1790090776.3813505,1,0.8571601510047913,0.828000545501709,0.0,148.048828125,6192,5,0.14569814503192902
1790090776.43221,1,0.857649028301239,1.0,0.0,148.67747497558594,6230,5,0.14511054754257202
1790090776.4828773,1,0.8581114411354065,1.0,0.0,149.3842010498047,6278,5,0.14445561170578003
1790090776.5336335,1,0.8586063981056213,1.0,0.0,150.0887908935547,6325,5,0.1438084989786148
1790090776.5841658,1,0.859102189540863,1.0,0.0,150.77224731445312,6347,5,0.14318634569644928
1790090776.6348767,1,0.8596001863479614,1.0,0.0,151.4947509765625,6415,5,0.14253443479537964
1790090776.6854615,1,0.8601008057594299,1.0,0.0,152.1713409423828,6398,5,0.14192932844161987
1790090776.7359927,1,0.8606047034263611,1.0,0.0,152.8043670654297,6390,5,-0.00844133272767067
1790090776.7866187,1,0.8611096739768982,1.0,0.0,153.58731079101562,6439,5,-0.027437370270490646
1790090776.8372402,1,0.8616182804107666,1.0,0.0,154.49871826171875,6520,5,-0.04622605815529823
1790090776.8878238,1,0.862129807472229,1.0,0.0,155.4896697998047,6464,5,0.0
1790090776.938634,1,0.8626753091812134,1.0,0.0,156.4550018310547,6569,5,0.0
1790090776.989108,1,0.8631939888000488,1.0,0.0,157.41030883789062,6548,5,0.0
1790090777.0399513,1,0.8637171983718872,1.0,0.0,158.4181671142578,6732,5,0.015791194513440132
1790090777.0907164,1,0.8642438650131226,1.0,0.0,159.6178741455078,6667,5,0.03344806656241417
1790090777.1416647,1,0.8647735714912415,1.0,0.0,160.90455627441406,6694,5,0.0
1790090777.1923053,1,0.8652765154838562,1.0,0.0,162.10475158691406,6752,5,0.0
1790090777.2427516,1,0.8658141493797302,1.0,0.0,163.39593505859375,6777,5,0.0
1790090777.2936466,1,0.8663269281387329,1.0,0.0,164.61260986328125,6894,5,0.0
1790090777.3442068,1,0.8668420910835266,1.0,0.0,165.9055938720703,6881,5,0.0
1790090777.3949523,1,0.8674901723861694,1.0,0.0,167.22052001953125,6928,5,0.0
1790090777.4457338,1,0.8680130839347839,1.0,0.0,168.4474639892578,6988,5,0.0
1790090777.4965746,1,0.8685393929481506,1.0,0.0,169.6136932373047,7049,5,0.0
1790090777.547179,1,0.8690689206123352,1.0,0.0,170.80477905273438,7152,5,0.0
1790090777.597957,1,0.8696348667144775,1.0,0.0,172.07916259765625,7155,5,0.0
1790090777.6488614,1,0.8702729940414429,1.0,0.0,173.29066467285156,7247,5,0.0
1790090777.6996257,1,0.8708139657974243,1.0,0.0,174.5641326904297,7248,5,0.0
1790090777.7503023,1,0.8713582158088684,1.0,0.0,175.77708435058594,7302,5,0.0
1790090777.8012154,1,0.872010350227356,1.0,0.0,177.05569458007812,7339,5,0.0
1790090777.8521118,1,0.8725637197494507,1.0,0.0,178.07180786132812,7405,5,0.0
1790090777.9028254,1,0.8731181025505066,0.0,0.0,178.4949493408203,7156,5,0.0
1790090777.9534347,1,0.8736732602119446,0.0,0.730182409286499,177.56187438964844,6987,5,0.0
1790090778.0041149,1,0.8743278384208679,0.0,0.8847294449806213,175.55152893066406,6811,5,0.0
1790090778.0549235,1,0.8749046921730042,0.0,1.0,173.12564086914062,6680,5,0.0
1790090778.10554,1,0.8754402995109558,0.0,0.6030673980712891,170.57655334472656,6559,5,0.0
1790090778.156346,1,0.8759679198265076,0.0,1.0,167.65284729003906,6583,5,0.013775952160358429
1790090778.2069662,1,0.8765187859535217,0.0,0.8634427785873413,164.99696350097656,6479,5,0.02991827391088009
1790090778.2575903,1,0.8771244883537292,0.0,0.3671593964099884,163.2470245361328,6466,5,0.04651855677366257
1790090778.3083484,1,0.8776605129241943,0.0,0.8724342584609985,161.68295288085938,6305,1,0.0
1790090778.3589385,1,0.878161609172821,0.0,0.6232192516326904,159.56051635742188,6900,1,0.0
1790090778.4095528,1,0.8786866664886475,0.0,1.0,157.1179656982422,6609,4,0.0
1790090778.4606051,1,0.8791995644569397,0.0,1.0,154.3023223876953,7007,4,0.004394119139760733
1790090778.5116787,1,0.8796769380569458,0.0,1.0,151.31500244140625,7090,4,0.023507006466388702
1790090778.5622163,1,0.8801720142364502,0.0,0.9744742512702942,148.3890380859375,7143,4,0.043330591171979904
1790090778.6129868,1,0.8806304335594177,0.0,1.0,145.62644958496094,7146,4,0.06386476755142212
1790090778.6636016,1,0.8811091184616089,0.0,0.7581885457038879,143.535400390625,7100,4,0.08377815037965775
1790090778.7143016,1,0.8815811276435852,0.0,0.7576290965080261,141.80149841308594,6992,4,0.10542558133602142
1790090778.7647808,1,0.8821002244949341,0.0,0.8139164447784424,140.0934600830078,6789,4,0.12752202153205872
1790090778.8157663,1,0.8825591802597046,0.0,0.8150491118431091,138.1521759033203,6658,4,0.1501101553440094
1790090778.86656,1,0.8830105066299438,0.0,1.0,136.0399169921875,6553,4,0.15791314840316772
1790090778.9171884,1,0.8834553360939026,0.0,1.0,133.79666137695312,6472,4,0.16042554378509521
1790090778.9682217,1,0.883891224861145,0.0,0.9739819765090942,131.61752319335938,6364,4,0.16294388473033905
1790090779.0189052,1,0.8842952251434326,0.0,0.9574011564254761,129.4763946533203,6256,4,0.16549651324748993
1790090779.0695028,1,0.8847157955169678,0.0,0.9468799233436584,127.45590209960938,6125,4,0.16797976195812225
1790090779.1199577,1,0.8851056694984436,0.0,0.8863651752471924,125.5085220336914,6039,4,0.17044471204280853
1790090779.1707158,1,0.8855367302894592,0.0,0.9019151926040649,123.70111083984375,5959,4,0.17279812693595886
1790090779.2216048,1,0.8859143257141113,0.0,0.9326048493385315,121.79550170898438,5823,4,0.17535081505775452
1790090779.2724378,1,0.8862836360931396,0.0,0.9679093956947327,119.83177947998047,5689,4,0.17806148529052734
1790090779.3234107,1,0.886713445186615,0.8999999761581421,0.9746560454368591,117.80887603759766,6207,1,0.18094289302825928
1790090779.3739057,1,0.8870702981948853,0.0,0.9523187279701233,115.94054412841797,6089,1,0.183688223361969
1790090779.4248252,1,0.887420117855072,0.0,0.9275034666061401,114.0544662475586,6150,3,0.18654543161392212
1790090779.475583,1,0.8878082633018494,0.0,0.9554076194763184,111.99264526367188,6639,3,0.1897723376750946
1790090779.52605,1,0.8881419897079468,0.0,0.9706466794013977,109.96025085449219,6669,3,0.19306433200836182
1790090779.5771315,1,0.8885146975517273,0.0,0.9664798974990845,107.90567779541016,6573,3,0.196510449051857
1790090779.628155,1,0.8888360261917114,0.0,0.9426600933074951,105.9420166015625,6423,3,0.19992101192474365
1790090779.6788116,1,0.889212429523468,0.0,0.9235779643058777,104.04318237304688,6303,3,0.2033335119485855
1790090779.7293825,1,0.8895050287246704,0.0,0.0,102.66970825195312,6585,3,0.20587536692619324
1790090779.779994,1,0.8898513317108154,0.0,0.0,101.86564636230469,6699,3,0.20739315450191498
1790090779.8307009,1,0.8901494145393372,0.0,0.0,101.2840576171875,6687,3,0.20850498974323273
1790090779.8814692,1,0.8904544711112976,0.0,0.0,100.71884155273438,6639,3,0.20959700644016266
1790090779.9323666,1,0.8907890319824219,0.0,0.0,100.13761901855469,6594,3,0.21073196828365326
1790090779.9830966,1,0.8910855650901794,0.0,0.0,99.52870178222656,6557,3,0.21193425357341766
1790090780.0337183,1,0.8914169073104858,0.0,0.0,98.85420989990234,6529,3,0.21328213810920715
1790090780.0845273,1,0.8917025327682495,0.0,0.0,98.135986328125,6505,3,0.21473637223243713
1790090780.1354496,1,0.8920280933380127,0.0,0.0,97.41447448730469,6471,3,0.21621738374233246
1790090780.1862803,1,0.8923444151878357,0.6499999761581421,0.0,97.09387969970703,6850,3,0.21688200533390045
1790090780.2370396,1,0.8926286697387695,0.6499999761581421,0.0,97.39506530761719,6833,3,0.2162574976682663
1790090780.2879772,1,0.8928970694541931,0.8540003895759583,0.0,97.83023071289062,6873,3,0.21536149084568024
1790090780.3385859,1,0.893240213394165,1.0,0.0,98.355712890625,6866,3,0.2142893671989441
1790090780.3893783,1,0.8935145139694214,1.0,0.0,99.01827239990234,6934,3,0.21295268833637238
1790090780.4400542,1,0.8938546776771545,1.0,0.0,99.89747619628906,7034,3,0.21120448410511017
1790090780.4906688,1,0.8941553831100464,1.0,0.0,100.80647277832031,7203,3,0.20942695438861847
1790090780.5415158,1,0.8944925665855408,1.0,0.0,101.81361389160156,7097,3,0.2074921429157257
1790090780.5928242,1,0.8947961926460266,1.0,0.0,102.76888275146484,7360,3,0.2056896984577179
1790090780.6436687,1,0.8951407670974731,1.0,0.0,103.76280975341797,7317,3,0.203847274184227
1790090780.694386,1,0.8954504728317261,1.0,0.0,104.75572204589844,7238,3,0.20203940570354462
1790090780.745311,1,0.8957720398902893,0.0,0.0,105.63928985595703,7253,3,0.2004573792219162
1790090780.7958796,1,0.8961209654808044,0.0,0.0,105.54861450195312,7114,3,0.20061857998371124
1790090780.8464885,1,0.8964358568191528,0.0,0.0,105.1803207397461,7075,3,0.2012760490179062
1790090780.8970606,1,0.8967908620834351,0.0,0.0,104.76700592041016,7033,3,0.20201905071735382
1790090780.947674,1,0.8971005082130432,0.0,0.0,104.31952667236328,6997,3,0.20282964408397675
1790090780.9984663,1,0.8974497318267822,0.0,0.0,103.95774841308594,6762,1,0.2034897804260254
1790090781.0490143,1,0.8977566957473755,0.0,0.0,103.98846435546875,5349,4,0.2034335881471634
1790090781.0995116,1,0.8980680108070374,0.0,0.0,103.68941497802734,5248,4,0.20398220419883728
1790090781.15032,1,0.8984175324440002,0.0,0.0,103.24948120117188,5220,4,0.20479467511177063
1790090781.2010636,1,0.898727297782898,0.17999999225139618,0.0,102.82282257080078,5268,4,0.20558886229991913
1790090781.2517135,1,0.8990910053253174,0.38399991393089294,0.0,102.66338348388672,5376,4,0.07338948547840118
1790090781.3024783,1,0.8994013071060181,0.5880000591278076,0.0,102.95664978027344,5464,4,0.0
1790090781.353047,1,0.8997150659561157,0.7920004725456238,0.0,103.42889404296875,5543,4,0.0
1790090781.4037464,1,0.9000825881958008,0.9960008859634399,0.0,103.94115447998047,5572,4,0.0
1790090781.4544866,1,0.9003987908363342,1.0,0.0,104.61015319824219,5536,4,0.0
1790090781.5052354,1,0.9007169008255005,1.0,0.0,105.40555572509766,5542,4,0.013834401033818722
1790090781.5558915,1,0.9010778069496155,1.0,0.0,106.18276977539062,5739,4,0.047215189784765244
1790090781.606703,1,0.9013976454734802,1.0,0.0,107.07376098632812,5562,4,0.07834094762802124
1790090781.6574912,1,0.9017273783683777,1.0,0.0,107.99281311035156,5777,4,0.0
1790090781.707978,1,0.9021179676055908,1.0,0.0,109.2534408569336,5893,4,0.0
1790090781.7587476,1,0.9024513363838196,1.0,0.0,110.6321029663086,5960,4,0.0
1790090781.8095906,1,0.9028353691101074,1.0,0.0,112.21304321289062,6018,4,0.0
1790090781.860534,1,0.9031813740730286,1.0,0.0,113.599853515625,5984,4,0.0
1790090781.9111888,1,0.9035329222679138,1.0,0.0,115.1096420288086,6144,4,0.0
1790090781.9617982,1,0.9039343595504761,1.0,0.0,116.67518615722656,6261,4,0.0
1790090782.012413,1,0.9042969346046448,1.0,0.0,118.32365417480469,6308,4,0.022266285493969917
1790090782.0633073,1,0.9047340750694275,1.0,0.0,119.93142700195312,6405,4,0.05089100822806358
1790090782.1143296,1,0.9050856828689575,1.0,0.0,121.38380432128906,6465,4,0.07901494950056076
1790090782.1650152,1,0.9054660201072693,1.0,0.0,122.92472076416016,6436,4,0.00703517347574234
1790090782.215611,1,0.905896782875061,1.0,0.0,124.13163757324219,6614,4,0.0
1790090782.266367,1,0.9062873721122742,1.0,0.0,125.71199035644531,6709,4,0.0
1790090782.317077,1,0.9067555665969849,1.0,0.0,127.2580795288086,6853,4,0.0
1790090782.3680608,1,0.9071303009986877,1.0,0.0,128.68597412109375,6927,4,0.0
1790090782.4187052,1,0.9076133370399475,1.0,0.0,130.30995178222656,6961,4,0.0
1790090782.4691834,1,0.9079961180686951,1.0,0.0,131.9375457763672,7013,4,0.0189563799649477
1790090782.5200467,1,0.908493161201477,1.0,0.0,133.52162170410156,7086,4,0.04333354905247688
1790090782.5713692,1,0.9088902473449707,1.0,0.0,135.07000732421875,7172,4,0.06725526601076126
1790090782.6224189,1,0.9093931317329407,1.0,0.0,136.60435485839844,7256,4,0.0
1790090782.6729856,1,0.9097992777824402,1.0,0.0,138.10743713378906,7362,4,0.0
1790090782.7238307,1,0.9103197455406189,1.0,0.0,139.6243896484375,7428,4,0.0
1790090782.7748458,1,0.9107381701469421,1.0,0.0,141.18527221679688,7458,4,0.0
1790090782.8258307,1,0.9112719893455505,1.0,0.0,142.65841674804688,7583,4,0.0
1790090782.8766937,1,0.911695122718811,1.0,0.0,144.08694458007812,7710,4,0.0
1790090782.9271986,1,0.9122084379196167,1.0,0.0,145.55027770996094,7795,4,0.009860989637672901
1790090782.977958,1,0.9126682877540588,1.0,0.0,147.07289123535156,7812,4,0.030534684658050537
1790090783.0287697,1,0.9131962060928345,1.0,0.0,148.55484008789062,7868,4,0.05082760751247406
1790090783.0792277,1,0.9136689305305481,1.0,0.0,149.9185791015625,7933,4,0.0695958063006401
1790090783.12974,1,0.9141460657119751,1.0,0.0,151.31715393066406,8024,4,0.08919890969991684
1790090783.1802278,1,0.9146822094917297,1.0,0.0,152.68026733398438,8125,4,0.0
1790090783.2310839,1,0.9151343703269958,1.0,0.0,154.02899169921875,8231,4,0.0
1790090783.2819216,1,0.9157089591026306,1.0,0.0,155.38079833984375,8303,4,0.0
1790090783.3325717,1,0.9161649942398071,1.0,0.0,156.74349975585938,8360,4,0.0
1790090783.383306,1,0.9167503714561462,1.0,0.0,158.07911682128906,8431,4,0.0
1790090783.434061,1,0.9172162413597107,1.0,0.0,159.4216766357422,8476,4,0.0
1790090783.4847524,1,0.9178115725517273,1.0,0.0,160.39974975585938,8368,1,0.0
1790090783.535702,1,0.9182794690132141,1.0,0.0,160.31524658203125,8788,5,0.0
1790090783.5863276,1,0.9188492894172668,1.0,0.0,161.5884552001953,6705,5,0.0
1790090783.6372197,1,0.9194179177284241,1.0,0.0,162.7198486328125,6772,5,0.0
1790090783.6877635,1,0.9199307560920715,1.0,0.0,163.91673278808594,6803,5,0.010798860341310501
1790090783.7386172,1,0.9204428791999817,1.0,0.0,165.1339569091797,6835,5,0.027278712019324303
1790090783.789299,1,0.9210237264633179,1.0,0.0,166.31370544433594,6906,5,0.043510232120752335
1790090783.8398492,1,0.9215444922447205,1.0,0.0,167.48428344726562,6970,5,0.0
1790090783.8904188,1,0.9221329092979431,1.0,0.0,168.6905975341797,7001,5,0.0
1790090783.9412754,1,0.922658383846283,1.0,0.0,169.87100219726562,7055,5,0.0
1790090783.9919128,1,0.9232566952705383,1.0,0.0,171.0526885986328,7093,5,0.0
1790090784.0426006,1,0.9237911105155945,1.0,0.0,172.1774139404297,7121,5,0.0
1790090784.0936706,1,0.9243293404579163,1.0,0.0,173.34071350097656,7175,5,0.003473767079412937
1790090784.1447406,1,0.9249374270439148,1.0,0.0,174.51202392578125,7225,5,0.018102405592799187
1790090784.195275,1,0.9254810214042664,1.0,0.0,175.6407012939453,7299,5,0.032517045736312866
1790090784.2457707,1,0.9261311888694763,1.0,0.0,176.77197265625,7345,5,0.0
1790090784.2967284,1,0.9266471266746521,1.0,0.0,177.93099975585938,7372,5,0.0
1790090784.3474104,1,0.9273065328598022,1.0,0.0,179.0724334716797,7409,5,0.0
1790090784.3980038,1,0.927829921245575,1.0,0.0,180.2014923095703,7463,5,0.0
1790090784.448701,1,0.928496778011322,1.0,0.0,181.33815002441406,7506,5,0.011814882978796959
1790090784.4995885,1,0.9290269613265991,1.0,0.0,182.43063354492188,7577,5,0.02502533420920372
1790090784.5505219,1,0.9296665787696838,1.0,0.0,183.5470428466797,7605,5,0.038051240146160126
1790090784.6012597,1,0.9302391409873962,1.0,0.0,184.65557861328125,7636,5,0.0
1790090784.6519692,1,0.9308858513832092,1.0,0.0,185.7452850341797,7691,5,0.0
1790090784.702768,1,0.9314654469490051,1.0,0.0,186.84225463867188,7732,5,0.0
1790090784.7534862,1,0.9320482015609741,1.0,0.0,187.8728790283203,7769,5,0.0
1790090784.8043861,1,0.9327439665794373,1.0,0.0,188.95399475097656,7824,5,0.0
1790090784.8554182,1,0.9333345293998718,1.0,0.0,190.0365753173828,7868,5,0.003504773834720254
1790090784.9066038,1,0.9340011477470398,1.0,0.0,191.1317901611328,7904,5,0.01531180553138256
1790090784.9576411,1,0.9345969557762146,1.0,0.0,192.2121124267578,7943,5,0.0
1790090785.0086765,1,0.9352719783782959,1.0,0.0,193.30662536621094,7973,5,0.0
1790090785.0595307,1,0.9358755350112915,1.0,0.0,194.38284301757812,8014,5,0.0
1790090785.1106608,1,0.936481237411499,1.0,0.0,195.5198974609375,8054,5,0.0
1790090785.1616154,1,0.9372047185897827,1.0,0.0,196.51158142089844,8113,5,0.0
1790090785.2123513,1,0.9378179311752319,1.0,0.0,197.54449462890625,8170,5,0.0
1790090785.2636046,1,0.9384332299232483,1.0,0.0,198.6014404296875,8199,5,0.0
1790090785.3146136,1,0.9391682744026184,1.0,0.0,199.6279754638672,8252,5,0.0
1790090785.36509,1,0.9397910237312317,1.0,0.0,200.68392944335938,8270,5,0.0
1790090785.4159005,1,0.9404168128967285,1.0,0.0,201.7118377685547,8311,5,0.0
1790090785.466785,1,0.9410837888717651,1.0,0.0,202.74806213378906,8337,5,0.0
1790090785.517508,1,0.9418360590934753,1.0,0.0,203.7626953125,8379,5,0.0
1790090785.568614,1,0.9424717426300049,1.0,0.0,204.761474609375,8427,5,0.0
1790090785.619477,1,0.9431089758872986,1.0,0.0,205.7523193359375,8475,5,0.0
1790090785.6702282,1,0.9437907934188843,1.0,0.0,206.7311248779297,8530,5,-0.001125863753259182
1790090785.7210107,1,0.9445567727088928,1.0,0.0,207.7041473388672,8571,5,-0.010628131218254566
1790090785.7716446,1,0.9452036023139954,1.0,0.0,208.71478271484375,8572,5,0.0
1790090785.8221965,1,0.9458951354026794,1.0,0.0,209.6966094970703,8608,5,0.0
1790090785.8730328,1,0.9465487003326416,1.0,0.0,210.6481170654297,8666,5,0.0
1790090785.923851,1,0.9472051858901978,1.0,0.0,211.59498596191406,8719,5,0.0
1790090785.974777,1,0.9479884505271912,1.0,0.0,212.5550079345703,8745,5,0.0
1790090786.0254693,1,0.9486508369445801,1.0,0.0,213.4530487060547,8776,5,0.0
1790090786.0764368,1,0.9493163228034973,1.0,0.0,214.40086364746094,8810,5,0.0
1790090786.1268847,1,0.9501098394393921,1.0,0.0,215.34605407714844,8842,5,0.0
1790090786.177777,1,0.9507817029953003,1.0,0.0,216.27528381347656,8887,1,0.0
1790090786.2283208,1,0.9514538645744324,1.0,0.0,216.18002319335938,9316,6,0.0
1790090786.2790267,1,0.9521695971488953,1.0,0.0,216.94223022460938,7168,6,0.0
1790090786.3300045,1,0.9529300928115845,1.0,0.0,217.83384704589844,7135,6,0.0
1790090786.3805842,1,0.9536086916923523,1.0,0.0,218.6602783203125,7167,6,0.0
1790090786.4314866,1,0.9543325304985046,1.0,0.0,219.49679565429688,7189,6,0.0
1790090786.4820442,1,0.9550161361694336,1.0,0.0,220.33856201171875,7211,6,0.0
1790090786.5328796,1,0.9558318257331848,1.0,0.0,221.1722412109375,7237,6,-0.00787500012665987
1790090786.5834353,1,0.956520676612854,1.0,0.0,221.94558715820312,7272,6,0.0
1790090786.6339712,1,0.9572556018829346,1.0,0.0,222.76467895507812,7301,6,0.0
1790090786.68469,1,0.9579498767852783,1.0,0.0,223.5950469970703,7315,6,0.0
1790090786.7356791,1,0.9587768316268921,1.0,0.0,224.41485595703125,7339,6,0.0
1790090786.7864425,1,0.9594764709472656,1.0,0.0,225.2334442138672,7361,6,0.0
1790090786.8370352,1,0.9602214694023132,1.0,0.0,226.03663635253906,7392,6,0.0
1790090786.8874857,1,0.9609264135360718,1.0,0.0,226.83639526367188,7422,6,-0.0057749999687075615
1790090786.9384427,1,0.9616331458091736,1.0,0.0,227.63360595703125,7446,6,0.0
1790090786.9892857,1,0.9623860716819763,1.0,0.0,228.43423461914062,7465,6,0.0
1790090787.0404685,1,0.9632313251495361,1.0,0.0,229.22760009765625,7480,6,0.0
1790090787.0910273,1,0.9639908075332642,1.0,0.0,230.01429748535156,7498,6,0.0
1790090787.1416907,1,0.9647068381309509,1.0,0.0,230.7898712158203,7530,6,0.0
1790090787.1924813,1,0.9654715061187744,1.0,0.0,231.5026092529297,7571,6,0.0
1790090787.2433374,1,0.966236412525177,1.0,0.0,232.27024841308594,7595,6,-0.004724999889731407
1790090787.2942905,1,0.9670063257217407,1.0,0.0,233.03005981445312,7628,6,0.0
1790090787.3447752,1,0.9677775502204895,1.0,0.0,233.79405212402344,7646,6,0.0
1790090787.3955085,1,0.9685522317886353,1.0,0.0,234.5601806640625,7658,6,0.0
1790090787.4467955,1,0.9693285226821899,1.0,0.0,235.32373046875,7674,6,0.0
1790090787.4976351,1,0.9700613617897034,1.0,0.0,236.0680389404297,7705,6,0.0
1790090787.5485172,1,0.9708439111709595,1.0,0.0,236.8092041015625,7728,6,0.0
1790090787.5993786,1,0.9716271162033081,1.0,0.0,237.55421447753906,7751,6,0.0
1790090787.6501694,1,0.9724133610725403,1.0,0.0,238.28138732910156,7792,6,0.0
1790090787.7007546,1,0.9732015132904053,1.0,0.0,238.9947052001953,7840,6,0.0
1790090787.7514606,1,0.9739461541175842,1.0,0.0,239.73304748535156,7848,6,-0.0005249999812804163
1790090787.8026001,1,0.9747386574745178,1.0,0.0,240.47998046875,7861,6,-0.00944999884814024
1790090787.8535972,1,0.9756748080253601,1.0,0.0,241.21290588378906,7877,6,0.0
1790090787.9045455,1,0.9764742255210876,1.0,0.0,241.94898986816406,7890,6,0.0
1790090787.9552479,1,0.977228045463562,1.0,0.0,242.66949462890625,7915,6,0.0
1790090788.0066788,1,0.9780318140983582,1.0,0.0,243.37545776367188,7955,6,0.0
1790090788.0573275,1,0.9788373708724976,1.0,0.0,244.09088134765625,7977,6,0.0
1790090788.1081817,1,0.9796438813209534,1.0,0.0,244.81150817871094,7990,6,0.0
1790090788.158837,1,0.9804544448852539,1.0,0.0,245.5332794189453,8008,6,0.0
1790090788.2092516,1,0.9812198877334595,1.0,0.0,246.18580627441406,8050,6,0.0
1790090788.2596576,1,0.9820340275764465,1.0,0.0,246.87393188476562,8089,6,0.0
1790090788.3106477,1,0.9828510284423828,1.0,0.0,247.57725524902344,8096,6,0.0
1790090788.3615544,1,0.9836708307266235,1.0,0.0,248.30482482910156,8088,6,0.0
1790090788.4121175,1,0.9844455718994141,1.0,0.0,249.00025939941406,8110,6,0.0
1790090788.4629865,1,0.9852690100669861,1.0,0.0,249.6937713623047,8124,6,0.0
1790090788.513887,1,0.9860942959785461,1.0,0.0,250.37156677246094,8158,6,0.0
1790090788.5647717,1,0.9868756532669067,1.0,0.0,251.04014587402344,8194,6,-0.006300000008195639
1790090788.6157246,1,0.9877059459686279,1.0,0.0,251.7034149169922,8228,6,0.0
1790090788.6662936,1,0.988538384437561,1.0,0.0,252.35968017578125,8269,6,0.0
1790090788.7172832,1,0.9894712567329407,1.0,0.0,253.0231475830078,8293,6,0.0
1790090788.7681465,1,0.9903101325035095,1.0,0.0,253.72457885742188,8268,6,0.0
1790090788.8189096,1,0.9911479353904724,1.0,0.0,254.4005889892578,8277,6,0.0
1790090788.8696375,1,0.9919901490211487,1.0,0.0,255.0287628173828,8293,6,0.0
1790090788.9202418,1,0.9928346872329712,1.0,0.0,255.67904663085938,8323,6,0.0
1790090788.9712334,1,0.9936302900314331,1.0,0.0,256.31878662109375,8356,6,0.0
1790090789.021918,1,0.9944797158241272,1.0,0.0,256.94427490234375,8405,6,0.0
1790090789.0724301,1,0.9953286647796631,1.0,0.0,257.58465576171875,8426,6,0.0
1790090789.1230972,1,0.9961816072463989,1.0,0.0,258.2393798828125,8428,6,0.0
1790090789.1740384,1,0.9969862103462219,1.0,0.0,258.8916320800781,8437,6,0.0
1790090789.2245975,1,0.9978430271148682,1.0,0.0,259.5417175292969,8435,6,0.0
1790090789.275118,1,0.998701810836792,1.0,0.0,260.1700134277344,8441,6,0.0
1790090789.325705,1,0.9995119571685791,1.0,0.0,260.7868957519531,8488,6,0.0
1790090789.3767393,2,0.0003549633838701993,1.0,0.0,261.3859558105469,8537,6,-0.00419999985024333
1790090789.4280112,2,0.0013213908532634377,1.0,0.0,261.9781799316406,8574,6,-0.013124995864927769
1790090789.478858,2,0.0021882597357034683,1.0,0.0,262.6205139160156,8549,6,0.0
1790090789.5294569,2,0.003057667287066579,1.0,0.0,263.2020568847656,8553,6,0.0
1790090789.5804136,2,0.0038777056615799665,1.0,0.0,263.8117370605469,8573,6,0.0
1790090789.6312354,2,0.004750680644065142,1.0,0.0,264.40423583984375,8615,6,0.0
1790090789.6817436,2,0.005573416128754616,1.0,0.0,264.98052978515625,8655,6,0.0
1790090789.7325356,2,0.006449893582612276,1.0,0.0,265.5937805175781,8644,6,0.0
1790090789.7834165,2,0.007329290732741356,1.0,0.0,266.1953430175781,8649,6,-0.006825000047683716
1790090789.834226,2,0.008240912109613419,1.0,0.0,266.78167724609375,8672,6,0.0
1790090789.8848855,2,0.009290514513850212,1.0,0.0,267.3515930175781,8698,6,0.0
1790090789.9355547,2,0.010029062628746033,1.0,0.0,267.9330749511719,8712,6,0.0
1790090789.9865184,2,0.010863383300602436,1.0,0.0,268.5000305175781,8733,6,0.0
1790090790.0374098,2,0.011751992627978325,1.0,0.0,269.0351867675781,8747,6,0.0
1790090790.0883641,2,0.012746885418891907,1.0,0.0,269.63427734375,8754,6,0.0
1790090790.1390698,2,0.013586631044745445,1.0,0.0,270.19024658203125,8775,6,0.0
1790090790.1898928,2,0.014427518472075462,1.0,0.0,270.73162841796875,8809,6,0.0
1790090790.2404213,2,0.01532330084592104,1.0,0.0,271.2344970703125,8838,6,0.0
1790090790.2911005,2,0.016168180853128433,1.0,0.0,271.7816467285156,8851,6,0.0
1790090790.3417752,2,0.01717270538210869,1.0,0.0,272.3264465332031,8866,6,0.0
1790090790.3926132,2,0.018073882907629013,1.0,0.0,272.8757629394531,8865,6,0.0
1790090790.4440095,2,0.018923334777355194,1.0,0.0,273.41387939453125,8877,1,0.0
1790090790.4946315,2,0.019773714244365692,1.0,0.0,273.09637451171875,9307,7,0.0
1790090790.545223,2,0.020676996558904648,1.0,0.0,273.5162353515625,7236,7,-0.0036750000435858965
1790090790.5963228,2,0.02168753556907177,1.0,0.0,273.9453430175781,7256,7,-0.012599996291100979
1790090790.6472034,2,0.022540384903550148,1.0,0.0,274.3916015625,7263,7,-0.02152498997747898
1790090790.6978688,2,0.023395365104079247,1.0,0.0,274.8271484375,7279,7,0.0
1790090790.7487137,2,0.024304749444127083,1.0,0.0,275.267578125,7297,7,0.0
1790090790.7991624,2,0.025161439552903175,1.0,0.0,275.7035827636719,7308,7,0.0
1790090790.8495843,2,0.026179295033216476,1.0,0.0,276.1167907714844,7321,7,0.00419999985024333
1790090790.9002213,2,0.027040040120482445,1.0,0.0,276.53753662109375,7356,7,0.0
1790090790.95093,2,0.027954300865530968,1.0,0.0,276.9765930175781,7357,7,0.0
1790090791.0019085,2,0.02881629392504692,0.0,0.0,277.4383544921875,7269,7,0.0
1790090791.0528243,2,0.029840964823961258,0.0,0.0,277.09881591796875,7222,7,0.0
1790090791.1035573,2,0.030702678486704826,0.0,0.0,276.6260681152344,7204,7,0.00419999985024333
1790090791.1542163,2,0.03156096115708351,0.0,1.0,274.4237976074219,7002,7,0.013124995864927769
1790090791.2047656,2,0.03246220573782921,0.0,1.0,271.1780090332031,6903,7,0.0
1790090791.2555783,2,0.03340717405080795,0.0,1.0,267.8358459472656,6809,7,0.0
1790090791.306098,2,0.03423720598220825,0.0,1.0,264.59539794921875,7427,1,0.0
1790090791.3568482,2,0.035056766122579575,0.0,1.0,261.5503234863281,7110,1,0.0
1790090791.4076278,2,0.03601747378706932,0.0,1.0,258.5959167480469,7692,6,0.0
1790090791.458577,2,0.0367690809071064,0.0,1.0,255.10289001464844,7938,6,0.0
1790090791.5091722,2,0.03770702704787254,0.0,1.0,251.66513061523438,7825,6,0.0005249999812804163
1790090791.559741,2,0.03843585401773453,0.0,1.0,248.4114532470703,7732,6,0.00944999884814024
1790090791.6103818,2,0.03935012221336365,0.0,1.0,245.25193786621094,7652,6,0.018374992534518242
1790090791.6611693,2,0.04010763391852379,0.0,1.0,242.08804321289062,7576,6,0.0
1790090791.7120347,2,0.040949150919914246,0.0,1.0,238.9425811767578,7449,6,0.0
1790090791.7626867,2,0.04164254292845726,0.0,1.0,235.6785125732422,7361,6,0.0
1790090791.8135939,2,0.04237111285328865,0.0,1.0,232.2921142578125,7247,6,0.0
1790090791.8641875,2,0.043225713074207306,0.0,1.0,229.04876708984375,7163,6,0.0
1790090791.914664,2,0.04388759285211563,0.13499999046325684,1.0,226.02426147460938,7061,1,0.0
1790090791.965526,2,0.04471901059150696,0.0,1.0,223.3204803466797,7621,1,0.0
1790090792.0161726,2,0.0454104021191597,0.0,1.0,220.4224853515625,7295,5,0.0
1790090792.0671542,2,0.0460895299911499,0.0,1.0,216.9418487548828,8156,5,0.0
1790090792.118079,2,0.046842675656080246,0.0,1.0,213.37600708007812,8264,5,0.0
1790090792.168965,2,0.04750238358974457,0.0,1.0,210.1893768310547,8131,5,0.0
1790090792.2198122,2,0.04823276773095131,0.0,1.0,207.11094665527344,8053,5,0.0
1790090792.270855,2,0.04887275770306587,0.0,0.9714274406433105,204.29302978515625,7925,5,0.0
1790090792.3215325,2,0.04962288588285446,0.0,1.0,201.27256774902344,7749,5,0.0
1790090792.3721042,2,0.050242140889167786,0.0,1.0,197.94007873535156,7655,5,0.0
1790090792.422885,2,0.0508541464805603,0.0,1.0,194.66651916503906,7594,5,0.0
1790090792.4734848,2,0.051530756056308746,0.0,1.0,191.57266235351562,7463,5,0.0
1790090792.5241299,2,0.052123330533504486,0.0,0.9209153652191162,188.68472290039062,7323,5,0.0
1790090792.575035,2,0.05270595848560333,0.0,1.0,186.02029418945312,7187,5,0.0
1790090792.6260693,2,0.053388312458992004,0.0,0.9104152321815491,183.14747619628906,7062,5,0.0
1790090792.676794,2,0.053990039974451065,0.0,0.8193877339363098,180.24806213378906,6868,5,0.0
1790090792.727232,2,0.05451161041855812,0.0,1.0,177.40765380859375,6768,5,0.0
1790090792.77781,2,0.05516234040260315,0.0,1.0,174.27035522460938,6676,5,0.0
1790090792.828706,2,0.05569930747151375,0.0,1.0,171.22071838378906,6633,5,0.0
1790090792.8794463,2,0.05629316344857216,0.5399999618530273,0.9571500420570374,168.2820587158203,6648,1,0.0
1790090792.9302878,2,0.05681208148598671,0.0,0.8187468647956848,165.33457946777344,7039,1,0.0
1790090792.9814482,2,0.057385969907045364,0.0,1.0,162.60902404785156,6744,4,0.0
1790090793.0322428,2,0.05788755416870117,0.0,1.0,159.70095825195312,7088,4,0.0
1790090793.0832133,2,0.05844080448150635,0.0,1.0,156.49574279785156,7268,4,0.011660246178507805
1790090793.1341395,2,0.058893002569675446,0.0,1.0,153.1796875,7299,4,0.030309315770864487
1790090793.1848161,2,0.059452712535858154,0.0,1.0,150.00376892089844,7313,4,0.04971718788146973
1790090793.2356014,2,0.05988693609833717,0.0,1.0,147.08932495117188,7216,4,0.06986609846353531
1790090793.2860842,2,0.06039702147245407,0.0,0.9886776804924011,144.3770294189453,7080,4,0.09072107076644897
1790090793.3368018,2,0.060842253267765045,0.0,0.975366473197937,141.78201293945312,6938,4,0.11226022988557816
1790090793.3878236,2,0.06133493408560753,0.0,0.9948647022247314,139.17733764648438,6809,4,0.0
1790090793.438644,2,0.06176331639289856,0.0,0.9879634976387024,136.69964599609375,6764,4,0.0
1790090793.4896097,2,0.06223760172724724,0.0,0.949920654296875,134.19473266601562,6642,4,0.0014097180683165789
1790090793.5407922,2,0.06265170127153397,0.0,0.9580963850021362,131.69163513183594,6532,4,0.027187099680304527
1790090793.5916243,2,0.06310855597257614,0.0,0.9952076077461243,129.38035583496094,6347,4,0.05077298730611801
1790090793.6425266,2,0.0634828433394432,0.0,1.0,126.7900390625,6217,4,0.0765797346830368
1790090793.69317,2,0.06392305344343185,0.0,0.9582716822624207,124.27364349365234,6109,4,0.10318153351545334
1790090793.7441254,2,0.06435458362102509,0.0,0.9811780452728271,121.82205963134766,5960,4,0.13057133555412292
1790090793.7946875,2,0.06473139673471451,0.0,0.9513061046600342,119.43507385253906,5831,4,0.15874740481376648
1790090793.8452485,2,0.06514589488506317,0.0,0.9537100195884705,117.06929016113281,5732,4,0.18201975524425507
1790090793.8957317,2,0.06548582017421722,0.8999999761581421,0.9362442493438721,114.796630859375,6253,1,0.18541058897972107
1790090793.946372,2,0.06588604301214218,0.0,0.9183085560798645,112.61890411376953,6133,1,0.18878047168254852
1790090793.997095,2,0.06621239334344864,0.0,0.9170830845832825,110.49075317382812,6190,3,0.19219407439231873
1790090794.0479646,2,0.06659646332263947,0.0,0.9595769047737122,108.062744140625,6622,3,0.19624266028404236
1790090794.0990493,2,0.06696988642215729,0.0,0.9445764422416687,105.75736999511719,6645,3,0.20024780929088593
1790090794.149861,2,0.06727530062198639,0.0,0.0,103.64549255371094,6737,3,0.2040630280971527
1790090794.2006376,2,0.06763525307178497,0.0,0.0,102.68043518066406,6862,3,0.20585526525974274
1790090794.251303,2,0.06795267015695572,0.0,0.0,101.92549133300781,6834,3,0.20727941393852234
1790090794.3020966,2,0.06830481439828873,0.0,0.0,101.2218017578125,6775,3,0.2086247205734253
1790090794.3530416,2,0.06865392625331879,0.0,0.0,100.50943756103516,6722,3,0.210004523396492
1790090794.4039505,2,0.06896212697029114,0.0,0.0,99.7939453125,6676,3,0.2114088535308838
1790090794.4546957,2,0.06928667426109314,0.0,0.0,99.0721664428711,6636,3,0.21284471452236176
1790090794.5057309,2,0.06959060579538345,0.0,0.0,98.363525390625,6599,3,0.21427349746227264
1790090794.556362,2,0.06992857158184052,0.0,0.0,97.6795883178711,6556,3,0.21567083895206451
1790090794.6070952,2,0.07026105374097824,0.0,0.0,96.9766616821289,6522,3,0.2171260565519333
1790090794.657864,2,0.07053796201944351,0.0,0.0,96.26123809814453,6492,3,0.2186274528503418
1790090794.7086866,2,0.0708843544125557,0.0,0.0,95.57117462158203,6448,3,0.2200954407453537
1790090794.7595549,2,0.07115720957517624,0.0,0.0,94.91442108154297,6399,3,0.22151099145412445
1790090794.8108404,2,0.07148052006959915,0.0,0.0,94.26779174804688,6360,3,0.22292262315750122
1790090794.861404,2,0.07176382094621658,0.0,0.0,93.64244079589844,6316,3,0.22430504858493805
1790090794.9122148,2,0.07206215709447861,0.0,0.0,93.02730560302734,6273,3,0.22568169236183167
1790090794.9632618,2,0.0723935216665268,0.0,0.0,92.3958511352539,6240,3,0.2271125614643097
1790090795.0138874,2,0.07265284657478333,0.0,0.0,91.76272583007812,6200,3,0.2285655289888382
1790090795.0647004,2,0.07296247035264969,0.0,0.0,91.11070251464844,6159,3,0.2300814390182495
1790090795.1151974,2,0.07321754842996597,0.0,0.0,90.48695373535156,6120,3,0.23155054450035095
1790090795.165893,2,0.07354041188955307,0.14400000870227814,0.0,89.85417175292969,6131,3,0.23306022584438324
1790090795.2168303,2,0.0737886130809784,0.3479999303817749,0.0,89.53453826904297,6213,3,0.2338303029537201
1790090795.2678387,2,0.07411333173513412,0.5519999861717224,0.0,89.68218994140625,6278,3,0.23347394168376923
1790090795.3183594,2,0.07438165694475174,0.7560003995895386,0.0,89.98554992675781,6282,3,0.23274517059326172
1790090795.3690884,2,0.07466929405927658,0.9600008130073547,0.0,90.34025573730469,6303,3,0.23189878463745117
1790090795.4199975,2,0.07494224607944489,1.0,0.0,90.64254760742188,6483,3,0.23118232190608978
1790090795.4708304,2,0.07524740695953369,1.0,0.0,91.0162353515625,6434,3,0.23030273616313934
1790090795.5218315,2,0.07552529871463776,0.0,0.0,91.35945892333984,6360,3,0.22950072586536407
1790090795.5724025,2,0.07583505660295486,0.0,0.0,91.1125717163086,6163,3,0.23007705807685852
1790090795.6231093,2,0.07611136138439178,0.0,0.0,90.59494018554688,6103,3,0.23129487037658691
1790090795.6740887,2,0.07641912251710892,0.12000001221895218,0.0,90.02204132080078,6105,3,0.23265781998634338
1790090795.7250352,2,0.07669109106063843,0.32399994134902954,0.0,89.67172241210938,6211,3,0.2334991693496704
1790090795.7755914,2,0.0769997239112854,0.5159999132156372,0.0,89.76709747314453,6275,3,0.23326952755451202
1790090795.826214,2,0.07727131247520447,0.7200003266334534,0.0,90.07054138183594,6337,3,0.2325417846441269
1790090795.8771594,2,0.0775487944483757,0.9240007400512695,0.0,90.40850830078125,6374,3,0.1941705346107483
1790090795.9277635,2,0.07787800580263138,1.0,0.0,90.73335266113281,6562,3,0.03352048993110657
1790090795.9786382,2,0.07815293967723846,1.0,0.0,91.25935363769531,6371,3,0.0
1790090796.0291617,2,0.07843291014432907,1.0,0.0,91.88137817382812,6512,3,0.0
1790090796.0798779,2,0.07876665145158768,1.0,0.0,92.62142944335938,6601,3,0.0
1790090796.1306496,2,0.07904969155788422,1.0,0.0,93.52366638183594,6584,3,0.003001791425049305
1790090796.1814995,2,0.07933662831783295,1.0,0.0,94.51461029052734,6610,3,0.02837567776441574
1790090796.2319372,2,0.07962914556264877,1.0,0.0,95.51477813720703,6879,3,0.05347578972578049
1790090796.2828102,2,0.079975925385952,1.0,0.0,96.65277862548828,6724,3,0.07828616350889206
1790090796.3335354,2,0.0802924856543541,1.0,0.0,97.64068603515625,6985,3,0.10137991607189178
1790090796.3841708,2,0.08061350882053375,1.0,0.0,98.65740203857422,6923,3,0.09303690493106842
1790090796.4347486,2,0.08091860264539719,1.0,0.0,99.64239501953125,6963,3,0.0
1790090796.4855788,2,0.08124642819166183,1.0,0.0,100.65812683105469,7206,3,0.0
1790090796.5363896,2,0.081557497382164,1.0,0.0,101.8251953125,7124,3,0.0
1790090796.5870907,2,0.08189351111650467,1.0,0.0,102.94389343261719,7303,3,-0.01218690350651741
1790090796.638019,2,0.08223290741443634,1.0,0.0,104.18012237548828,7471,3,-0.04641375690698624
1790090796.6887429,2,0.08255694061517715,1.0,0.0,105.48110961914062,7584,3,-0.023025203496217728
1790090796.7392826,2,0.08296860009431839,1.0,0.0,106.81795501708984,7671,3,0.0
1790090796.7899148,2,0.08330238610506058,1.0,0.0,108.22408294677734,7703,3,0.0
1790090796.8406622,2,0.08366158604621887,1.0,0.0,109.56332397460938,7878,3,0.0
1790090796.8911881,2,0.08402667194604874,1.0,0.0,110.92914581298828,7912,3,0.0
1790090796.9419641,2,0.08437417447566986,1.0,0.0,112.42426300048828,8036,3,0.0
1790090796.9928336,2,0.08474710583686829,1.0,0.0,113.90758514404297,8173,3,0.0
1790090797.043712,2,0.08512634038925171,1.0,0.0,115.33580017089844,8147,3,0.0
1790090797.0943198,2,0.08551100641489029,1.0,0.0,116.65640258789062,8376,3,0.0
1790090797.1449015,2,0.08587592840194702,1.0,0.0,117.96099853515625,8405,3,0.0
1790090797.1960595,2,0.08626818656921387,1.0,0.0,119.35475158691406,8529,3,0.0
1790090797.2470927,2,0.08664045482873917,1.0,0.0,120.79442596435547,8622,3,0.0
1790090797.2979662,2,0.08704125136137009,1.0,0.0,122.41866302490234,8737,3,0.0
1790090797.3488562,2,0.08751858025789261,1.0,0.0,124.01435852050781,8855,3,0.0
1790090797.399495,2,0.08790671080350876,1.0,0.0,124.34122467041016,9026,4,0.0
1790090797.4502099,2,0.08831729739904404,1.0,0.0,124.98023223876953,6921,4,0.0
1790090797.5009131,2,0.08873111754655838,1.0,0.0,126.1883316040039,6767,4,0.0
1790090797.5514972,2,0.08912545442581177,1.0,0.0,127.48942565917969,6872,4,0.0
1790090797.6022098,2,0.08954968303442001,1.0,0.0,128.9744873046875,6949,4,-0.0030027078464627266
1790090797.6529243,2,0.08997762948274612,1.0,0.0,130.3185577392578,7018,4,-0.02829192578792572
1790090797.7038028,2,0.09038374572992325,1.0,0.0,131.61221313476562,6941,4,0.0
1790090797.754778,2,0.09082136303186417,1.0,0.0,132.96923828125,7144,4,0.0
1790090797.8055894,2,0.09131216257810593,1.0,0.0,134.47021484375,7212,4,0.0
1790090797.8566196,2,0.09173358976840973,1.0,0.0,135.9595947265625,7280,4,0.0
1790090797.9073162,2,0.09218577295541763,1.0,0.0,137.4629669189453,7333,4,0.0
1790090797.9582117,2,0.09261331707239151,1.0,0.0,138.93881225585938,7407,4,0.0
1790090798.0088806,2,0.09307408332824707,1.0,0.0,140.41354370117188,7475,4,0.0
1790090798.0598052,2,0.09351447224617004,1.0,0.0,141.8590850830078,7560,4,0.0
1790090798.1106021,2,0.09403850138187408,1.0,0.0,143.2970428466797,7644,4,0.0
1790090798.16137,2,0.0945151224732399,1.0,0.0,144.73153686523438,7725,4,0.0
1790090798.211899,2,0.09499498456716537,1.0,0.0,146.1526641845703,7809,4,0.0
1790090798.2625782,2,0.0954517349600792,1.0,0.0,147.49134826660156,7877,4,0.0
1790090798.313248,2,0.0959404855966568,1.0,0.0,148.9237823486328,7937,4,0.0
1790090798.3638947,2,0.09640789031982422,1.0,0.0,150.34605407714844,8002,4,0.0
1790090798.4145901,2,0.09690658748149872,1.0,0.0,151.7650146484375,8062,4,0.0
1790090798.4655404,2,0.09740866720676422,1.0,0.0,153.1704559326172,8126,4,0.0
1790090798.516193,2,0.0979175865650177,1.0,0.0,154.5651397705078,8189,4,0.0
1790090798.566879,2,0.09843102097511292,1.0,0.0,155.92703247070312,8262,4,0.0
1790090798.6175375,2,0.09891711920499802,1.0,0.0,157.33592224121094,8293,4,0.0
1790090798.66821,2,0.09943903237581253,1.0,0.0,158.6699981689453,8383,4,0.0
1790090798.718699,2,0.10002703964710236,1.0,0.0,159.98411560058594,8478,4,0.0
1790090798.7693775,2,0.10055780410766602,1.0,0.0,161.2141571044922,8551,4,0.0
1790090798.8201773,2,0.1010928675532341,1.0,0.0,162.5106201171875,8630,4,0.0
1790090798.8709233,2,0.10163162648677826,1.0,0.0,163.80810546875,8693,4,0.0
1790090798.9214675,2,0.10214348882436752,1.0,0.0,165.1312255859375,8728,4,0.0
1790090798.9722354,2,0.10269340872764587,1.0,0.0,166.42591857910156,8789,4,0.0
1790090799.0231366,2,0.10324300080537796,1.0,0.0,167.71438598632812,8846,4,0.0
1790090799.0743203,2,0.10380230098962784,1.0,0.0,168.9712677001953,8917,4,0.0
1790090799.1249788,2,0.10432951897382736,1.0,0.0,170.29513549804688,8920,4,0.0
1790090799.17578,2,0.10489312559366226,1.0,0.0,171.52610778808594,9021,4,0.0
1790090799.2264667,2,0.10546256601810455,1.0,0.0,172.7064666748047,9134,4,0.0
1790090799.2770233,2,0.10603535175323486,1.0,0.0,173.9844512939453,9140,4,0.0
1790090799.327633,2,0.1065777838230133,1.0,0.0,175.14599609375,9202,4,0.0
1790090799.3783894,2,0.10715530067682266,1.0,0.0,175.67845153808594,8999,1,0.0
1790090799.4290235,2,0.10773757100105286,1.0,0.0,175.968994140625,7490,5,0.0
1790090799.479974,2,0.108321413397789,1.0,0.0,177.0181884765625,7351,5,0.0
1790090799.530563,2,0.1089075580239296,1.0,0.0,178.13848876953125,7374,5,0.0
1790090799.5816598,2,0.10946329683065414,1.0,0.0,179.26275634765625,7416,5,0.0
1790090799.632549,2,0.11005717515945435,1.0,0.0,180.37753295898438,7472,5,0.0
1790090799.6832895,2,0.11065506935119629,1.0,0.0,181.46807861328125,7544,5,0.0
1790090799.734067,2,0.11136328428983688,1.0,0.0,182.57843017578125,7587,5,0.0
1790090799.784608,2,0.1119670420885086,1.0,0.0,183.7005615234375,7618,5,0.0
1790090799.8356671,2,0.11257684230804443,1.0,0.0,184.8291015625,7644,5,0.0
1790090799.886587,2,0.11315517127513885,1.0,0.0,185.93142700195312,7696,5,0.0
1790090799.9373617,2,0.1137690395116806,1.0,0.0,187.02606201171875,7747,5,0.0
1790090799.988144,2,0.11438783258199692,1.0,0.0,188.11465454101562,7797,5,0.0
1790090800.038782,2,0.11501146107912064,1.0,0.0,189.2357940673828,7813,5,0.0
1790090800.0893693,2,0.11563962697982788,1.0,0.0,190.25840759277344,7863,5,0.0
1790090800.1401875,2,0.11626941710710526,1.0,0.0,191.3331298828125,7916,5,0.0
1790090800.1907248,2,0.11686614155769348,1.0,0.0,192.43409729003906,7935,5,0.0
1790090800.241355,2,0.11750421673059464,1.0,0.0,193.52874755859375,7962,5,0.0
1790090800.2922032,2,0.11814504861831665,1.0,0.0,194.5897674560547,8019,5,0.0
1790090800.3429787,2,0.1187889501452446,1.0,0.0,195.6387939453125,8076,5,0.0
1790090800.3936524,2,0.11943836510181427,1.0,0.0,196.6781463623047,8132,5,0.0
1790090800.4442732,2,0.1200898289680481,1.0,0.0,197.73587036132812,8157,5,0.0
1790090800.495162,2,0.12074475735425949,1.0,0.0,198.78562927246094,8190,5,0.0
1790090800.5457428,2,0.12140416353940964,1.0,0.0,199.81155395507812,8240,5,0.0006161531200632453
1790090800.5966413,2,0.12202679365873337,1.0,0.0,200.77041625976562,8286,5,0.0
1790090800.64713,2,0.12269267439842224,1.0,0.0,201.7858428955078,8326,5,0.0
1790090800.6977758,2,0.12336235493421555,1.0,0.0,202.8032684326172,8361,5,0.0
1790090800.7486005,2,0.12399569898843765,1.0,0.0,203.82286071777344,8379,5,0.0
1790090800.7993977,2,0.12467040866613388,1.0,0.0,204.8315887451172,8408,5,0.0
1790090800.850364,2,0.1253480613231659,1.0,0.0,205.82594299316406,8445,5,0.0
1790090800.9008937,2,0.12603092193603516,1.0,0.0,206.8047332763672,8487,5,0.0
1790090800.9517183,2,0.12671534717082977,1.0,0.0,207.75515747070312,8546,5,0.0
1790090801.0023062,2,0.1274034082889557,1.0,0.0,208.72998046875,8568,5,0.0
1790090801.0529332,2,0.12809507548809052,1.0,0.0,209.68255615234375,8611,5,0.0
1790090801.103776,2,0.12879063189029694,1.0,0.0,210.6287384033203,8652,5,0.009141485206782818
1790090801.1543508,2,0.1294882893562317,1.0,0.0,211.50155639648438,8698,5,0.0
1790090801.20531,2,0.13014748692512512,1.0,0.0,212.4368896484375,8732,5,0.0
1790090801.2561948,2,0.13085031509399414,1.0,0.0,213.37371826171875,8759,5,0.0
1790090801.3066654,2,0.13155828416347504,1.0,0.0,214.2838592529297,8804,5,0.0
1790090801.3577461,2,0.13226723670959473,1.0,0.0,215.21719360351562,8822,5,0.0
1790090801.408722,2,0.1329803168773651,1.0,0.0,216.11468505859375,8868,5,0.0
1790090801.4595575,2,0.13369548320770264,1.0,0.0,217.0080108642578,8916,5,0.0
1790090801.5102477,2,0.13449925184249878,1.0,0.0,217.89956665039062,8940,5,0.0
1790090801.56103,2,0.13522224128246307,1.0,0.0,218.8055419921875,8962,5,0.0
1790090801.6116314,2,0.1359032839536667,1.0,0.0,219.6815948486328,9005,5,0.0005249999812804163
1790090801.6623077,2,0.1366303712129593,1.0,0.0,220.5460662841797,9048,5,0.00944999884814024
1790090801.7131803,2,0.137318417429924,1.0,0.0,221.40426635742188,9089,5,0.018374992534518242
1790090801.7641156,2,0.1380511224269867,1.0,0.0,222.2764129638672,9102,5,0.0
1790090801.8147526,2,0.13878771662712097,1.0,0.0,223.1381072998047,9128,5,0.0
1790090801.8654795,2,0.13948282599449158,1.0,0.0,223.9259490966797,9166,5,0.0
1790090801.9164193,2,0.14022186398506165,1.0,0.0,223.8240509033203,9262,6,0.0
1790090801.967311,2,0.1410498470067978,1.0,0.0,224.4141082763672,7372,6,0.0
1790090802.0180304,2,0.14179293811321259,1.0,0.0,225.17117309570312,7377,6,0.0
1790090802.0686061,2,0.14253801107406616,1.0,0.0,225.9425811767578,7382,6,0.0031500000040978193
1790090802.11951,2,0.14324194192886353,1.0,0.0,226.701416015625,7411,6,0.012074996717274189
1790090802.170045,2,0.14399226009845734,1.0,0.0,227.4524688720703,7435,6,0.02099999040365219
1790090802.2206523,2,0.14470036327838898,1.0,0.0,228.20050048828125,7456,6,0.02992498315870762
1790090802.2712836,2,0.14545515179634094,1.0,0.0,228.9195556640625,7497,6,0.038850001990795135
1790090802.3221748,2,0.14616772532463074,1.0,0.0,229.62350463867188,7523,6,0.0477750264108181
1790090802.3731775,2,0.14701487123966217,1.0,0.0,230.31417846679688,7540,6,0.0
1790090802.423798,2,0.14777636528015137,1.0,0.0,231.00753784179688,7546,6,0.0
1790090802.4744036,2,0.14854060113430023,1.0,0.0,231.64004516601562,7563,6,0.0
1790090802.5253792,2,0.14930684864521027,1.0,0.0,232.3186798095703,7582,6,0.0
1790090802.576,2,0.15007495880126953,1.0,0.0,232.9956512451172,7617,6,0.00892499927431345
1790090802.6270843,2,0.15080013871192932,1.0,0.0,233.67916870117188,7644,6,0.017849992960691452
1790090802.6776745,2,0.15157416462898254,1.0,0.0,234.3694610595703,7661,6,0.02677498571574688
1790090802.7285714,2,0.1523037850856781,1.0,0.0,235.03880310058594,7699,6,0.0356999933719635
1790090802.7792344,2,0.15308025479316711,1.0,0.0,235.70370483398438,7719,6,0.044625017791986465
1790090802.8299055,2,0.1538136899471283,1.0,0.0,236.351318359375,7738,6,0.0
1790090802.8812165,2,0.1547321230173111,1.0,0.0,237.00299072265625,7773,6,0.0
1790090802.9320915,2,0.15547098219394684,1.0,0.0,237.64581298828125,7804,6,0.0
1790090802.9829988,2,0.15621033310890198,1.0,0.0,238.30328369140625,7819,6,0.0
1790090803.0335455,2,0.156998410820961,1.0,0.0,238.9618377685547,7838,6,0.0
1790090803.0843349,2,0.1577424257993698,1.0,0.0,239.651611328125,7820,6,0.0
1790090803.1348069,2,0.15862727165222168,1.0,0.0,240.32078552246094,7835,6,0.0
1790090803.185554,2,0.15937496721744537,1.0,0.0,240.94749450683594,7861,6,0.0
1790090803.2362397,2,0.16017325222492218,1.0,0.0,241.6111602783203,7904,6,0.0
1790090803.2869084,2,0.16092488169670105,1.0,0.0,242.27796936035156,7932,6,0.007350000087171793
1790090803.3378637,2,0.1618206650018692,1.0,0.0,242.96859741210938,7940,6,0.0
1790090803.3889852,2,0.16262397170066833,1.0,0.0,243.6409149169922,7956,6,0.0
1790090803.4399998,2,0.16338393092155457,1.0,0.0,244.33216857910156,7959,6,0.0
1790090803.4908166,2,0.16419124603271484,1.0,0.0,245.00343322753906,7983,6,0.0
1790090803.5415263,2,0.16500087082386017,1.0,0.0,245.6585235595703,8024,6,0.0
1790090803.5924127,2,0.16581426560878754,1.0,0.0,246.3044891357422,8066,6,0.0
1790090803.643051,2,0.16662900149822235,1.0,0.0,246.96229553222656,8080,6,0.0
1790090803.6935241,2,0.16744576394557953,1.0,0.0,247.64218139648438,8076,6,0.0
1790090803.7442703,2,0.1682172417640686,1.0,0.0,248.30625915527344,8089,6,0.0
1790090803.7948291,2,0.16903908550739288,1.0,0.0,248.94992065429688,8121,6,0.0
1790090803.8456964,2,0.16986282169818878,1.0,0.0,249.59056091308594,8152,6,-0.0005249999812804163
1790090803.8964927,2,0.1706881821155548,1.0,0.0,250.1842803955078,8184,6,-0.00892499927431345
1790090803.9473903,2,0.17151601612567902,1.0,0.0,250.8109130859375,8221,6,-0.017849992960691452
1790090803.9980068,2,0.17229755222797394,1.0,0.0,251.4702911376953,8209,6,0.0
1790090804.0486581,2,0.17312966287136078,1.0,0.0,252.1221923828125,8211,6,0.0
1790090804.0994778,2,0.1739630550146103,1.0,0.0,252.75933837890625,8222,6,0.0
1790090804.1503055,2,0.17479971051216125,1.0,0.0,253.3860626220703,8243,6,0.0
1790090804.2009544,2,0.17558825016021729,1.0,0.0,254.0031280517578,8270,6,0.0
1790090804.2520394,2,0.17642904818058014,1.0,0.0,254.61416625976562,8300,6,0.0
1790090804.3030748,2,0.1774188131093979,1.0,0.0,255.20025634765625,8352,6,0.0
1790090804.3539147,2,0.17821356654167175,1.0,0.0,255.7987060546875,8380,6,0.0
1790090804.4046924,2,0.17905980348587036,1.0,0.0,256.4107360839844,8387,6,0.0
1790090804.4551826,2,0.1799086183309555,1.0,0.0,257.0545349121094,8369,6,0.0
1790090804.5060515,2,0.18075834214687347,1.0,0.0,257.6598205566406,8390,6,0.0
1790090804.556723,2,0.18155845999717712,1.0,0.0,258.2580261230469,8419,6,0.0
1790090804.6076324,2,0.18241429328918457,1.0,0.0,258.8138122558594,8444,6,0.0
1790090804.6587396,2,0.18327048420906067,1.0,0.0,259.41693115234375,8453,6,-0.0005249999812804163
1790090804.7095988,2,0.18407875299453735,1.0,0.0,260.0096740722656,8468,6,-0.00944999884814024
1790090804.7606497,2,0.18493890762329102,1.0,0.0,260.6366882324219,8484,6,0.0
1790090804.8111048,2,0.18580083549022675,1.0,0.0,261.1761779785156,8511,6,0.0
1790090804.8617344,2,0.1867671012878418,1.0,0.0,261.7534484863281,8535,6,0.0
1790090804.9127731,2,0.18763147294521332,1.0,0.0,262.33489990234375,8542,6,0.0
1790090804.9636095,2,0.1885003000497818,1.0,0.0,262.91552734375,8555,6,0.0
1790090805.0140364,2,0.18932193517684937,1.0,0.0,263.4740295410156,8590,6,0.0
1790090805.0647507,2,0.19019490480422974,1.0,0.0,264.0248107910156,8630,6,0.0
1790090805.115513,2,0.19101636111736298,1.0,0.0,264.5885314941406,8643,6,0.0
1790090805.1665251,2,0.19189120829105377,1.0,0.0,265.17230224609375,8645,6,0.0
1790090805.2171102,2,0.1927696168422699,1.0,0.0,265.74713134765625,8651,6,-0.0015749998856335878
1790090805.267861,2,0.19365078210830688,1.0,0.0,266.3210144042969,8643,6,-0.01049999799579382
1790090805.3184817,2,0.19448119401931763,1.0,0.0,266.83795166015625,8651,6,0.0
1790090805.3691926,2,0.19531162083148956,1.0,0.0,267.3785095214844,8674,6,0.0
1790090805.420065,2,0.196353942155838,1.0,0.0,267.908447265625,8710,6,0.0
1790090805.470812,2,0.1971893161535263,1.0,0.0,268.4256591796875,8750,6,0.0
1790090805.5215585,2,0.19807849824428558,1.0,0.0,268.9437561035156,8781,6,0.0
1790090805.5722804,2,0.19897010922431946,1.0,0.0,269.4762268066406,8788,6,0.0
1790090805.6230621,2,0.1998102366924286,1.0,0.0,270.0312194824219,8764,6,0.0
1790090805.6736474,2,0.2007046639919281,1.0,0.0,270.5458984375,8785,6,0.0
1790090805.724198,2,0.20154701173305511,1.0,0.0,271.0742492675781,8792,6,-0.00892499927431345
1790090805.7746341,2,0.20255117118358612,1.0,0.0,271.5774230957031,8828,6,-0.017849992960691452
1790090805.8255982,2,0.20345012843608856,1.0,0.0,272.029052734375,8870,6,-0.02624998614192009
1790090805.8765967,2,0.20435428619384766,1.0,0.0,272.52557373046875,8873,6,0.0
1790090805.9270632,2,0.20520590245723724,1.0,0.0,273.0416564941406,8865,6,-0.0010499999625608325
1790090805.9776995,2,0.2061101347208023,1.0,0.0,273.5272216796875,8880,6,-0.00997499842196703
1790090806.0285556,2,0.20701798796653748,1.0,0.0,274.0035705566406,8907,6,-0.018899992108345032
1790090806.079201,2,0.20792262256145477,1.0,0.0,274.4490966796875,8956,6,-0.02782498486340046
1790090806.1300228,2,0.20877942442893982,1.0,0.0,274.9065856933594,8956,6,-0.03674999624490738
1790090806.1809566,2,0.20969027280807495,1.0,0.0,275.3531799316406,8935,6,-0.045675020664930344
1790090806.2319903,2,0.21054910123348236,1.0,0.0,275.70001220703125,8936,6,-0.05460004508495331
1790090806.2829041,2,0.21162089705467224,1.0,0.0,275.773193359375,8831,1,-0.06352506577968597
1790090806.3335555,2,0.21247868239879608,1.0,0.0,275.1361083984375,8697,7,0.0
1790090806.3843467,2,0.21338851749897003,1.0,0.0,275.54058837890625,7323,7,0.0
1790090806.43539,2,0.21424715220928192,1.0,0.0,275.7845764160156,7356,7,-0.004724999889731407
1790090806.4865506,2,0.21516002714633942,1.0,0.0,276.0213317871094,7425,7,-0.013649995438754559
1790090806.537057,2,0.21607254445552826,1.0,0.0,276.3230895996094,7382,7,-0.02257498912513256
1790090806.5877898,2,0.21698634326457977,1.0,0.0,276.58831787109375,7345,7,-0.03149998188018799
1790090806.6387873,2,0.2178489714860916,1.0,0.0,276.8272399902344,7349,7,0.0
1790090806.6893466,2,0.21876440942287445,1.0,0.0,277.0886535644531,7372,7,0.0
1790090806.7403333,2,0.21978965401649475,1.0,0.0,277.3956604003906,7367,7,-0.00419999985024333
1790090806.7913783,2,0.22070743143558502,1.0,0.0,277.71142578125,7364,7,-0.013124995864927769
1790090806.8427694,2,0.22162702679634094,1.0,0.0,278.03997802734375,7359,7,-0.02204998955130577
1790090806.8933594,2,0.22254644334316254,1.0,0.0,278.3518981933594,7356,7,-0.0309749823063612
1790090806.9442086,2,0.22341473400592804,1.0,0.0,278.6484375,7371,7,-0.039900004863739014
1790090806.9949555,2,0.2243356853723526,1.0,0.0,278.9480285644531,7393,7,-0.04882502928376198
1790090807.0457006,2,0.22525867819786072,1.0,0.0,279.2137451171875,7423,7,-0.05775005370378494
1790090807.0961993,2,0.22618252038955688,1.0,0.0,279.4556579589844,7411,7,-0.06667505204677582
1790090807.1468542,2,0.2271072417497635,1.0,0.0,279.6544494628906,7427,7,0.0
1790090807.1973338,2,0.2280322015285492,1.0,0.0,279.8675842285156,7432,7,-0.0005249999812804163
1790090807.248519,2,0.22895899415016174,1.0,0.0,280.07452392578125,7440,7,-0.00944999884814024
1790090807.2995188,2,0.22988510131835938,1.0,0.0,280.28509521484375,7437,7,-0.018374992534518242
1790090807.3504844,2,0.23081348836421967,1.0,0.0,280.4930419921875,7438,7,-0.02729998528957367
1790090807.4013073,2,0.23163345456123352,1.0,0.0,280.7198791503906,7455,7,0.0
1790090807.4524355,2,0.2325613796710968,1.0,0.0,280.9904479980469,7442,7,0.0
1790090807.5034025,2,0.23354685306549072,1.0,0.0,281.25189208984375,7444,7,-0.0015749998856335878
1790090807.5542383,2,0.23447848856449127,1.0,0.0,281.53411865234375,7455,7,-0.01049999799579382
1790090807.604815,2,0.23541054129600525,1.0,0.0,281.8155212402344,7469,7,-0.01942499168217182
1790090807.655631,2,0.23634293675422668,1.0,0.0,282.1009521484375,7468,7,-0.02782498486340046
1790090807.706685,2,0.23727738857269287,1.0,0.0,282.3960876464844,7476,7,-0.03727499768137932
1790090807.7571385,2,0.2382110357284546,1.0,0.0,282.64324951171875,7473,7,-0.045675020664930344
1790090807.8081374,2,0.2390923798084259,1.0,0.0,282.85888671875,7483,7,-0.05460004508495331
1790090807.8589976,2,0.24002882838249207,1.0,0.0,283.03021240234375,7502,7,-0.06352506577968597
1790090807.9101615,2,0.2410750538110733,1.0,0.0,283.1754455566406,7536,7,-0.07245002686977386
1790090807.961041,2,0.24195776879787445,1.0,0.0,283.30450439453125,7569,7,0.0
1790090808.0118732,2,0.24283938109874725,1.0,0.0,283.4653015136719,7588,7,0.0
1790090808.0625665,2,0.24377760291099548,1.0,0.0,283.6225280761719,7553,7,0.0
1790090808.1135895,2,0.24482634663581848,1.0,0.0,283.7135925292969,7518,7,0.0005249999812804163
1790090808.1642416,2,0.24570921063423157,1.0,0.0,283.7642517089844,7501,7,0.00944999884814024
1790090808.2152302,2,0.24659262597560883,1.0,0.0,283.89312744140625,7546,7,0.018374992534518242
1790090808.2665205,2,0.24753156304359436,0.0,0.0,283.54315185546875,7385,7,0.0
1790090808.3170679,2,0.24841377139091492,0.0,0.7303259372711182,282.9692687988281,7334,7,0.004724999889731407
1790090808.3684072,2,0.24945853650569916,0.0,1.0,280.7259521484375,7141,7,0.0
1790090808.4191995,2,0.2503831088542938,0.0,1.0,277.231689453125,7073,7,0.0
1790090808.4700084,2,0.2512398660182953,0.0,1.0,273.4627990722656,7010,7,0.0
1790090808.520476,2,0.2520892024040222,0.0,0.9072352647781372,270.2345886230469,6933,7,0.0
1790090808.5712109,2,0.2530841827392578,0.0,0.7670379281044006,267.9900817871094,6884,1,0.0
1790090808.6221848,2,0.2539675831794739,0.0,1.0,265.3024597167969,7455,1,0.0
1790090808.672954,2,0.2547875940799713,0.0,1.0,261.94464111328125,7136,6,0.0
1790090808.723745,2,0.25565099716186523,0.0,1.0,258.11822509765625,8009,6,0.0
1790090808.7742188,2,0.2564522325992584,0.0,1.0,254.86441040039062,7973,6,0.0
1790090808.8248663,2,0.25738734006881714,0.0,1.0,251.7218475341797,7859,6,0.0
1790090808.8761373,2,0.2581649124622345,0.0,0.927902340888977,248.83677673339844,7757,6,0.0
1790090808.9269202,2,0.2589377164840698,0.0,1.0,245.842041015625,7636,6,0.0
1790090808.977702,2,0.2597511410713196,0.0,1.0,242.68075561523438,7460,6,0.00839999970048666
1790090809.028639,2,0.26063936948776245,0.0,1.0,239.40733337402344,7293,6,0.017324993386864662
1790090809.0795758,2,0.2613803744316101,0.0,1.0,236.02200317382812,7285,6,0.02624998614192009
1790090809.1302922,2,0.262155681848526,0.0,1.0,232.88504028320312,7191,6,0.0
1790090809.1811259,2,0.2628757953643799,0.0,1.0,229.7901611328125,7137,6,0.0
1790090809.2319803,2,0.26363059878349304,0.4049999713897705,1.0,226.58816528320312,7109,1,0.0
1790090809.2827396,2,0.2643768787384033,0.0,1.0,223.27867126464844,7555,1,0.0
1790090809.3337004,2,0.2650638222694397,0.0,1.0,220.06289672851562,7232,5,0.0
1790090809.3843338,2,0.26578962802886963,0.0,1.0,216.72991943359375,7988,5,0.0
1790090809.434771,2,0.2665862441062927,0.0,1.0,213.30955505371094,8313,5,0.00892499927431345
1790090809.4858267,2,0.2672862112522125,0.0,1.0,209.99427795410156,8169,5,0.017926903441548347
1790090809.5365038,2,0.26793208718299866,0.0,1.0,206.97628784179688,8095,5,0.02673800103366375
1790090809.5871325,2,0.26861289143562317,0.0,1.0,204.09034729003906,7949,5,0.0
1790090809.6381903,2,0.2692444324493408,0.0,0.9817882776260376,201.37713623046875,7801,5,0.0
1790090809.6891856,2,0.2699843943119049,0.0,1.0,198.69122314453125,7645,5,0.0
1790090809.7399096,2,0.2705969512462616,0.0,1.0,195.9180145263672,7479,5,0.0
1790090809.7906156,2,0.2712409794330597,0.0,1.0,192.86083984375,7481,5,0.0
1790090809.8415577,2,0.27183201909065247,0.0,1.0,189.69851684570312,7372,5,0.0
1790090809.892143,2,0.27245450019836426,0.0,1.0,186.58399963378906,8001,1,0.0
1790090809.9430828,2,0.2731395661830902,0.0,0.6651403903961182,183.83377075195312,7656,1,0.0
1790090809.993713,2,0.27370724081993103,0.0,0.46387535333633423,181.16419982910156,8066,4,0.0
1790090810.0443726,2,0.27426594495773315,0.0,1.0,177.96018981933594,8426,4,0.008083280175924301
1790090810.0951939,2,0.27481454610824585,0.0,1.0,174.66636657714844,8493,4,0.022299861535429955
1790090810.146056,2,0.27545544505119324,0.0,0.5843562483787537,171.4283447265625,8375,4,0.03712138161063194
1790090810.1970468,2,0.27601560950279236,0.0,1.0,168.32383728027344,8263,4,0.05255112797021866
1790090810.2478778,2,0.2765350937843323,0.0,0.8361217379570007,165.42034912109375,8120,4,0.06858061999082565
1790090810.2984073,2,0.27704501152038574,0.0,0.9917111396789551,162.83778381347656,7984,4,0.08419326692819595
1790090810.3491657,2,0.277579665184021,0.0,1.0,160.1388702392578,7828,4,0.10133923590183258
1790090810.3999345,2,0.2781052887439728,0.0,0.9570953845977783,157.53988647460938,7708,4,0.11906338483095169
1790090810.452001,2,0.27868106961250305,0.0,0.8876681923866272,154.882080078125,7571,4,0.13955563306808472
1790090810.502701,2,0.2791905105113983,0.0,0.9477024078369141,152.68026733398438,7432,4,0.1414775401353836
1790090810.5532475,2,0.27966049313545227,0.0,0.9761868119239807,150.2891387939453,7197,1,0.14362557232379913
1790090810.6040401,2,0.28015193343162537,0.0,1.0,147.693359375,7747,1,0.14603251218795776
1790090810.6547563,2,0.28063449263572693,0.0,1.0,145.18862915039062,7415,3,0.14843277633190155
1790090810.7053049,2,0.28110966086387634,0.0,1.0,142.58644104003906,8312,3,0.15101143717765808
1790090810.7559233,2,0.28157317638397217,0.0,0.9656645655632019,139.85272216796875,8486,3,0.1538187563419342
1790090810.8066764,2,0.2820289731025696,0.0,0.910383939743042,137.30918884277344,8433,3,0.15652614831924438
1790090810.8573027,2,0.2824782431125641,0.0,0.8517959117889404,135.10153198242188,8244,3,0.15895448625087738
1790090810.9082723,2,0.2829194664955139,0.0,0.8469159007072449,132.9541015625,8055,3,0.16138997673988342
1790090810.9588842,2,0.2833549678325653,0.0,0.7626279592514038,130.921630859375,7895,3,0.1637648493051529
1790090811.0097837,2,0.2837885320186615,0.0,0.8681415915489197,128.96710205078125,7718,3,0.16611550748348236
1790090811.0606043,2,0.2842170000076294,0.0,0.8766390681266785,127.13153076171875,7588,3,0.16838538646697998
1790090811.1113274,2,0.2846471071243286,0.0,0.8602575063705444,125.08868408203125,7490,3,0.1709856539964676
1790090811.1619017,2,0.28499528765678406,0.0,0.8409662246704102,123.0828628540039,7341,3,0.1736181229352951
1790090811.2125673,2,0.2854226529598236,0.0,0.7951329350471497,121.13228607177734,7202,3,0.17625702917575836
1790090811.2631612,2,0.2858678698539734,0.0,0.795718252658844,119.26929473876953,7052,3,0.17885343730449677
1790090811.3139043,2,0.2862878441810608,0.0,0.8259902596473694,117.46223449707031,6918,3,0.18144603073596954
1790090811.3647466,2,0.2867021858692169,0.5399999618530273,0.8555254340171814,115.61016082763672,6927,1,0.18418237566947937
1790090811.4156587,2,0.2871149480342865,0.0,0.9065777659416199,113.70702362060547,7303,1,0.1870815008878708
1790090811.46674,2,0.28752148151397705,0.0,0.8558351993560791,111.75765991210938,6995,2,0.19014723598957062
1790090811.5177262,2,0.28791213035583496,0.0,0.7676258683204651,109.66410827636719,7869,2,0.19355358183383942
1790090811.5683322,2,0.2882670760154724,0.0,0.8145864009857178,107.60997009277344,8538,2,0.19701656699180603
1790090811.6190448,2,0.28862571716308594,0.0,0.8251269459724426,105.72727966308594,8603,2,0.2003011852502823
1790090811.670031,2,0.2890113592147827,0.0,0.8837681412696838,103.8394775390625,8494,2,0.2037065476179123
1790090811.721065,2,0.28934088349342346,0.0,0.9105066061019897,101.953369140625,8360,2,0.2072264701128006
1790090811.7716713,2,0.2896522879600525,0.0,0.8168753981590271,100.11067199707031,8179,2,0.21078486740589142
1790090811.822152,2,0.28993284702301025,0.0,0.9126220345497131,98.25785827636719,7984,2,0.2144882082939148
1790090811.8729181,2,0.2902114987373352,0.0,0.8095110654830933,96.43506622314453,7807,2,0.2182607352733612
1790090811.9236553,2,0.2904627025127411,0.0,0.6282795667648315,94.63251495361328,7598,2,0.22212421894073486
1790090811.9743185,2,0.2907143235206604,0.0,0.6381131410598755,92.97200012207031,7401,2,0.22580628097057343
1790090812.0252168,2,0.29098159074783325,0.0,0.6313349008560181,91.38880920410156,7234,2,0.22943240404129028
1790090812.0759141,2,0.29118743538856506,0.0,0.5984659194946289,89.97354888916016,7074,2,0.23277391493320465
1790090812.1266367,2,0.29138901829719543,0.0,0.6705705523490906,88.43152618408203,6844,2,0.23652729392051697
1790090812.1773481,2,0.29158708453178406,0.0,0.7129086256027222,86.7718276977539,6682,2,0.2407047599554062
1790090812.2280555,2,0.29177072644233704,0.0,0.7641742825508118,85.03050231933594,6531,2,0.24524930119514465
1790090812.2787445,2,0.29196372628211975,0.0,0.7439461946487427,83.21647644042969,6372,2,0.2501697540283203
1790090812.3292325,2,0.292120099067688,0.0,0.6632369160652161,81.55216979980469,6221,2,0.2548609972000122
1790090812.3796859,2,0.2922726273536682,0.0,0.0,79.9334945678711,6070,2,0.2595955431461334
1790090812.4306974,2,0.292421817779541,0.0,0.0,78.40442657470703,5999,2,0.26423245668411255
1790090812.4820457,2,0.29258638620376587,0.0,0.0,76.9037094116211,5907,2,0.2689473032951355
1790090812.5326784,2,0.2927239239215851,0.0,0.0,75.21873474121094,5802,2,0.27444571256637573
1790090812.5832095,2,0.2928755581378937,0.0,0.0,72.99882507324219,5701,2,0.28204238414764404
1790090812.6338499,2,0.2929970622062683,0.0,0.0,70.59347534179688,5567,2,0.2907630503177643
1790090812.6846907,2,0.2931142747402191,0.0,0.0,68.53337097167969,5413,2,0.2986723780632019
1790090812.7359736,2,0.29324591159820557,0.0,0.0,66.80696868896484,5258,2,0.30563971400260925
1790090812.786766,2,0.2933550179004669,0.0,0.0,65.41683959960938,5122,2,0.31149065494537354
1790090812.8377583,2,0.2934741675853729,0.0,0.0,64.34141540527344,4995,2,0.3161730468273163
1790090812.888602,2,0.29360413551330566,0.0,0.0,63.469905853271484,4865,2,0.32007214426994324
1790090812.9392576,2,0.2937159240245819,0.6499999761581421,0.0,62.466941833496094,5607,2,0.32468006014823914
1790090812.9899855,2,0.293824702501297,0.6499999761581421,0.0,61.19516372680664,5613,2,0.3307173252105713
1790090813.040851,2,0.29393142461776733,0.6499999761581421,0.0,59.63161087036133,5273,2,0.33845463395118713
1790090813.0914516,2,0.294048547744751,0.6499999761581421,0.0,58.02767562866211,4935,2,0.34677717089653015
1790090813.1421723,2,0.29414352774620056,0.0,0.0,56.19306182861328,4686,2,0.356812983751297
1790090813.1932368,2,0.2942489981651306,0.0,0.0,54.4561767578125,4530,2,0.36686456203460693
1790090813.2441025,2,0.2943427860736847,0.0,0.0,53.01724624633789,4392,2,0.37563106417655945
1790090813.2946115,2,0.29443004727363586,0.0,0.0,51.720272064208984,4261,2,0.3838995695114136
1790090813.3452427,2,0.29453393816947937,0.0,0.0,50.439491271972656,4134,2,0.39243000745773315
1790090813.3958552,2,0.29461872577667236,0.6499999761581421,0.0,49.049171447753906,4402,2,0.40212979912757874
1790090813.4464118,2,0.2947094142436981,0.6499999761581421,0.0,47.73421096801758,4229,2,0.4117555618286133
1790090813.4973996,2,0.2948119342327118,0.6499999761581421,0.0,46.376590728759766,4043,2,0.4221893548965454
1790090813.5479617,2,0.2948857843875885,0.6499999761581421,0.0,45.04338455200195,4036,2,0.4329632818698883
1790090813.5985844,2,0.29497891664505005,0.6499999761581421,0.0,43.790122985839844,3880,2,0.44360488653182983
1790090813.6495042,2,0.2950596213340759,0.6499999761581421,0.0,42.45334243774414,3892,2,0.4555476903915405
1790090813.7003522,2,0.29514139890670776,0.6499999761581421,0.0,41.19612503051758,3732,2,0.4673817753791809
1790090813.7511737,2,0.29523012042045593,0.6499999761581421,0.0,39.94324493408203,3748,2,0.4798029363155365
1790090813.80181,2,0.29530659317970276,0.6499999761581421,0.0,38.795799255371094,3595,2,0.49177244305610657
1790090813.8525789,2,0.29538798332214355,0.6499999761581421,0.0,37.67850875854492,3618,2,0.5040156245231628
1790090813.903134,2,0.29545190930366516,0.6499999761581421,0.0,36.672760009765625,3466,2,0.5155697464942932
1790090813.9539332,2,0.2955332398414612,0.6499999761581421,0.0,35.74545669555664,3750,2,0.5267022252082825
1790090814.0049427,2,0.2956116199493408,0.6499999761581421,0.0,35.415435791015625,4235,2,0.5307810306549072
1790090814.0557234,2,0.29568028450012207,0.6499999761581421,0.0,35.64195251464844,4461,2,0.5279747247695923
1790090814.1068509,2,0.2957579791545868,0.6499999761581421,0.0,36.18328094482422,4295,2,0.5213867425918579
1790090814.1575198,2,0.2958332300186157,0.6499999761581421,0.0,36.40155029296875,3578,2,0.5187767148017883
1790090814.2083857,2,0.2958965599536896,0.6499999761581421,0.0,36.070899963378906,3534,2,0.5227408409118652
1790090814.2588985,2,0.2959699034690857,0.6499999761581421,0.0,36.137027740478516,3780,2,0.521943211555481
1790090814.309582,2,0.29604631662368774,0.7820002436637878,0.0,36.289794921875,3827,2,0.5201097726821899
1790090814.360525,2,0.2961196303367615,0.986000657081604,0.0,36.71611022949219,3890,2,0.5150607824325562
1790090814.4113266,2,0.29619571566581726,1.0,0.0,37.37770462036133,3885,2,0.5074166059494019
1790090814.4624035,2,0.2962625026702881,1.0,0.0,38.061824798583984,3891,2,0.4997471570968628
1790090814.5134358,2,0.296331524848938,1.0,0.0,38.7302360534668,3910,2,0.4924744665622711
1790090814.5641334,2,0.29640260338783264,0.9639999270439148,0.0,39.399497985839844,3742,2,0.4854015111923218
1790090814.6147692,2,0.29648277163505554,0.8919997811317444,0.0,39.987525939941406,3929,2,0.4793527126312256
1790090814.6652968,2,0.29655560851097107,0.9639999270439148,0.0,40.495338439941406,3964,2,0.4286869466304779
1790090814.716203,2,0.29663026332855225,0.9639999270439148,0.0,41.13583755493164,3989,2,0.2680371403694153
1790090814.7672052,2,0.2967105209827423,1.0,0.0,41.96265411376953,4186,2,0.05593711510300636
1790090814.817917,2,0.29679185152053833,1.0,0.0,43.00753402709961,4317,2,-0.041211605072021484
1790090814.8685794,2,0.2968714237213135,1.0,0.0,44.25664138793945,4320,2,-0.08535867184400558
1790090814.9190323,2,0.2969643771648407,1.0,0.0,45.5060920715332,4558,2,-0.12886036932468414
1790090814.9700503,2,0.2970512807369232,1.0,0.0,46.69437026977539,4873,2,-0.1716928780078888
1790090815.020604,2,0.29715052247047424,1.0,0.0,47.699737548828125,4978,2,-0.2114730030298233
1790090815.0711348,2,0.29724809527397156,1.0,0.0,48.692203521728516,5045,2,-0.11041724681854248
1790090815.1223056,2,0.29736092686653137,1.0,0.0,49.67906188964844,5176,2,0.0
1790090815.1731834,2,0.2974657714366913,1.0,0.0,50.799583435058594,5205,2,0.009562521241605282
1790090815.223744,2,0.2975887060165405,1.0,0.0,52.1766242980957,5069,2,0.038024891167879105
1790090815.274562,2,0.2977146804332733,1.0,0.0,53.607242584228516,5263,2,0.0
1790090815.3254206,2,0.2978447377681732,1.0,0.0,55.05445098876953,5465,2,0.0
1790090815.3762417,2,0.2979830801486969,1.0,0.0,56.48658752441406,5680,2,0.0
1790090815.4270108,2,0.2981209456920624,1.0,0.0,57.91880798339844,5888,2,-0.024344932287931442
1790090815.4775097,2,0.2982710003852844,1.0,0.0,59.22739791870117,6195,2,-0.06149965524673462
1790090815.5282764,2,0.2984250485897064,1.0,0.0,60.571346282958984,6235,2,0.0
1790090815.578988,2,0.298581063747406,1.0,0.0,61.9266471862793,6160,2,0.0
1790090815.629782,2,0.29873549938201904,1.0,0.0,63.282779693603516,6328,2,0.0
1790090815.6805487,2,0.298896849155426,1.0,0.0,64.55176544189453,6567,2,0.0
1790090815.731476,2,0.29909220337867737,1.0,0.0,66.04212188720703,6650,2,0.014147942885756493
1790090815.7826915,2,0.2992730736732483,1.0,0.0,67.5389404296875,6752,2,0.04811110347509384
1790090815.8335557,2,0.2994530498981476,1.0,0.0,68.87703704833984,7061,2,0.03592821583151817
1790090815.88404,2,0.2996320426464081,1.0,0.0,70.25019073486328,7336,2,0.0
1790090815.934595,2,0.299835205078125,1.0,0.0,71.65263366699219,7230,2,0.0
1790090815.985235,2,0.3000433146953583,1.0,0.0,73.09276580810547,7575,2,0.0
1790090816.036176,2,0.3002605438232422,1.0,0.0,74.49663543701172,7671,2,0.0
1790090816.0872085,2,0.3004731237888336,1.0,0.0,75.92820739746094,7691,2,0.0
1790090816.1381073,2,0.3007005453109741,1.0,0.0,77.35655212402344,8027,2,0.0
1790090816.188879,2,0.30093422532081604,1.0,0.0,78.68229675292969,7895,2,-0.02652609534561634
1790090816.239467,2,0.3012121319770813,1.0,0.0,79.88480377197266,8291,2,0.0
1790090816.2903838,2,0.3014470338821411,1.0,0.0,81.16917419433594,8156,2,0.0
1790090816.3411107,2,0.3016982078552246,1.0,0.0,82.3863525390625,8515,2,0.0
1790090816.3921044,2,0.30195215344429016,1.0,0.0,83.62586212158203,8376,2,0.0
1790090816.4428246,2,0.3022131621837616,1.0,0.0,84.85539245605469,8684,2,0.0
1790090816.4935713,2,0.3024800717830658,1.0,0.0,86.05064392089844,8793,2,0.0
1790090816.5440395,2,0.3027534782886505,1.0,0.0,87.23551940917969,8694,1,0.0
1790090816.5945258,2,0.3030138611793518,1.0,0.0,86.91846466064453,9205,3,0.0
1790090816.6451318,2,0.30328676104545593,0.8559997081756592,0.0,87.89954376220703,6603,3,0.0
1790090816.6960506,2,0.3035705089569092,1.0,0.0,89.03681945800781,6435,3,0.0
1790090816.7468462,2,0.3038583993911743,1.0,0.0,90.152099609375,6205,3,0.0
1790090816.7974696,2,0.304151326417923,1.0,0.0,90.92923736572266,6522,3,0.02011161297559738
1790090816.8482635,2,0.30444765090942383,1.0,0.0,91.99185943603516,6490,3,0.04619671031832695
1790090816.899148,2,0.3047472834587097,1.0,0.0,93.19758605957031,6432,3,0.017167914658784866
1790090816.9501066,2,0.305051326751709,1.0,0.0,94.30661010742188,6684,3,0.0
1790090817.001,2,0.30535829067230225,1.0,0.0,95.38897705078125,6849,3,0.0
1790090817.0516005,2,0.30566710233688354,1.0,0.0,96.56004333496094,6694,3,0.0
1790090817.1023493,2,0.3059789538383484,1.0,0.0,97.9051284790039,6995,3,0.0
1790090817.153021,2,0.30630233883857727,1.0,0.0,98.98615264892578,6939,3,0.01989924907684326
1790090817.2040098,2,0.3066279888153076,1.0,0.0,100.1866683959961,7168,3,0.04588869586586952
1790090817.2547176,2,0.3069598972797394,1.0,0.0,101.50398254394531,7082,3,0.08116815239191055
1790090817.305906,2,0.30725404620170593,1.0,0.0,102.71453857421875,7301,3,0.11594688147306442
1790090817.3564513,2,0.3075851500034332,1.0,0.0,103.88758850097656,7195,3,0.07004699110984802
1790090817.4072974,2,0.3079254627227783,1.0,0.0,105.05550384521484,7533,3,0.0
1790090817.458185,2,0.30827224254608154,1.0,0.0,106.32085418701172,7405,3,0.0
1790090817.509087,2,0.30861738324165344,1.0,0.0,107.52535247802734,7672,3,0.0
1790090817.5597472,2,0.30897006392478943,1.0,0.0,108.94579315185547,7738,3,0.0
1790090817.6107635,2,0.3093225359916687,1.0,0.0,110.35845184326172,7777,3,0.0
1790090817.6614358,2,0.3097017705440521,1.0,0.0,112.07815551757812,7977,3,0.0
1790090817.7123258,2,0.31006717681884766,1.0,0.0,113.952880859375,8071,3,0.0
1790090817.762796,2,0.31043848395347595,1.0,0.0,115.68193817138672,8276,3,-0.026524659246206284
1790090817.8137739,2,0.3107632100582123,1.0,0.0,117.21183776855469,8383,3,-0.05432002991437912
1790090817.8645463,2,0.31117019057273865,1.0,0.0,118.29389953613281,8211,3,-0.08342617750167847
1790090817.9154916,2,0.31157687306404114,1.0,0.0,119.12776184082031,8566,3,-0.11218565702438354
1790090817.9664443,2,0.31191423535346985,1.0,0.0,119.95645904541016,8452,3,0.0
1790090818.01719,2,0.3123309016227722,1.0,0.0,121.11528015136719,8589,3,0.0
1790090818.067831,2,0.3127274215221405,1.0,0.0,122.29474639892578,8714,3,0.0
1790090818.118623,2,0.3131503164768219,1.0,0.0,123.68789672851562,8855,3,0.0
1790090818.1695578,2,0.3135567903518677,1.0,0.0,125.16545867919922,8916,3,0.0
1790090818.2204146,2,0.3139199912548065,1.0,0.0,126.77349090576172,9057,3,0.0
1790090818.2711723,2,0.3143376111984253,1.0,0.0,128.2281951904297,9134,3,0.0
1790090818.322148,2,0.3147590756416321,1.0,0.0,128.6593475341797,9188,1,0.0
1790090818.3730192,2,0.3152064383029938,1.0,0.0,129.39646911621094,7023,4,0.0
1790090818.4236724,2,0.315633088350296,1.0,0.0,130.7937774658203,6946,4,0.0
1790090818.4747262,2,0.3160912096500397,1.0,0.0,132.30613708496094,7014,4,0.0
1790090818.5256686,2,0.3164769113063812,1.0,0.0,133.83868408203125,7113,4,0.0
1790090818.5769825,2,0.3169190585613251,1.0,0.0,135.32728576660156,7256,4,0.0
1790090818.6277776,2,0.3173667788505554,1.0,0.0,136.64207458496094,7388,4,0.0
1790090818.6787205,2,0.3178189992904663,1.0,0.0,137.80946350097656,7441,4,0.0
1790090818.7295923,2,0.3182743787765503,1.0,0.0,139.1856689453125,7446,4,0.0
1790090818.7802267,2,0.31876206398010254,1.0,0.0,140.75079345703125,7467,4,0.0
1790090818.8309383,2,0.3192284107208252,1.0,0.0,142.30319213867188,7504,4,0.0
1790090818.8817563,2,0.3197007477283478,1.0,0.0,143.8424530029297,7562,4,-0.0037662596441805363
1790090818.9327788,2,0.3201774060726166,1.0,0.0,145.33033752441406,7672,4,-0.02487880364060402
1790090818.9835565,2,0.3206039071083069,1.0,0.0,146.63499450683594,7838,4,-0.0444130077958107
1790090819.0343862,2,0.32109159231185913,1.0,0.0,147.91246032714844,7924,4,0.0
1790090819.0851002,2,0.3215830326080322,1.0,0.0,149.1205291748047,7903,4,0.0
1790090819.1355877,2,0.32211002707481384,1.0,0.0,150.34449768066406,8014,4,0.0
1790090819.1861618,2,0.3226102590560913,1.0,0.0,151.7532958984375,8090,4,0.0
1790090819.2365901,2,0.3231159746646881,1.0,0.0,153.24082946777344,8115,4,0.0
1790090819.2871368,2,0.3236258625984192,1.0,0.0,154.69851684570312,8175,4,0.0
1790090819.3380742,2,0.32417285442352295,1.0,0.0,156.0819091796875,8283,4,0.0
1790090819.3886604,2,0.3246273994445801,1.0,0.0,157.41323852539062,8341,4,0.0
1790090819.439201,2,0.3251514434814453,1.0,0.0,158.7914276123047,8433,4,0.0
1790090819.4899142,2,0.3257090151309967,1.0,0.0,160.17604064941406,8500,4,0.0
1790090819.540683,2,0.3262442350387573,1.0,0.0,161.5281982421875,8585,4,0.0
1790090819.5913835,2,0.3267178535461426,1.0,0.0,162.92010498046875,8626,4,0.0
1790090819.6421003,2,0.3272611200809479,1.0,0.0,164.29067993164062,8688,4,0.0
1790090819.6928666,2,0.3278388977050781,1.0,0.0,165.594482421875,8800,4,0.0
1790090819.743747,2,0.32838958501815796,1.0,0.0,166.94212341308594,8848,4,0.0
1790090819.7943487,2,0.32897600531578064,1.0,0.0,168.30015563964844,8894,4,0.0
1790090819.845165,2,0.32943812012672424,1.0,0.0,169.64952087402344,8937,4,0.0
1790090819.8957188,2,0.3300338387489319,1.0,0.0,170.94886779785156,9022,4,0.0
1790090819.9466152,2,0.33060422539711,1.0,0.0,172.19154357910156,9073,4,0.0
1790090819.9974916,2,0.33117735385894775,1.0,0.0,173.490966796875,9144,4,0.0
1790090820.0484943,2,0.33179059624671936,1.0,0.0,174.7501983642578,9231,4,0.0
1790090820.0994625,2,0.3323715329170227,1.0,0.0,175.94732666015625,9213,4,0.01350900623947382
1790090820.1501622,2,0.33288463950157166,1.0,0.0,177.05462646484375,9114,4,0.0
1790090820.2012255,2,0.33347436785697937,1.0,0.0,177.9323272705078,9233,4,0.0
1790090820.2520034,2,0.33406323194503784,1.0,0.0,178.6672821044922,9209,4,0.0
1790090820.3029845,2,0.3346906304359436,1.0,0.0,179.01487731933594,9010,1,0.0
1790090820.3535557,2,0.3352823257446289,1.0,0.0,179.18276977539062,8595,5,0.0
1790090820.4043136,2,0.3358787000179291,1.0,0.0,180.3726348876953,7515,5,0.0
1790090820.455126,2,0.3364769220352173,1.0,0.0,181.51766967773438,7564,5,0.0
1790090820.5064695,2,0.33707913756370544,1.0,0.0,182.7108917236328,7596,5,0.009276644326746464
1790090820.5571911,2,0.33768442273139954,1.0,0.0,183.86279296875,7661,5,0.02225188910961151
1790090820.6080167,2,0.3383312225341797,1.0,0.0,185.07542419433594,7658,5,0.035030871629714966
1790090820.6589236,2,0.33894702792167664,1.0,0.0,186.26254272460938,7692,5,0.0
1790090820.7100601,2,0.33948883414268494,1.0,0.0,187.42269897460938,7747,5,0.0
1790090820.7608078,2,0.34011131525039673,1.0,0.0,188.58497619628906,7798,5,0.0
1790090820.8113728,2,0.3407370150089264,1.0,0.0,189.73306274414062,7843,5,0.0
1790090820.8620021,2,0.3413655459880829,1.0,0.0,190.90501403808594,7867,5,0.005552873481065035
1790090820.9129224,2,0.3419983386993408,1.0,0.0,192.05909729003906,7913,5,0.017222225666046143
1790090820.9637291,2,0.34267139434814453,1.0,0.0,193.1783447265625,7984,5,0.02872166596353054
1790090821.0145612,2,0.34331151843070984,1.0,0.0,194.2014617919922,8056,5,0.029282324016094208
1790090821.0653567,2,0.3439575135707855,1.0,0.0,195.3265838623047,8089,5,0.0
1790090821.1165037,2,0.344605028629303,1.0,0.0,196.46649169921875,8107,5,0.0
1790090821.167127,2,0.3452565371990204,1.0,0.0,197.58969116210938,8145,5,0.0
1790090821.2178075,2,0.34583473205566406,1.0,0.0,198.68978881835938,8192,5,0.0
1790090821.2681968,2,0.34649336338043213,1.0,0.0,199.79681396484375,8228,5,0.0
1790090821.3192616,2,0.3471550941467285,1.0,0.0,200.86663818359375,8297,5,0.0
1790090821.3698335,2,0.3478213846683502,1.0,0.0,201.9746551513672,8307,5,0.0
1790090821.4205587,2,0.34849128127098083,1.0,0.0,203.06155395507812,8349,5,0.0
1790090821.4714563,2,0.3491639494895935,1.0,0.0,204.1361083984375,8392,5,0.0
1790090821.521965,2,0.3498803675174713,1.0,0.0,205.18235778808594,8452,5,0.0063425954431295395
1790090821.5726707,2,0.35056036710739136,1.0,0.0,206.2403106689453,8487,5,0.016034113243222237
1790090821.6234884,2,0.3512442708015442,1.0,0.0,207.23109436035156,8512,5,0.0
1790090821.6740959,2,0.35193002223968506,1.0,0.0,208.2796173095703,8551,5,0.0
1790090821.7251067,2,0.3526213467121124,1.0,0.0,209.2967071533203,8608,5,0.0
1790090821.7763531,2,0.3533148467540741,1.0,0.0,210.3180694580078,8648,5,0.0
1790090821.827224,2,0.3539300560951233,1.0,0.0,211.3358612060547,8684,5,0.0
1790090821.8780978,2,0.3546285331249237,1.0,0.0,212.3546142578125,8712,5,0.0
1790090821.9289746,2,0.35533204674720764,1.0,0.0,213.36082458496094,8758,5,0.0
1790090821.9797673,2,0.3560389578342438,1.0,0.0,214.3344268798828,8815,5,0.0
1790090822.030728,2,0.35674849152565,1.0,0.0,215.34556579589844,8830,5,0.0
1790090822.0815425,2,0.35746142268180847,1.0,0.0,216.0266571044922,8726,1,0.0
1790090822.1323864,2,0.35817480087280273,1.0,0.0,215.962158203125,8667,6,0.0
1790090822.1831808,2,0.3588907718658447,1.0,0.0,217.1016845703125,7105,6,0.0
1790090822.2341805,2,0.35960865020751953,1.0,0.0,217.958251953125,7149,6,0.0
1790090822.2847033,2,0.36032915115356445,1.0,0.0,218.83457946777344,7180,6,0.00892499927431345
1790090822.3355825,2,0.3610110878944397,1.0,0.0,219.72161865234375,7196,6,0.017849992960691452
1790090822.3863783,2,0.3617807626724243,1.0,0.0,220.6057891845703,7213,6,0.02677498571574688
1790090822.437433,2,0.3624667525291443,1.0,0.0,221.46800231933594,7237,6,0.0
1790090822.4885783,2,0.36332717537879944,1.0,0.0,222.33566284179688,7260,6,0.0
1790090822.5392416,2,0.36402109265327454,1.0,0.0,223.18438720703125,7293,6,0.0
1790090822.590166,2,0.364761084318161,1.0,0.0,224.03179931640625,7321,6,0.0
1790090822.6409152,2,0.36550173163414,1.0,0.0,224.87559509277344,7349,6,0.0
1790090822.692044,2,0.3662470877170563,1.0,0.0,225.71737670898438,7375,6,0.0
1790090822.7425437,2,0.3669917583465576,1.0,0.0,226.50323486328125,7406,6,0.007350000087171793
1790090822.79344,2,0.36774197220802307,1.0,0.0,227.3293914794922,7438,6,0.016274994239211082
1790090822.8440282,2,0.36849451065063477,1.0,0.0,228.1533966064453,7467,6,0.02519998699426651
1790090822.894463,2,0.3692047595977783,1.0,0.0,228.96182250976562,7497,6,0.034124989062547684
1790090822.9452462,2,0.36996299028396606,1.0,0.0,229.77317810058594,7514,6,0.0
1790090822.9959338,2,0.37072235345840454,1.0,0.0,230.57388305664062,7554,6,0.0
1790090823.04675,2,0.37148502469062805,1.0,0.0,231.3677215576172,7583,6,0.0
1790090823.0975344,2,0.37225374579429626,1.0,0.0,232.17864990234375,7590,6,0.0
1790090823.1481426,2,0.3730243444442749,1.0,0.0,232.98680114746094,7603,6,-0.00419999985024333
1790090823.1989732,2,0.37379470467567444,1.0,0.0,233.78436279296875,7631,6,-0.013124995864927769
1790090823.2497072,2,0.3745715916156769,1.0,0.0,234.57977294921875,7661,6,0.0
1790090823.3006408,2,0.3753492534160614,1.0,0.0,235.32725524902344,7683,6,0.0
1790090823.3513258,2,0.37612852454185486,1.0,0.0,236.12249755859375,7701,6,0.0
1790090823.4022176,2,0.37690913677215576,1.0,0.0,236.91123962402344,7726,6,0.0
1790090823.452949,2,0.3776482343673706,1.0,0.0,237.6876983642578,7762,6,0.0
1790090823.503754,2,0.37843310832977295,1.0,0.0,238.4536590576172,7801,6,0.0
1790090823.5542846,2,0.3792237341403961,1.0,0.0,239.22311401367188,7828,6,0.0
1790090823.6050787,2,0.37996843457221985,1.0,0.0,240.0113067626953,7834,6,0.0
1790090823.6558251,2,0.3807637393474579,1.0,0.0,240.7816619873047,7856,6,0.0
1790090823.7064867,2,0.3815585672855377,1.0,0.0,241.5516357421875,7877,6,0.0
1790090823.7570724,2,0.382360577583313,1.0,0.0,242.3073272705078,7905,6,-0.00839999970048666
1790090823.8080287,2,0.38316088914871216,1.0,0.0,243.06307983398438,7929,6,0.0
1790090823.8586829,2,0.3840116262435913,1.0,0.0,243.81369018554688,7953,6,0.0
1790090823.909568,2,0.3848205506801605,1.0,0.0,244.52154541015625,7985,6,0.0
1790090823.9604297,2,0.3856290280818939,1.0,0.0,245.2201385498047,8054,6,0.0
1790090824.0109215,2,0.38643980026245117,1.0,0.0,245.96511840820312,8066,6,0.0
1790090824.0615125,2,0.3872545063495636,1.0,0.0,246.7496795654297,8038,6,0.0
1790090824.1123888,2,0.3880714476108551,1.0,0.0,247.489990234375,8056,6,0.0
1790090824.1631856,2,0.3888920545578003,1.0,0.0,248.225830078125,8089,6,0.0
1790090824.213757,2,0.3895675241947174,1.0,0.0,248.92813110351562,8148,6,0.0
1790090824.2645965,2,0.3903900980949402,1.0,0.0,249.63455200195312,8188,6,0.0
1790090824.3151739,2,0.39126598834991455,1.0,0.0,250.36386108398438,8182,6,0.0
1790090824.3659322,2,0.3921419680118561,1.0,0.0,251.1165313720703,8183,6,0.0
1790090824.4166176,2,0.3928758502006531,1.0,0.0,251.7908935546875,8206,6,0.0
1790090824.4672832,2,0.3937089443206787,1.0,0.0,252.48828125,8256,6,0.0
1790090824.5179095,2,0.3945443332195282,1.0,0.0,253.1945037841797,8277,6,0.0
1790090824.5687191,2,0.39538222551345825,1.0,0.0,253.9171905517578,8281,6,0.0
1790090824.6192412,2,0.3962220549583435,1.0,0.0,254.62380981445312,8304,6,-0.00787500012665987
1790090824.67005,2,0.39711445569992065,1.0,0.0,255.33033752441406,8323,6,-0.016799993813037872
1790090824.7210364,2,0.39795923233032227,1.0,0.0,256.02593994140625,8346,6,-0.0057749878615140915
1790090824.771591,2,0.39880669116973877,1.0,0.0,256.7029724121094,8388,6,0.0
1790090824.8223174,2,0.3996555805206299,1.0,0.0,257.3510437011719,8448,6,0.0
1790090824.8730788,2,0.4005080759525299,1.0,0.0,258.05133056640625,8446,6,0.0
1790090824.9237611,2,0.4013611376285553,1.0,0.0,258.7759704589844,8425,6,0.0
1790090824.9745603,2,0.4022183120250702,1.0,0.0,259.4244384765625,8439,6,0.0
1790090825.0252256,2,0.40307673811912537,1.0,0.0,260.1043701171875,8468,6,-0.005249999929219484
1790090825.0760489,2,0.4038361608982086,1.0,0.0,260.7637939453125,8510,6,-0.014174995012581348
1790090825.127046,2,0.4047504663467407,1.0,0.0,261.42303466796875,8536,6,-0.003149989992380142
1790090825.1776304,2,0.405615895986557,1.0,0.0,262.10321044921875,8547,6,0.0
1790090825.2284713,2,0.40648356080055237,1.0,0.0,262.7680969238281,8575,6,0.0
1790090825.2794507,2,0.4074038863182068,1.0,0.0,263.42901611328125,8602,6,0.0
1790090825.3300045,2,0.40827709436416626,1.0,0.0,264.103515625,8608,6,0.0
1790090825.3806314,2,0.40899625420570374,1.0,0.0,264.7810363769531,8612,6,0.0
1790090825.4315977,2,0.4099237024784088,1.0,0.0,265.4428405761719,8632,6,0.0
1790090825.4823093,2,0.41080164909362793,1.0,0.0,266.094482421875,8663,6,0.0
1790090825.5329611,2,0.4116825759410858,1.0,0.0,266.7333984375,8690,6,0.0
1790090825.58363,2,0.4125649929046631,1.0,0.0,267.35174560546875,8706,6,-0.0057749999687075615
1790090825.6342435,2,0.41344934701919556,1.0,0.0,267.28857421875,9033,7,-0.014699994586408138
1790090825.6846938,2,0.41433319449424744,1.0,0.0,267.65545654296875,7172,7,-0.02362498827278614
1790090825.735283,2,0.41516631841659546,1.0,0.0,268.2881164550781,7121,7,0.0
1790090825.7860398,2,0.4160560071468353,1.0,0.0,268.86187744140625,7134,7,0.0
1790090825.8367734,2,0.416944295167923,1.0,0.0,269.4311218261719,7159,7,0.0
1790090825.887937,2,0.4178357720375061,1.0,0.0,269.99566650390625,7187,7,-0.0031500000040978193
1790090825.9389422,2,0.41873013973236084,1.0,0.0,270.5782165527344,7190,7,-0.012074996717274189
1790090825.9894543,2,0.4196248948574066,1.0,0.0,271.1640625,7189,7,-0.02099999040365219
1790090826.039884,2,0.4205751419067383,1.0,0.0,271.72174072265625,7212,7,-0.02992498315870762
1790090826.0907195,2,0.4214739501476288,1.0,0.0,272.2718811035156,7229,7,-0.038850001990795135
1790090826.141558,2,0.4223746657371521,1.0,0.0,272.7668762207031,7245,7,-0.04725002497434616
1790090826.1920173,2,0.4232768416404724,1.0,0.0,273.27484130859375,7267,7,-0.056175049394369125
1790090826.2426863,2,0.42418092489242554,1.0,0.0,273.737548828125,7297,7,-0.0651000589132309
1790090826.293441,2,0.4250860810279846,0.0,0.0,274.1723937988281,7270,7,-0.07402502000331879
1790090826.3441908,2,0.42588579654693604,0.0,0.0,273.93560791015625,7132,7,0.0
1790090826.394721,2,0.4267898499965668,0.0,0.0,273.4713439941406,7104,7,0.0
1790090826.4456837,2,0.42769211530685425,0.0,0.5200271606445312,272.2911682128906,6969,7,0.0
1790090826.4962425,2,0.4285905361175537,0.0,0.9456639289855957,270.79852294921875,6854,7,0.0
1790090826.5469599,2,0.42953455448150635,0.0,1.0,268.2095642089844,6738,7,0.0
1790090826.5976226,2,0.43041592836380005,0.0,1.0,265.1065979003906,6690,7,0.0
1790090826.6482856,2,0.4311840832233429,0.0,1.0,261.7910461425781,6624,7,0.0
1790090826.699083,2,0.43204545974731445,0.0,1.0,258.8280334472656,7227,1,0.0
1790090826.7497663,2,0.43294674158096313,0.0,0.7999032139778137,256.37158203125,6920,1,0.0
1790090826.8004124,2,0.43379101157188416,0.0,0.8309453725814819,253.9949493408203,7671,6,0.0
1790090826.8510344,2,0.4346254765987396,0.0,1.0,251.27676391601562,7593,6,0.0
1790090826.9017327,2,0.4354521930217743,0.0,1.0,248.27073669433594,7477,6,0.0
1790090826.952782,2,0.43621915578842163,0.0,1.0,245.03883361816406,7505,6,0.0
1790090827.0036077,2,0.43702512979507446,0.0,1.0,241.8405303955078,7491,6,0.0
1790090827.0543187,2,0.43782007694244385,0.0,1.0,238.7720947265625,7440,6,0.0
1790090827.104934,2,0.4386041462421417,0.0,1.0,235.7576446533203,7371,6,0.0
1790090827.1556706,2,0.4394260048866272,0.0,1.0,232.96206665039062,7274,6,0.0
1790090827.2063193,2,0.4401909410953522,0.0,1.0,230.4365997314453,7165,6,0.0
1790090827.2571647,2,0.44085925817489624,0.0,1.0,227.62338256835938,7032,6,0.0
1790090827.3075545,2,0.44165119528770447,0.0,1.0,224.51593017578125,6975,6,0.0
1790090827.3583488,2,0.4424307644367218,0.0,1.0,221.3616485595703,6904,6,0.0
1790090827.4090772,2,0.4430709779262543,0.0,1.0,218.45770263671875,6790,6,0.0
1790090827.459547,2,0.4438304305076599,0.0,0.9518948197364807,215.7881622314453,7433,1,0.0
1790090827.5103424,2,0.4445381462574005,0.0,1.0,213.27767944335938,7116,1,0.0
1790090827.561363,2,0.44520077109336853,0.0,1.0,210.45108032226562,7764,5,0.0
1790090827.611834,2,0.4458903670310974,0.0,1.0,207.18373107910156,7984,5,0.0
1790090827.66256,2,0.4466109573841095,0.0,1.0,204.2612762451172,7904,5,0.0
1790090827.7133741,2,0.44720128178596497,0.0,1.0,201.32252502441406,7790,5,0.0
1790090827.7640908,2,0.44793951511383057,0.0,1.0,198.57460021972656,7676,5,0.0
1790090827.8148117,2,0.4485146105289459,0.0,1.0,195.84019470214844,7546,5,0.0
1790090827.8657367,2,0.4492340683937073,0.0,1.0,192.94760131835938,7456,5,0.0
1790090827.9163067,2,0.4497915208339691,0.0,1.0,190.1362762451172,7338,5,0.0
1790090827.9671514,2,0.450451523065567,0.0,1.0,187.39703369140625,7178,5,0.0
1790090828.0178607,2,0.4510321021080017,0.0,0.9793574810028076,184.76904296875,7036,5,0.0
1790090828.068326,2,0.45167312026023865,0.0,0.9740017652511597,182.2174072265625,6931,5,0.0
1790090828.1190298,2,0.45223507285118103,0.0,1.0,179.58294677734375,6845,5,0.0
1790090828.1700559,2,0.45279043912887573,0.0,1.0,176.852294921875,6753,5,0.0
1790090828.2208927,2,0.4534391760826111,0.0,1.0,174.14598083496094,6611,5,-0.011861984618008137
1790090828.2718568,2,0.4539788067340851,0.0,0.9813580513000488,171.40419006347656,6426,5,-0.026728175580501556
1790090828.3225472,2,0.45450785756111145,0.0,1.0,168.703369140625,6289,5,0.0
1790090828.373473,2,0.4551233649253845,0.0,1.0,165.74563598632812,6235,5,0.0
1790090828.4241893,2,0.45563605427742004,0.675000011920929,1.0,162.82737731933594,6421,1,0.0
1790090828.4748976,2,0.45620158314704895,0.0,1.0,160.1116485595703,6711,1,0.0
1790090828.5256424,2,0.4566926658153534,0.0,1.0,157.3955535888672,6456,4,0.0
1790090828.5768814,2,0.4572412967681885,0.0,1.0,154.49952697753906,7258,4,0.0
1790090828.6277905,2,0.45771628618240356,0.0,1.0,151.61582946777344,7032,4,0.0
1790090828.678589,2,0.45818254351615906,0.0,0.962351381778717,148.8759002685547,6879,4,0.0
1790090828.7293499,2,0.45869994163513184,0.0,0.9334864616394043,146.2728271484375,6840,4,0.0
1790090828.7799149,2,0.45915278792381287,0.0,0.8688873052597046,143.749267578125,6756,4,0.0
1790090828.8304145,2,0.45965075492858887,0.0,1.0,141.1151885986328,6650,4,0.0
1790090828.8810751,2,0.46005693078041077,0.0,1.0,138.41172790527344,6489,4,0.0
1790090828.931846,2,0.4605681896209717,0.0,1.0,135.72976684570312,6327,4,0.0
1790090828.982275,2,0.4609626531600952,0.0,1.0,133.1309814453125,6185,4,0.0
1790090829.0329473,2,0.4614485204219818,0.0,1.0,130.35545349121094,6056,4,0.0
1790090829.0836358,2,0.46185097098350525,0.0,1.0,127.52494049072266,5980,4,0.0
1790090829.1346967,2,0.46229088306427,0.5399999618530273,1.0,124.74268341064453,6010,1,0.0
1790090829.185398,2,0.4626556932926178,0.0,1.0,122.00775909423828,6415,1,0.0
1790090829.2362466,2,0.46310001611709595,0.0,0.9855430722236633,119.34632110595703,6151,3,0.0
1790090829.287214,2,0.4634435474872589,0.0,0.9870584011077881,116.7192153930664,6745,3,0.0
1790090829.337824,2,0.46386826038360596,0.0,0.0,114.6281967163086,7451,3,0.0
1790090829.3884816,2,0.46422719955444336,0.0,0.0,114.08501434326172,7675,3,0.0
1790090829.439138,2,0.4645824134349823,0.0,0.0,113.8541259765625,7666,3,0.0
1790090829.4899778,2,0.4649823009967804,0.0,0.0,113.6420669555664,7647,3,-0.02511805295944214
1790090829.5409286,2,0.46535858511924744,0.0,0.0,113.42727661132812,7623,3,-0.05568603798747063
1790090829.5915685,2,0.46571218967437744,0.0,0.0,113.20829772949219,7603,3,-0.08452794700860977
1790090829.6425102,2,0.46610769629478455,0.0,0.0,112.96556091308594,7585,3,0.0
1790090829.6930518,2,0.4664572775363922,0.0,0.0,112.75006866455078,7566,3,0.0
1790090829.7467687,2,0.4668560028076172,0.0,0.0,112.51089477539062,7555,3,0.003638310357928276
1790090829.7978365,2,0.46720537543296814,0.0,0.0,112.29389190673828,7543,3,0.034607287496328354
1790090829.8488941,2,0.46757835149765015,0.0,0.0,112.07627868652344,7527,3,0.06565333902835846
1790090829.8999033,2,0.4679931700229645,0.0,0.7948347926139832,111.21871185302734,7332,3,0.09683143347501755
1790090829.9506114,2,0.46836045384407043,0.0,0.9025691747665405,109.24057006835938,7128,3,0.1285938173532486
1790090830.0015728,2,0.4686966836452484,0.0,0.9775720834732056,107.13652038574219,6927,3,0.16110877692699432
1790090830.0525486,2,0.4690703749656677,0.0,0.946000337600708,104.99667358398438,6732,3,0.19441817700862885
1790090830.1031423,2,0.4693959057331085,0.0,1.0,102.89558410644531,6562,3,0.19578450918197632
1790090830.1538193,2,0.4697171449661255,0.0,0.0,101.00898742675781,6678,3,0.035134460777044296
1790090830.2047982,2,0.4700770974159241,0.0,0.0,100.62928009033203,6767,3,0.0
1790090830.2558122,2,0.47039639949798584,0.0,0.0,100.40254974365234,6746,3,0.0
1790090830.30646,2,0.47075748443603516,0.0,0.0,100.18478393554688,6730,3,0.033425576984882355
1790090830.357045,2,0.47108036279678345,0.0,0.0,99.95658874511719,6721,3,0.06624428927898407
1790090830.4082873,2,0.471448689699173,0.0,0.0,99.72972106933594,6711,3,0.09009340405464172
1790090830.4589872,2,0.47177654504776,0.0,0.6921557188034058,99.50920104980469,6640,3,0.11399929225444794
1790090830.5095012,2,0.47214508056640625,0.0,0.8324629068374634,98.05278015136719,6450,3,0.13669461011886597
1790090830.5599775,2,0.47244906425476074,0.0,0.951220691204071,96.1778793334961,6222,3,0.16125674545764923
1790090830.6107576,2,0.47282686829566956,0.0,0.9514081478118896,94.11785125732422,6041,3,0.18634259700775146
1790090830.6612778,2,0.4731215834617615,0.0,1.0,91.93531799316406,5923,3,0.21200396120548248
1790090830.7118812,2,0.4734639525413513,0.0,0.9384814500808716,89.81623077392578,5810,3,0.233151376247406
1790090830.7628775,2,0.47376424074172974,0.0,0.8500837087631226,87.96053314208984,5696,3,0.23769797384738922
1790090830.8135726,2,0.4740857183933258,0.0,0.8266798853874207,86.24071502685547,5573,3,0.2420729249715805
1790090830.864051,2,0.47436851263046265,0.0,0.0,84.99261474609375,5715,3,0.24535009264945984
1790090830.9147506,2,0.4746807813644409,0.0,0.0,84.60394287109375,5720,3,0.24638885259628296
1790090830.965684,2,0.4749397933483124,0.0,0.0,84.24523162841797,5689,3,0.2473553717136383
1790090831.0163455,2,0.47526243329048157,0.0,0.0,83.91805267333984,5667,3,0.2482435405254364
1790090831.0667915,2,0.4755186438560486,0.0,0.0,83.56841278076172,5639,3,0.2491997629404068
1790090831.1175675,2,0.47581803798675537,0.0,0.0,83.21556854248047,5615,3,0.2501722574234009
1790090831.168392,2,0.4760828912258148,0.0,0.0,82.86285400390625,5596,3,0.25115203857421875
1790090831.2190492,2,0.47637730836868286,0.0,0.0,82.5156478881836,5571,3,0.25212398171424866
1790090831.2701056,2,0.4766528606414795,0.0,0.720905065536499,81.94461822509766,5412,3,0.25373899936676025
1790090831.320833,2,0.4769064784049988,0.0,0.8447206020355225,80.40428924560547,5254,3,0.25820043683052063
1790090831.371459,2,0.4771836996078491,0.0,0.0,78.83638763427734,5271,3,0.2629058361053467
1790090831.4224424,2,0.4774552285671234,0.0,0.0,78.35496520996094,5303,3,0.2643852233886719
1790090831.4733648,2,0.47767969965934753,0.0,0.0,78.00426483154297,5281,3,0.2654734253883362
1790090831.5239446,2,0.47794580459594727,0.0,0.0,77.70825958251953,5249,3,0.26639890670776367
1790090831.5747352,2,0.478180468082428,0.0,0.0,77.41905212402344,5219,3,0.26730939745903015
1790090831.6258898,2,0.4784291088581085,0.0,0.0,77.12336730957031,5199,3,0.26824674010276794
1790090831.6766288,2,0.4786892831325531,0.0,0.0,76.79023742675781,5182,3,0.26931068301200867
1790090831.7274542,2,0.4789182245731354,0.0,0.0,76.4551773071289,5163,3,0.2703893184661865
1790090831.7783923,2,0.47917455434799194,0.0,0.0,76.12478637695312,5140,3,0.27146145701408386
1790090831.8290305,2,0.4794011414051056,0.0,0.0,75.78963470458984,5116,3,0.27255773544311523
1790090831.8798218,2,0.4796530306339264,0.0,0.0,75.44834899902344,5094,3,0.27368324995040894
1790090831.9306762,2,0.4798628091812134,0.0,0.0,75.10001373291016,5071,3,0.2748416066169739
1790090831.981273,2,0.4801134169101715,0.0,0.0,74.74797058105469,5049,3,0.2760222852230072
1790090832.031857,2,0.4803197979927063,0.0,0.0,74.40040588378906,5025,3,0.2771979570388794
1790090832.082506,2,0.48056507110595703,0.0,0.0,74.0592269897461,5000,3,0.27836182713508606
1790090832.1331742,2,0.4808094799518585,0.09600000828504562,0.0,73.74437713623047,5001,3,0.27944454550743103
1790090832.1836083,2,0.4810117483139038,0.2879999577999115,0.0,73.65837860107422,5078,3,0.2797417938709259
1790090832.2345479,2,0.4812549650669098,0.49199986457824707,0.0,73.89259338378906,5103,3,0.2789338231086731
1790090832.2850742,2,0.48149794340133667,0.6960002779960632,0.0,74.2579345703125,5184,3,0.2776827812194824
1790090832.3360178,2,0.4817012548446655,0.9000006914138794,0.0,74.75453186035156,5261,3,0.2760002017021179
1790090832.3870406,2,0.4819447100162506,1.0,0.0,75.44819641113281,5434,3,0.2736837565898895
1790090832.4377716,2,0.48217684030532837,1.0,0.0,76.25907135009766,5209,3,0.2710246741771698
1790090832.4885764,2,0.4824206829071045,1.0,0.0,76.91310119628906,5559,3,0.2689172923564911
1790090832.5395124,2,0.48262864351272583,1.0,0.0,77.69257354736328,5412,3,0.26644814014434814
1790090832.5901859,2,0.48287656903266907,1.0,0.0,78.3452377319336,5581,3,0.26441526412963867
1790090832.641058,2,0.48311203718185425,0.0,0.0,79.07830047607422,5462,3,0.26216867566108704
1790090832.6915534,2,0.4833376705646515,0.0,0.0,79.03536224365234,5346,3,0.26229920983314514
1790090832.742194,2,0.483593225479126,0.0,0.0,78.76811218261719,5316,3,0.2631146311759949
1790090832.7929845,2,0.48383527994155884,0.0,0.0,78.44933319091797,5288,3,0.26409390568733215
1790090832.8441288,2,0.4840458333492279,0.12000001221895218,0.0,78.11882019042969,5306,3,0.26511695981025696
1790090832.89497,2,0.4843016266822815,0.32399994134902954,0.0,78.05159759521484,5400,3,0.26532602310180664
1790090832.945658,2,0.4845568835735321,0.5159999132156372,0.0,78.32874298095703,5422,3,0.264466255903244
1790090832.9962375,2,0.48476824164390564,0.7200003266334534,0.0,78.71177673339844,5587,3,0.26328715682029724
1790090833.0468917,2,0.4850269556045532,0.9240007400512695,0.0,79.28570556640625,5580,3,0.2615399658679962
1790090833.0975637,2,0.4852863550186157,1.0,0.0,79.8276138305664,5742,3,0.25991135835647583
1790090833.1483703,2,0.4855042099952698,1.0,0.0,80.59864807128906,5675,3,0.2576288878917694
1790090833.199127,2,0.48577073216438293,1.0,0.0,81.26145935058594,5725,3,0.255698561668396
1790090833.2500992,2,0.4860227704048157,1.0,0.0,81.87720489501953,5700,3,0.25393104553222656
1790090833.3011227,2,0.4862465560436249,1.0,0.0,82.50194549560547,5664,3,0.25216248631477356
1790090833.3520758,2,0.4865347743034363,1.0,0.0,83.13409423828125,6003,3,0.2503979206085205
1790090833.402833,2,0.4867998957633972,1.0,0.0,83.92972564697266,5834,3,0.24821175634860992
1790090833.4534192,2,0.48704877495765686,1.0,0.0,84.58163452148438,6007,3,0.24644874036312103
1790090833.504068,2,0.4873150587081909,1.0,0.0,85.31592559814453,6071,3,0.24449270963668823
1790090833.5547028,2,0.4876004159450531,1.0,0.0,85.99087524414062,6128,3,0.24272191524505615
1790090833.6056447,2,0.48787352442741394,1.0,0.0,86.68728637695312,6176,3,0.2409215271472931
1790090833.6567564,2,0.488114595413208,1.0,0.0,87.42867279052734,6178,3,0.14565326273441315
1790090833.7074752,2,0.48840948939323425,1.0,0.0,88.24651336669922,6176,3,0.0
1790090833.758291,2,0.4886918365955353,1.0,0.0,89.1653060913086,6170,3,0.0
1790090833.8087256,2,0.4889931082725525,1.0,0.0,90.23509216308594,6447,3,0.020290769636631012
1790090833.8596015,2,0.4892485439777374,1.0,0.0,91.39627075195312,6510,3,0.046534936875104904
1790090833.9103506,2,0.48955726623535156,1.0,0.0,92.70394897460938,6626,3,0.07243873178958893
1790090833.960923,2,0.4898557662963867,1.0,0.0,94.0022964477539,6579,3,0.09798498451709747
1790090834.011725,2,0.49014031887054443,1.0,0.0,95.23316955566406,6855,3,0.12318876385688782
1790090834.0626698,2,0.4904671311378479,1.0,0.0,96.4544906616211,6758,3,0.1480577290058136
1790090834.113567,2,0.49074041843414307,1.0,0.0,97.5661392211914,6805,3,0.17263202369213104
1790090834.1646357,2,0.4910745918750763,1.0,0.0,98.59176635742188,7111,3,0.19692334532737732
1790090834.2152143,2,0.4914311468601227,1.0,0.0,99.50296783447266,7056,3,0.21198534965515137
1790090834.266006,2,0.49171721935272217,1.0,0.0,100.30601501464844,7078,3,0.15421544015407562
1790090834.3174167,2,0.4920616149902344,1.0,0.0,101.12081909179688,7091,3,0.0
1790090834.3680434,2,0.49235236644744873,1.0,0.0,101.99833679199219,7092,3,0.0
1790090834.418727,2,0.49270501732826233,1.0,0.0,102.94808959960938,7227,3,0.0
1790090834.4695055,2,0.4930611848831177,1.0,0.0,103.9162368774414,7455,3,0.0
1790090834.5205526,2,0.4933612644672394,1.0,0.0,105.05005645751953,7373,3,0.0
1790090834.571327,2,0.49372628331184387,1.0,0.0,106.25950622558594,7617,3,0.00390901044011116
1790090834.6219838,2,0.49407610297203064,1.0,0.0,107.62818145751953,7568,3,0.0368565171957016
1790090834.6726725,2,0.49443069100379944,1.0,0.0,109.01876068115234,7727,3,0.06929431855678558
1790090834.7234478,2,0.49479156732559204,1.0,0.0,110.51655578613281,7756,3,0.10119561105966568
1790090834.7744014,2,0.4951797127723694,1.0,0.0,111.85758209228516,7923,3,0.13256694376468658
1790090834.82513,2,0.49555256962776184,1.0,0.0,113.13243103027344,7908,3,0.10718585550785065
1790090834.8758833,2,0.4959292411804199,1.0,0.0,114.26885223388672,8075,3,0.0
1790090834.9263213,2,0.49626538157463074,1.0,0.0,115.47264862060547,8225,3,0.0
1790090834.9773476,2,0.49665114283561707,1.0,0.0,116.83308410644531,8319,3,0.0
1790090835.028232,2,0.4970420300960541,1.0,0.0,118.322998046875,8295,3,0.0
1790090835.0790396,2,0.4974393844604492,1.0,0.0,119.84336853027344,8457,3,0.0
1790090835.1299424,2,0.4978434145450592,1.0,0.0,121.46591186523438,8691,3,0.0
1790090835.1806192,2,0.49827656149864197,1.0,0.0,123.05367279052734,8769,3,0.0
1790090835.2317157,2,0.49869459867477417,1.0,0.0,124.69572448730469,8871,3,0.0
1790090835.2824578,2,0.4990684390068054,1.0,0.0,126.47488403320312,8943,3,0.0
1790090835.333167,2,0.49949824810028076,1.0,0.0,127.82606506347656,8881,1,0.0
1790090835.3838787,2,0.4999333620071411,1.0,0.0,127.87106323242188,8726,4,0.0
1790090835.4346166,2,0.5003691911697388,1.0,0.0,129.53477478027344,6840,4,0.0
1790090835.48532,2,0.5008120536804199,1.0,0.0,131.06053161621094,6949,4,0.0
1790090835.5360136,2,0.5012584924697876,1.0,0.0,132.5821533203125,7104,4,0.012989887967705727
1790090835.5866332,2,0.5017131567001343,1.0,0.0,134.1040496826172,7068,4,0.03719067573547363
1790090835.6370482,2,0.5021696090698242,1.0,0.0,135.578125,7242,4,0.060964953154325485
1790090835.6879108,2,0.5026611685752869,1.0,0.0,137.1636199951172,7299,4,0.0842960998415947
1790090835.738421,2,0.5031035542488098,1.0,0.0,138.59698486328125,7382,4,0.10585790872573853
1790090835.7890432,2,0.503578245639801,1.0,0.0,140.05300903320312,7494,4,0.12836992740631104
1790090835.839628,2,0.5040555000305176,1.0,0.0,141.25485229492188,7479,4,0.15236596763134003
1790090835.890329,2,0.5045393705368042,1.0,0.0,142.23219299316406,7444,4,0.08561199903488159
1790090835.9407203,2,0.5050220489501953,1.0,0.0,143.0366668701172,7544,4,0.0
1790090835.9918382,2,0.5055111050605774,1.0,0.0,143.91966247558594,7660,4,0.0
1790090836.0423043,2,0.5059995055198669,1.0,0.0,144.9496307373047,7781,4,0.0
1790090836.0931685,2,0.5064912438392639,1.0,0.0,146.06423950195312,7749,4,0.0
1790090836.1440344,2,0.5069844722747803,1.0,0.0,147.20089721679688,7860,4,0.012078480795025826
1790090836.1947427,2,0.5074829459190369,1.0,0.0,148.403076171875,7930,4,0.03237491473555565
1790090836.24601,2,0.5079842209815979,1.0,0.0,149.73736572265625,7884,4,0.05235961079597473
1790090836.296451,2,0.508488655090332,1.0,0.0,150.8437957763672,7954,4,0.0
1790090836.3472989,2,0.5089972615242004,1.0,0.0,152.0841522216797,8149,4,0.0
1790090836.3979478,2,0.5095077157020569,1.0,0.0,153.4981231689453,8188,4,0.0
1790090836.4484448,2,0.5100263953208923,1.0,0.0,154.91673278808594,8223,4,0.0
1790090836.4990728,2,0.51048743724823,1.0,0.0,156.34190368652344,8263,4,0.0
1790090836.550006,2,0.5110114216804504,1.0,0.0,157.73841857910156,8332,4,0.0
1790090836.6006014,2,0.5115060806274414,1.0,0.0,159.13026428222656,8392,4,0.014627674594521523
1790090836.6515183,2,0.5120715498924255,1.0,0.0,160.5034942626953,8459,4,0.032111454755067825
1790090836.702188,2,0.5125789642333984,1.0,0.0,161.8501739501953,8541,4,0.049298036843538284
1790090836.7531018,2,0.5131494402885437,1.0,0.0,163.1463623046875,8627,4,0.0662049800157547
1790090836.8037188,2,0.5136956572532654,1.0,0.0,164.44717407226562,8688,4,0.08283469825983047
1790090836.8545098,2,0.5142448544502258,1.0,0.0,165.62332153320312,8758,4,0.0
1790090836.9053478,2,0.5147979259490967,1.0,0.0,166.90264892578125,8817,4,0.0
1790090836.9562197,2,0.5153878331184387,1.0,0.0,167.98228454589844,8767,1,0.0
1790090837.0071244,2,0.5159463286399841,1.0,0.0,167.78805541992188,8885,5,0.0
1790090837.0580697,2,0.5165070295333862,1.0,0.0,168.9282684326172,6976,5,0.0
1790090837.1086006,2,0.5170031785964966,1.0,0.0,170.02235412597656,7035,5,0.0009047031635418534
1790090837.1593823,2,0.5175681710243225,1.0,0.0,171.16502380371094,7089,5,0.016167480498552322
1790090837.2100024,2,0.5181371569633484,1.0,0.0,172.30421447753906,7144,5,0.031210364773869514
1790090837.2609086,2,0.5187097787857056,1.0,0.0,173.4581298828125,7178,5,0.046034522354602814
1790090837.3119526,2,0.5192837715148926,1.0,0.0,174.5873565673828,7219,5,0.0606452040374279
1790090837.3628128,2,0.5198617577552795,1.0,0.0,175.67689514160156,7282,5,0.07504966855049133
1790090837.4137418,2,0.5204429626464844,1.0,0.0,176.71133422851562,7355,5,0.08926140516996384
1790090837.4644566,2,0.5210266709327698,1.0,0.0,177.7153778076172,7423,5,0.10328768938779831
1790090837.5156608,2,0.5216127634048462,1.0,0.0,178.65213012695312,7497,5,0.07609713077545166
1790090837.5663717,2,0.5222018957138062,1.0,0.0,179.58511352539062,7557,5,0.0
1790090837.6172428,2,0.5227930545806885,1.0,0.0,180.553466796875,7581,5,0.00475363340228796
1790090837.6680107,2,0.5233873128890991,1.0,0.0,181.4693603515625,7615,5,0.018114710226655006
1790090837.7188666,2,0.523986279964447,1.0,0.0,182.36898803710938,7629,5,0.031321026384830475
1790090837.76968,2,0.5245870351791382,1.0,0.0,183.1915740966797,7649,5,0.043613251298666
1790090837.820217,2,0.525190532207489,1.0,0.0,184.04356384277344,7675,5,0.056534335017204285
1790090837.8707314,2,0.5257933735847473,1.0,0.0,184.895751953125,7711,5,0.06931406259536743
1790090837.9211752,2,0.5264027714729309,1.0,0.0,185.73707580566406,7762,5,0.08195541799068451
1790090837.9717114,2,0.527012050151825,1.0,0.0,186.58055114746094,7809,5,0.09445905685424805
1790090838.0225453,2,0.5276620388031006,1.0,0.0,187.41151428222656,7853,5,0.10682889819145203
1790090838.0733821,2,0.5282066464424133,1.0,0.0,188.2194061279297,7892,5,0.1157483160495758
1790090838.1239839,2,0.5288241505622864,1.0,0.0,189.0464324951172,7921,5,0.0
1790090838.1747322,2,0.5294439792633057,1.0,0.0,189.903076171875,7970,5,0.001402436988428235
1790090838.2252336,2,0.5300676822662354,1.0,0.0,190.72769165039062,7981,5,0.012555333785712719
1790090838.2763972,2,0.5306920409202576,1.0,0.0,191.61270141601562,7988,5,0.024273455142974854
1790090838.3271723,2,0.531319797039032,1.0,0.0,192.4711456298828,8027,5,0.0358608104288578
1790090838.3779192,2,0.5319523215293884,1.0,0.0,193.32412719726562,8075,5,0.047319356352090836
1790090838.4288595,2,0.5325831174850464,1.0,0.0,194.20164489746094,8104,5,0.05865046754479408
1790090838.4800375,2,0.5332184433937073,1.0,0.0,195.04348754882812,8161,5,0.06985465437173843
1790090838.530951,2,0.5338565111160278,1.0,0.0,195.91384887695312,8170,5,0.08093547821044922
1790090838.581695,2,0.5345333218574524,1.0,0.0,196.74929809570312,8199,5,0.0918927863240242
1790090838.632549,2,0.535176157951355,1.0,0.0,197.55836486816406,8232,5,0.10273341089487076
1790090838.683329,2,0.5358214974403381,1.0,0.0,198.3329315185547,8271,5,0.11005276441574097
1790090838.734233,2,0.5364698171615601,1.0,0.0,199.07846069335938,8320,5,0.10965501517057419
1790090838.7850502,2,0.537005603313446,1.0,0.0,199.7838897705078,8385,5,0.10928129404783249
1790090838.8361392,2,0.5376945734024048,1.0,0.0,200.47193908691406,8326,5,0.10891922563314438
1790090838.8872058,2,0.5383460521697998,1.0,0.0,201.05929565429688,8347,5,0.10861203819513321
1790090838.9380887,2,0.5390004515647888,1.0,0.0,201.51434326171875,8467,5,0.10837524384260178
1790090838.988916,2,0.5396978855133057,1.0,0.0,201.96905517578125,8432,5,0.10813964158296585
1790090839.0401013,2,0.540355920791626,1.0,0.0,202.40773010253906,8498,5,0.10791332274675369
1790090839.0909734,2,0.541016161441803,1.0,0.0,202.84237670898438,8442,5,0.10769001394510269
1790090839.1415117,2,0.5416010618209839,1.0,0.0,203.2418975830078,8506,5,0.1074855700135231
1790090839.1921618,2,0.5423030853271484,1.0,0.0,203.82080078125,8548,5,0.0
1790090839.2429605,2,0.5430015325546265,1.0,0.0,204.37179565429688,8570,5,0.0
1790090839.2936673,2,0.543589174747467,1.0,0.0,205.05604553222656,8593,5,0.0
1790090839.3441105,2,0.5442979335784912,1.0,0.0,205.73101806640625,8615,5,0.006289096549153328
1790090839.3947968,2,0.5449357032775879,1.0,0.0,206.45733642578125,8643,5,0.015933409333229065
1790090839.4457524,2,0.545653223991394,1.0,0.0,207.2176513671875,8651,5,0.02548401802778244
1790090839.4967058,2,0.5462921857833862,1.0,0.0,207.9936981201172,8667,5,0.034937784075737
1790090839.5475194,2,0.5470147132873535,1.0,0.0,208.78224182128906,8677,5,0.04429500550031662
1790090839.5981038,2,0.5477420091629028,1.0,0.0,209.60073852539062,8678,5,0.0
1790090839.648854,2,0.5483522415161133,1.0,0.0,210.415283203125,8726,5,0.0
1790090839.6996598,2,0.5490791201591492,1.0,0.0,211.26974487304688,8733,1,0.0
1790090839.7503216,2,0.5496914982795715,1.0,0.0,211.0477294921875,9334,6,0.0
1790090839.8009999,2,0.5504240393638611,1.0,0.0,211.8643035888672,7000,6,0.0
1790090839.8517702,2,0.5511614680290222,1.0,0.0,212.70620727539062,6969,6,0.0
1790090839.9025147,2,0.5518565773963928,1.0,0.0,213.4520721435547,6989,6,0.0036750000435858965
1790090839.9530876,2,0.5525184273719788,1.0,0.0,214.25491333007812,7015,6,0.012599996291100979
1790090840.0041668,2,0.5532649755477905,1.0,0.0,215.04200744628906,7051,6,0.02152498997747898
1790090840.0547595,2,0.553890585899353,1.0,0.0,215.83412170410156,7080,6,0.03044998273253441
1790090840.105943,2,0.5545989274978638,1.0,0.0,216.59561157226562,7127,6,0.039375003427267075
1790090840.1567888,2,0.555357038974762,0.0,0.0,217.31939697265625,7001,6,0.0
1790090840.2076783,2,0.5561110973358154,0.0,0.0,217.13648986816406,6945,6,0.0
1790090840.2585251,2,0.5567410588264465,0.0,0.8775969743728638,216.29330444335938,6820,6,0.0
1790090840.3091693,2,0.5574437379837036,0.0,1.0,213.79025268554688,6693,6,0.0
1790090840.359777,2,0.5581853985786438,0.0,1.0,210.8312225341797,6569,6,0.0
1790090840.4104588,2,0.5588325262069702,0.675000011920929,1.0,207.65017700195312,6698,1,0.0
1790090840.461243,2,0.5595487952232361,0.0,1.0,204.76333618164062,6978,1,0.0
1790090840.51202,2,0.5601416230201721,0.0,0.8675623536109924,202.197265625,6710,5,0.0
1790090840.5628664,2,0.5608448386192322,0.0,1.0,199.4262237548828,7236,5,0.0
1790090840.613507,2,0.561532735824585,0.0,1.0,196.5351104736328,7531,5,0.0
1790090840.664255,2,0.5621389150619507,0.0,1.0,193.4662322998047,7415,5,0.0
1790090840.7147925,2,0.5628169178962708,0.0,1.0,190.3681640625,7254,5,0.0
1790090840.7656844,2,0.5633702278137207,0.0,1.0,187.29977416992188,7189,5,0.0
1790090840.816722,2,0.5640251636505127,0.0,1.0,184.282958984375,7108,5,0.0
1790090840.8673575,2,0.5646044015884399,0.0,0.9820584654808044,181.36968994140625,7007,5,0.0
1790090840.9183931,2,0.5652421116828918,0.0,1.0,178.54071044921875,6832,5,0.0
1790090840.9692147,2,0.5658023953437805,0.0,1.0,175.62416076660156,6655,5,0.0
1790090841.0199103,2,0.5664220452308655,0.0,1.0,172.64703369140625,6516,5,0.0
1790090841.0704932,2,0.5669544339179993,0.0,1.0,169.6342010498047,6423,5,0.0
1790090841.1213021,2,0.5675429701805115,0.0,1.0,166.71063232421875,7031,1,0.0
1790090841.171946,2,0.5680616497993469,0.0,1.0,163.82554626464844,6733,1,0.0
1790090841.2226532,2,0.5686334371566772,0.0,0.0,161.98326110839844,7862,4,0.0
1790090841.2731726,2,0.5691388249397278,0.0,0.0,161.1806182861328,8124,4,0.0
1790090841.324182,2,0.5697025656700134,0.0,0.0,160.76145935058594,8143,4,0.0
1790090841.375125,2,0.5702008605003357,0.0,0.0,160.40426635742188,8122,4,0.0
1790090841.4257984,2,0.5707607865333557,0.0,0.0,160.05294799804688,8100,4,0.0
1790090841.4762204,2,0.571254551410675,0.0,0.0,159.7082061767578,8077,4,0.0
1790090841.5269785,2,0.571814775466919,0.0,0.0,159.35470581054688,8060,4,-0.009304679930210114
1790090841.5776384,2,0.5723066926002502,0.0,0.0,158.99838256835938,8044,4,-0.02694028802216053
1790090841.6286628,2,0.5727700591087341,0.0,0.0,158.64247131347656,8025,4,-0.044654592871665955
1790090841.6796274,2,0.5733261108398438,0.0,0.0,158.27090454101562,8007,4,-0.062449634075164795
1790090841.730549,2,0.5739086270332336,0.0,0.0,157.9023895263672,7985,4,0.0
1790090841.781335,2,0.5743700861930847,0.0,0.0,157.54701232910156,7965,4,0.0
1790090841.8325195,2,0.5748609900474548,0.0,0.0,157.19029235839844,7947,4,-0.011681292206048965
1790090841.8835597,2,0.5754420757293701,0.0,0.0,156.8303680419922,7931,4,-0.029800880700349808
1790090841.9347892,2,0.5759027004241943,0.0,0.0,156.4701690673828,7911,4,-0.04800206795334816
1790090841.9856186,2,0.5764853358268738,0.0,0.0,156.1016845703125,7892,4,-0.0662858858704567
1790090842.0362933,2,0.5769450068473816,0.0,0.0,155.7148895263672,7873,4,-0.0846560001373291
1790090842.0870237,2,0.5775263905525208,0.0,0.0,155.29913330078125,7852,4,-0.10311809182167053
1790090842.1377668,2,0.5779880285263062,0.0,0.0,154.8458709716797,7831,4,-0.1216808632016182
1790090842.1885138,2,0.578570544719696,0.0,0.0,154.3965301513672,7802,4,-0.1399749517440796
1790090842.2393537,2,0.579029381275177,0.0,0.0,153.8803253173828,7773,4,-0.14042352139949799
1790090842.290032,2,0.5795764923095703,0.0,0.0,153.33587646484375,7739,4,-0.14089976251125336
1790090842.340665,2,0.5801221132278442,0.0,0.0,152.77230834960938,7701,4,-0.1413961499929428
1790090842.3915823,2,0.5805765986442566,0.0,0.0,152.20639038085938,7662,4,0.0
1790090842.442479,2,0.5811158418655396,0.0,0.0,151.70242309570312,7624,4,0.0
1790090842.4931655,2,0.5816272497177124,0.0,0.0,151.1724090576172,7591,4,-0.0068686907179653645
1790090842.544069,2,0.5821655988693237,0.0,0.0,150.60391235351562,7565,4,-0.026420986279845238
1790090842.5945783,2,0.5826112627983093,0.0,0.0,150.02850341796875,7535,4,-0.04611321538686752
1790090842.6454628,2,0.5831422209739685,0.0,0.0,149.4955291748047,7501,4,-0.0659412369132042
1790090842.6960423,2,0.5836449861526489,0.0,0.0,148.99436950683594,7469,4,-0.08589458465576172
1790090842.7467554,2,0.5840862393379211,0.0,0.0,148.4353790283203,7455,4,-0.10597804188728333
1790090842.7974975,2,0.5846112966537476,0.0,0.8159009218215942,147.79736328125,7322,4,-0.12501519918441772
1790090842.8482912,2,0.5851314663887024,0.0,0.939811646938324,145.91860961914062,7071,4,-0.14772513508796692
1790090842.8989365,2,0.585559606552124,0.0,0.9735475778579712,143.794677734375,6892,4,-0.1498030722141266
1790090842.949656,2,0.5860650539398193,0.0,1.0,141.60081481933594,6697,4,-0.1520117223262787
1790090843.0005987,2,0.5865606665611267,0.0,0.0,139.43324279785156,6704,4,-0.15425878763198853
1790090843.0514808,2,0.5869667530059814,0.0,0.0,138.4351043701172,6981,4,-0.1553160399198532
1790090843.102375,2,0.5874273180961609,0.0,0.0,137.8874969482422,6975,4,-0.15590226650238037
1790090843.1530247,2,0.5879092812538147,0.0,0.0,137.39065551757812,6941,4,-0.1564379632472992
1790090843.2039466,2,0.5883349180221558,0.0,0.0,136.8694305419922,6912,4,-0.15700392425060272
1790090843.25518,2,0.5887852907180786,0.0,0.7786262035369873,135.77694702148438,6676,4,-0.158203586935997
1790090843.3057408,2,0.5892550945281982,0.0,0.9024640321731567,133.95074462890625,6509,4,-0.16025042533874512
1790090843.3566656,2,0.5896397233009338,0.0,0.0,132.5782012939453,6672,4,-0.16182400286197662
1790090843.4074109,2,0.5900965332984924,0.0,0.0,132.0118865966797,6684,4,-0.16248230636119843
1790090843.458244,2,0.5905513763427734,0.0,0.0,131.54293823242188,6661,4,-0.1630314737558365
1790090843.508851,2,0.5909275412559509,0.0,0.0,131.1815643310547,7281,1,-0.1634572297334671
1790090843.5594084,2,0.5913779735565186,0.0,0.0,130.8499755859375,6989,1,-0.1638498306274414
1790090843.6102266,2,0.5918253064155579,0.0,0.0,130.16189575195312,7608,3,-0.16467061638832092
1790090843.661096,2,0.5922176837921143,0.0,0.0,128.99618530273438,8545,3,-0.1660800278186798
1790090843.7123275,2,0.5926318764686584,0.0,0.0,128.28211975097656,8538,3,-0.16695536673069
1790090843.7633276,2,0.5930659174919128,0.0,0.0,127.61148834228516,8493,3,-0.1677859127521515
1790090843.8141613,2,0.5934236645698547,0.0,0.73199063539505,126.84318542480469,8280,3,-0.16874761879444122
1790090843.86529,2,0.5938481092453003,0.0,0.8219238519668579,125.27418518066406,7942,3,-0.17074623703956604
1790090843.9159994,2,0.5942661166191101,0.0,0.900266706943512,123.54304504394531,7652,3,-0.1730070561170578
1790090843.9666321,2,0.5946111679077148,0.0,0.9940043687820435,121.68370056152344,7330,3,-0.1755029261112213
1790090844.0174627,2,0.5950180292129517,0.0,0.0,119.94953918457031,7504,3,-0.17789657413959503
1790090844.068051,2,0.5953952074050903,0.0,0.0,118.90814208984375,7704,3,-0.1793656349182129
1790090844.1186922,2,0.5957449078559875,0.0,0.0,118.1675033569336,7731,3,-0.18042528629302979
1790090844.169368,2,0.5961191654205322,0.0,0.0,117.5128402709961,7684,3,-0.18137240409851074
1790090844.22012,2,0.5965076684951782,0.0,0.0,116.79984283447266,7637,3,-0.18241529166698456
1790090844.2707043,2,0.5968467593193054,0.0,0.0,116.01248931884766,7593,3,-0.18358096480369568
1790090844.3215883,2,0.5972306728363037,0.0,0.0,115.23733520507812,7543,3,-0.18474321067333221
1790090844.3724694,2,0.5975877046585083,0.0,0.0,114.37007141113281,7489,3,-0.18606115877628326
1790090844.4231474,2,0.5979195833206177,0.0,0.0,113.53629302978516,7427,3,-0.18734604120254517
1790090844.4737768,2,0.5982884168624878,0.035999998450279236,0.0,112.77049255371094,7365,3,-0.18854191899299622
1790090844.5243168,2,0.5985954999923706,0.23999996483325958,0.0,112.10148620605469,7478,3,-0.1895992010831833
1790090844.574945,2,0.5989587306976318,0.44399988651275635,0.0,111.65996551513672,7759,3,-0.1903034895658493
1790090844.6259205,2,0.5993229150772095,0.648000180721283,0.0,111.49020385742188,7805,3,-0.19057568907737732
1790090844.676903,2,0.5996239185333252,0.0,0.0,111.23997497558594,7512,3,-0.19097831845283508
1790090844.727665,2,0.5999835729598999,0.0,0.0,110.71013641357422,7328,3,-0.19183650612831116
1790090844.7784805,2,0.6003216505050659,0.0,0.0,110.05101776123047,7220,3,-0.19291488826274872
1790090844.8291497,2,0.6006163358688354,0.0,0.0,109.33892059326172,7148,3,-0.19409365952014923
1790090844.879644,2,0.6009652614593506,0.0,0.0,108.64313507080078,7098,3,-0.1952594518661499
1790090844.9304621,2,0.6013195514678955,0.0,0.0,107.90351867675781,7052,3,-0.19651411473751068
1790090844.9812572,2,0.6016092896461487,0.0,0.0,107.16613006591797,7013,3,-0.19778117537498474
1790090845.031997,2,0.6019740104675293,0.0,0.0,106.43891906738281,6974,3,-0.19904683530330658
1790090845.0833037,2,0.6022605895996094,0.0,0.0,105.72447204589844,6936,3,-0.20030614733695984
1790090845.1339908,2,0.6026008129119873,0.0,0.0,105.01972961425781,6899,3,-0.20156408846378326
1790090845.1848273,2,0.6029361486434937,0.0,0.0,104.32804870605469,6865,3,-0.20281414687633514
1790090845.2360194,2,0.6032158732414246,0.0,0.0,103.64685821533203,6832,3,-0.20406052470207214
1790090845.286916,2,0.6035550832748413,0.0,0.0,102.98074340820312,6801,3,-0.20529420673847198
1790090845.3376024,2,0.6038479804992676,0.04800000041723251,0.0,102.32499694824219,6781,3,-0.2065233290195465
1790090845.3886113,2,0.604178786277771,0.25199997425079346,0.0,101.79804992675781,6910,3,-0.20752176642417908
1790090845.439868,2,0.6045060753822327,0.45599988102912903,0.0,101.66459655761719,7115,3,-0.20777615904808044
1790090845.4905357,2,0.6047834157943726,0.660000205039978,0.0,101.98502349853516,7128,3,-0.207166388630867
1790090845.5413597,2,0.6051135063171387,0.8640006184577942,0.0,102.43307495117188,7216,3,-0.20631974935531616
1790090845.5921576,2,0.6054083704948425,1.0,0.0,103.01866912841797,7238,3,-0.20522356033325195
1790090845.6429162,2,0.6057441234588623,1.0,0.0,103.71884155273438,7225,3,-0.20392809808254242
1790090845.6937304,2,0.6060829162597656,1.0,0.0,104.4919204711914,7362,3,-0.2025166004896164
1790090845.7442074,2,0.6063634157180786,1.0,0.0,105.16913604736328,7393,3,-0.20129607617855072
1790090845.7951138,2,0.6066679954528809,1.0,0.0,105.88668823242188,7559,3,-0.20001882314682007
1790090845.8458428,2,0.607012152671814,1.0,0.0,106.73046875,7671,3,-0.19853746891021729
1790090845.8969283,2,0.6073635816574097,1.0,0.0,107.64286804199219,7637,3,-0.19696013629436493
1790090845.9479249,2,0.6076557040214539,1.0,0.0,108.49288177490234,7636,3,-0.1955130398273468
1790090845.998343,2,0.6080119013786316,1.0,0.0,109.3027114868164,7567,3,-0.19415399432182312
1790090846.0491405,2,0.6083658337593079,1.0,0.0,110.13031005859375,7678,3,-0.19278453290462494
1790090846.1003404,2,0.6086654663085938,1.0,0.0,110.94003295898438,7798,3,-0.1914631873369217
1790090846.151175,2,0.6090295910835266,1.0,0.0,111.71605682373047,7921,3,-0.19021373987197876
1790090846.2017376,2,0.6093964576721191,1.0,0.0,112.41716003417969,7908,3,-0.18909884989261627
1790090846.2526586,2,0.6097025871276855,1.0,0.0,113.11681365966797,7898,3,-0.18799921870231628
1790090846.3035254,2,0.6100749373435974,1.0,0.0,113.79842376708984,7914,3,-0.18694019317626953
1790090846.3546066,2,0.6104271411895752,1.0,0.0,114.5054702758789,8009,3,-0.18585415184497833
1790090846.4051247,2,0.6107631921768188,1.0,0.0,115.14041137695312,8147,3,-0.18488958477973938
1790090846.4559379,2,0.6111399531364441,1.0,0.0,115.77360534667969,8242,3,-0.18393757939338684
1790090846.5069075,2,0.6115038990974426,1.0,0.0,116.42452239990234,8309,3,-0.12657758593559265
1790090846.5574749,2,0.6118465065956116,1.0,0.0,117.10450744628906,8300,3,0.0
1790090846.6080472,2,0.6122351884841919,1.0,0.0,117.87027740478516,8480,3,0.0
1790090846.658904,2,0.6126043796539307,1.0,0.0,118.71772003173828,8486,3,-0.00847572274506092
1790090846.709691,2,0.6129557490348816,1.0,0.0,119.27813720703125,8283,1,-0.03543861582875252
1790090846.7605944,2,0.6133522391319275,1.0,0.0,119.3536376953125,8146,4,-0.06405031681060791
1790090846.811592,2,0.6136868596076965,1.0,0.0,120.34033203125,6260,4,-0.0924195796251297
1790090846.862561,2,0.6140905618667603,1.0,0.0,121.25507354736328,6377,4,-0.12052252888679504
1790090846.9132214,2,0.6144992113113403,1.0,0.0,122.2281265258789,6567,4,-0.14829452335834503
1790090846.9638443,2,0.6148452758789062,1.0,0.0,123.20140838623047,6616,4,-0.17346028983592987
1790090847.0144174,2,0.6152620315551758,1.0,0.0,124.10279846191406,6630,4,-0.17226950824260712
1790090847.0652266,2,0.6156117916107178,1.0,0.0,124.93639373779297,6685,4,-0.17118272185325623
1790090847.1158316,2,0.616036057472229,1.0,0.0,125.80872344970703,6604,4,-0.17006002366542816
1790090847.1665199,2,0.6164619326591492,1.0,0.0,126.60411071777344,6702,4,-0.11272242665290833
1790090847.2172494,2,0.6168451309204102,1.0,0.0,127.40009307861328,6845,4,0.0
1790090847.2679698,2,0.6172791719436646,1.0,0.0,128.3095703125,6778,4,0.0
1790090847.3185778,2,0.6176438927650452,1.0,0.0,129.29351806640625,6729,4,-0.021034512668848038
1790090847.3691785,2,0.618087649345398,1.0,0.0,130.35992431640625,6938,4,-0.04628771170973778
1790090847.4197874,2,0.6185351014137268,1.0,0.0,131.39553833007812,7048,4,-0.07120832800865173
1790090847.4703562,2,0.618933916091919,1.0,0.0,132.47451782226562,6941,4,-0.09582354873418808
1790090847.521006,2,0.6193423867225647,1.0,0.0,133.4364776611328,7109,4,-0.022254202514886856
1790090847.5717716,2,0.619800329208374,1.0,0.0,134.5237274169922,7176,4,0.0
1790090847.6225362,2,0.6202659010887146,1.0,0.0,135.76651000976562,7289,4,0.0
1790090847.6731884,2,0.620658278465271,1.0,0.0,137.15689086914062,7360,4,0.0
1790090847.7240543,2,0.621081531047821,1.0,0.0,138.74952697753906,7423,4,-0.016112642362713814
1790090847.7746875,2,0.6215636730194092,1.0,0.0,140.25921630859375,7475,4,-0.03725459426641464
1790090847.8252957,2,0.6219956874847412,1.0,0.0,141.85060119628906,7536,4,-0.05929826945066452
1790090847.8759022,2,0.6224908828735352,1.0,0.0,143.42840576171875,7619,4,0.0
1790090847.9266186,2,0.622936487197876,1.0,0.0,144.966796875,7744,4,0.0
1790090847.977186,2,0.623444139957428,1.0,0.0,146.3954620361328,7797,4,-0.010980701074004173
1790090848.027798,2,0.6238993406295776,1.0,0.0,147.76324462890625,7869,4,-0.031459953635931015
1790090848.0784373,2,0.6243889927864075,1.0,0.0,149.33714294433594,7910,4,-0.05157444253563881
1790090848.1290438,2,0.6249426007270813,1.0,0.0,150.85549926757812,8021,4,-0.07130369544029236
1790090848.1795485,2,0.6253841519355774,1.0,0.0,152.23483276367188,8158,4,0.0
1790090848.2305152,2,0.6259189248085022,1.0,0.0,153.47903442382812,8164,4,0.0
1790090848.2810855,2,0.6263676881790161,1.0,0.0,154.83206176757812,8214,4,-0.007687682751566172
1790090848.3317196,2,0.6269122958183289,1.0,0.0,156.1400604248047,8315,4,-0.0261398795992136
1790090848.3824627,2,0.6273996233940125,1.0,0.0,157.35020446777344,8363,4,-0.04431016370654106
1790090848.4332683,2,0.6279521584510803,1.0,0.0,158.68710327148438,8441,4,0.0
1790090848.4839768,2,0.6284474730491638,1.0,0.0,160.18124389648438,8462,4,0.0
1790090848.5347292,2,0.629010796546936,1.0,0.0,161.6321563720703,8522,4,0.0
1790090848.585421,2,0.6295156478881836,1.0,0.0,163.0372314453125,8596,4,0.0
1790090848.6364498,2,0.6300247311592102,1.0,0.0,164.52655029296875,8644,4,-0.0009698352660052478
1790090848.687617,2,0.6306334733963013,1.0,0.0,165.85629272460938,8805,4,-0.01731138490140438
1790090848.7384503,2,0.6311513185501099,1.0,0.0,167.1021270751953,8759,1,-0.033375728875398636
1790090848.7889738,2,0.6317344307899475,1.0,0.0,167.07217407226562,8877,5,-0.02856329455971718
1790090848.8397484,2,0.6322545409202576,1.0,0.0,168.2250518798828,6994,5,0.0
1790090848.8905196,2,0.6328441500663757,1.0,0.0,169.3943328857422,7023,5,0.0
1790090848.9415145,2,0.6333393454551697,1.0,0.0,170.57998657226562,7175,5,0.0
1790090848.9923131,2,0.6339365839958191,1.0,0.0,171.98719787597656,7090,5,0.0
1790090849.0437603,2,0.6345402002334595,1.0,0.0,173.34161376953125,7149,5,0.0
1790090849.0946498,2,0.6350803375244141,1.0,0.0,174.56398010253906,7188,5,-0.0025643021799623966
1790090849.145481,2,0.6356923580169678,1.0,0.0,175.81150817871094,7280,5,-0.016955196857452393
1790090849.1963515,2,0.636208176612854,1.0,0.0,177.0643310546875,7332,5,-0.03112472966313362
1790090849.2472863,2,0.6368631720542908,1.0,0.0,178.32485961914062,7350,5,0.0
1790090849.2979126,2,0.6373847723007202,1.0,0.0,179.59454345703125,7396,5,0.0
1790090849.348859,2,0.6380143165588379,1.0,0.0,180.8609161376953,7437,5,0.0
1790090849.3998823,2,0.6385793089866638,1.0,0.0,182.03207397460938,7520,5,0.0
1790090849.450534,2,0.6392191648483276,1.0,0.0,183.23471069335938,7591,5,0.0
1790090849.5017397,2,0.63979172706604,1.0,0.0,184.32565307617188,7607,5,0.0
1790090849.5526066,2,0.6404404640197754,1.0,0.0,185.47193908691406,7697,5,0.0
1790090849.6033175,2,0.6410225629806519,1.0,0.0,186.59263610839844,7696,5,0.0
1790090849.6541493,2,0.6416776180267334,1.0,0.0,187.76161193847656,7735,5,0.0
1790090849.7049131,2,0.6422641277313232,1.0,0.0,188.9629669189453,7784,5,0.0
1790090849.7556176,2,0.6429288983345032,1.0,0.0,190.0978240966797,7860,5,0.0
1790090849.8060536,2,0.6435238718986511,1.0,0.0,191.29136657714844,7891,5,-0.002757241018116474
1790090849.856767,2,0.6441189646720886,0.0,0.0,191.83595275878906,7685,5,-0.014396938495337963
1790090849.9074867,2,0.6448269486427307,0.0,0.0,191.74295043945312,7669,5,-0.025341009721159935
1790090849.958032,2,0.6454235911369324,0.0,1.0,190.782958984375,7413,5,-0.037014272063970566
1790090850.008606,2,0.6460856795310974,0.0,1.0,187.958984375,7296,5,-0.049021296203136444
1790090850.0593002,2,0.646664559841156,0.0,1.0,185.0079345703125,7126,5,-0.061492446810007095
1790090850.1102552,2,0.6472358107566833,0.0,1.0,182.1175079345703,6964,5,-0.07444234192371368
1790090850.161276,2,0.6478680968284607,0.0,1.0,179.41989135742188,6830,5,-0.08786872774362564
1790090850.2120981,2,0.6484218239784241,0.0,1.0,176.82455444335938,6649,5,-0.1017509326338768
1790090850.2628562,2,0.6490358114242554,0.0,1.0,174.16929626464844,6561,5,-0.11611486971378326
1790090850.3135219,2,0.6495702266693115,0.0,1.0,171.67759704589844,6431,5,-0.12645220756530762
1790090850.3640094,2,0.6500985026359558,0.0,1.0,169.26919555664062,6313,5,-0.12817800045013428
1790090850.4145854,2,0.6507172584533691,0.0,0.9690272808074951,167.04727172851562,6225,5,0.0
1790090850.4651966,2,0.6512308716773987,0.0,0.9889467358589172,164.8108367919922,6210,5,0.0
1790090850.51585,2,0.6517708897590637,0.13499999046325684,1.0,162.58067321777344,6116,1,0.0
1790090850.566461,2,0.65227210521698,0.0,1.0,160.30116271972656,6695,1,0.0
1790090850.617235,2,0.6528592705726624,0.0,1.0,158.0379180908203,6414,4,0.0
1790090850.6681142,2,0.6533465385437012,0.0,1.0,155.55084228515625,7232,4,0.0
1790090850.7189977,2,0.6538267731666565,0.0,1.0,153.04306030273438,7273,4,0.0
1790090850.769555,2,0.6543585062026978,0.0,1.0,150.55172729492188,7130,4,-0.011453156359493732
1790090850.820235,2,0.654823899269104,0.0,1.0,147.8851776123047,6962,4,-0.031425245106220245
1790090850.8708706,2,0.6553380489349365,0.0,1.0,145.1268310546875,6861,4,-0.05208108201622963
1790090850.921806,2,0.6557859778404236,0.0,1.0,142.36361694335938,6746,4,-0.07344749569892883
1790090850.9723291,2,0.6562269926071167,0.0,1.0,139.8340301513672,6602,4,-0.09421762824058533
1790090851.0230193,2,0.6567126512527466,0.0,1.0,137.1112518310547,6552,4,-0.11700078845024109
1790090851.073583,2,0.6571351885795593,0.0,1.0,134.47483825683594,6411,4,-0.14053331315517426
1790090851.1243124,2,0.657601535320282,0.0,1.0,131.8726348876953,6319,4,-0.16264498233795166
1790090851.1750412,2,0.6580579876899719,0.0,1.0,129.40216064453125,6212,4,-0.165586456656456
1790090851.225951,2,0.6584305763244629,0.0,1.0,126.98875427246094,6079,4,-0.1685645580291748
1790090851.2767801,2,0.6588688492774963,0.0,0.9976491928100586,124.7453842163086,5957,4,-0.1714305281639099
1790090851.3277714,2,0.6592521071434021,0.0,0.9933199286460876,122.5730209350586,5781,4,-0.17430023849010468
1790090851.3783236,2,0.6596745252609253,0.0,0.9373041391372681,120.50003814697266,5646,4,-0.17712968587875366
1790090851.4290006,2,0.6600433588027954,0.0,0.9986982345581055,118.41548919677734,5487,4,-0.13193632662296295
1790090851.4796488,2,0.6604281663894653,0.0,1.0,116.30718231201172,5335,4,0.0
1790090851.5305846,2,0.6607831120491028,0.8999999761581421,1.0,113.94989776611328,5789,1,0.0
1790090851.5813866,2,0.661173939704895,0.0,1.0,111.71820831298828,5824,1,0.0
1790090851.6320205,2,0.6615567803382874,0.0,0.9422340989112854,109.61126708984375,5760,3,0.0
1790090851.6824927,2,0.6618685722351074,0.0,0.0,108.15099334716797,6656,3,0.0
1790090851.7331069,2,0.6622604131698608,0.0,0.0,107.21680450439453,6943,3,-0.030781619250774384
1790090851.7837088,2,0.6625685691833496,0.0,0.0,106.49806213378906,7064,3,-0.06378300487995148
1790090851.834418,2,0.6629332304000854,0.0,0.0,105.8941421508789,7064,3,-0.09702684730291367
1790090851.885207,2,0.6632776260375977,0.0,0.0,105.3197250366211,7038,3,-0.13049092888832092
1790090851.9357595,2,0.6635990738868713,0.0,0.0,104.76416778564453,7007,3,-0.16416887938976288
1790090851.9863582,2,0.6639599204063416,0.12000001221895218,0.0,104.27769470214844,7029,3,-0.19605393707752228
1790090852.0370278,2,0.6642576456069946,0.32399994134902954,0.0,104.03826904296875,7137,3,-0.2033424824476242
1790090852.087733,2,0.6646168231964111,0.5279999375343323,0.0,104.26713562011719,7301,3,-0.071038618683815
1790090852.138959,2,0.6649559140205383,0.7320003509521484,0.0,105.10620880126953,7423,3,0.0
1790090852.1899178,2,0.6652800440788269,0.9360007643699646,0.0,106.19075012207031,7606,3,-0.015682363882660866
1790090852.2405078,2,0.6656463146209717,1.0,0.0,107.50703430175781,7716,3,-0.048664454370737076
1790090852.29145,2,0.6659982204437256,1.0,0.0,108.96024322509766,7733,3,-0.08112159371376038
1790090852.3420374,2,0.6663348078727722,1.0,0.0,110.39472198486328,7756,3,-0.11305473744869232
1790090852.3930268,2,0.6666949391365051,1.0,0.0,111.74006652832031,7824,3,-0.14448487758636475
1790090852.443685,2,0.6670809388160706,1.0,0.0,112.83562469482422,8081,3,-0.1754688173532486
1790090852.4944499,2,0.667406439781189,1.0,0.0,113.83927917480469,7976,3,-0.1868770718574524
1790090852.545185,2,0.667799174785614,1.0,0.0,114.71906280517578,8004,3,-0.18552854657173157
1790090852.595568,2,0.6681956648826599,1.0,0.0,115.46913146972656,8240,3,-0.18439412117004395
1790090852.6466534,2,0.6685266494750977,1.0,0.0,116.26151275634766,8189,3,-0.18321068584918976
1790090852.6974025,2,0.6689286828041077,1.0,0.0,116.85588073730469,8276,3,-0.18233288824558258
1790090852.7480025,2,0.6693085432052612,1.0,0.0,117.40804290771484,8375,3,-0.18152494728565216
1790090852.7988932,2,0.66966712474823,1.0,0.0,117.94007110595703,8359,3,-0.1807531863451004
1790090852.8495862,2,0.6700513958930969,1.0,0.0,117.91468048095703,8182,1,-0.18078987300395966
1790090852.9004164,2,0.6704562306404114,1.0,0.0,118.13114929199219,6784,4,-0.18047761917114258
1790090852.9513235,2,0.670863151550293,1.0,0.0,118.58643341064453,6249,4,-0.17982438206672668
1790090853.0021312,2,0.6712037920951843,1.0,0.0,118.96439361572266,6276,4,-0.1792856603860855
1790090853.0528893,2,0.6716127991676331,1.0,0.0,119.30671691894531,6358,4,-0.1788005381822586
1790090853.10343,2,0.6719549894332886,1.0,0.0,119.65995025634766,6422,4,-0.17830266058444977
1790090853.1544251,2,0.6723661422729492,1.0,0.0,120.02701568603516,6471,4,-0.15894514322280884
1790090853.205409,2,0.6727801561355591,1.0,0.0,120.39791870117188,6446,4,0.0
1790090853.2561245,2,0.673125684261322,1.0,0.0,120.87825012207031,6411,4,0.0
1790090853.3071547,2,0.6735434532165527,1.0,0.0,121.36226654052734,6403,4,-0.004927287809550762
1790090853.3576303,2,0.6739634871482849,1.0,0.0,121.87537384033203,6395,4,-0.031117668375372887
1790090853.4083052,2,0.6743378639221191,1.0,0.0,122.4842758178711,6466,4,-0.05875828117132187
1790090853.4590683,2,0.6747145652770996,1.0,0.0,123.08953857421875,6494,4,-0.08619791269302368
1790090853.5104687,2,0.6751403212547302,1.0,0.0,123.82194519042969,6535,4,-0.11343012005090714
1790090853.5617597,2,0.675567626953125,1.0,0.0,124.50566101074219,6694,4,-0.14042918384075165
1790090853.6128273,2,0.6759520173072815,1.0,0.0,125.23793029785156,6681,4,-0.17079296708106995
1790090853.6633737,2,0.6763385534286499,1.0,0.0,125.93257904052734,6585,4,-0.16990181803703308
1790090853.7139351,2,0.6767742037773132,1.0,0.0,126.64434814453125,6740,4,-0.16899830102920532
1790090853.7645955,2,0.6771655678749084,1.0,0.0,127.45841979980469,6780,4,-0.16797661781311035
1790090853.8150795,2,0.6776077151298523,1.0,0.0,128.2218017578125,6752,4,-0.1670297235250473
1790090853.8658748,2,0.6779789924621582,1.0,0.0,129.01922607421875,6757,4,-0.1660519391298294
1790090853.9163897,2,0.6784519553184509,1.0,0.0,129.6794891357422,6860,4,-0.1652509570121765
1790090853.9667776,2,0.6788269877433777,1.0,0.0,130.29452514648438,6856,4,-0.1645117700099945
1790090854.0175257,2,0.6793041229248047,1.0,0.0,130.8656005859375,6997,4,-0.16383130848407745
1790090854.0680225,2,0.6796835064888,1.0,0.0,131.47451782226562,7026,4,-0.16311192512512207
1790090854.118944,2,0.6801654696464539,1.0,0.0,131.97579956054688,7051,4,-0.15309827029705048
1790090854.1697235,2,0.6805732846260071,1.0,0.0,132.45384216308594,7100,4,0.0
1790090854.2204368,2,0.6809808611869812,1.0,0.0,133.1345977783203,7103,4,-0.017179524526000023
1790090854.2708714,2,0.6814444661140442,1.0,0.0,133.75155639648438,7165,4,-0.041355032473802567
1790090854.3216038,2,0.681858241558075,1.0,0.0,134.39035034179688,7079,4,-0.06534787267446518
1790090854.3722825,2,0.6823264360427856,1.0,0.0,135.0123291015625,7112,4,-0.08916724473237991
1790090854.4231021,2,0.6827442646026611,1.0,0.0,135.83128356933594,7168,4,-0.11278065294027328
1790090854.4738772,2,0.6832170486450195,1.0,0.0,136.6510772705078,7245,4,-0.13615724444389343
1790090854.524397,2,0.68364018201828,1.0,0.0,137.4388427734375,7295,4,-0.15638583898544312
1790090854.5751631,2,0.6841198205947876,1.0,0.0,138.2210693359375,7249,4,-0.15554463863372803
1790090854.625856,2,0.6845479011535645,1.0,0.0,138.8673553466797,7452,4,-0.15485642850399017
1790090854.676447,2,0.6850327253341675,1.0,0.0,139.56842041015625,7462,4,-0.11648179590702057
1790090854.7277002,2,0.685465395450592,1.0,0.0,140.3060302734375,7466,4,0.0
1790090854.7787821,2,0.6859556436538696,1.0,0.0,141.10079956054688,7465,4,-0.014304231852293015
1790090854.8299136,2,0.6863945126533508,1.0,0.0,141.97579956054688,7539,4,-0.0362267941236496
1790090854.8809798,2,0.6868904232978821,1.0,0.0,142.860107421875,7601,4,-0.05791350454092026
1790090854.9318886,2,0.6873344779014587,1.0,0.0,143.85023498535156,7570,4,-0.07935195416212082
1790090854.9827497,2,0.6878381967544556,1.0,0.0,144.7381591796875,7654,4,-0.004306044429540634
1790090855.033407,2,0.6882879734039307,1.0,0.0,145.6865997314453,7695,4,0.0
1790090855.0840657,2,0.6887979507446289,1.0,0.0,146.6468505859375,7813,4,0.0
1790090855.1345565,2,0.6892539262771606,1.0,0.0,147.71437072753906,7858,4,-0.01441150438040495
1790090855.185109,2,0.6897425651550293,1.0,0.0,148.79652404785156,7963,4,-0.03459808975458145
1790090855.236458,2,0.6902053356170654,1.0,0.0,149.9476318359375,8005,4,-0.05451032146811485
1790090855.2873971,2,0.6907305121421814,1.0,0.0,151.21153259277344,7961,4,-0.07412326335906982
1790090855.3383052,2,0.6912010908126831,1.0,0.0,152.26010131835938,8090,4,-0.09346102178096771
1790090855.3888502,2,0.6916746497154236,1.0,0.0,153.27919006347656,8084,4,-0.11255338788032532
1790090855.4397836,2,0.692210853099823,1.0,0.0,154.1640167236328,8149,4,-0.057526443153619766
1790090855.4907167,2,0.6926900148391724,1.0,0.0,154.92308044433594,8245,4,0.0
1790090855.541594,2,0.6932618021965027,1.0,0.0,155.80673217773438,8323,4,0.0
1790090855.5926564,2,0.6937467455863953,1.0,0.0,156.7889404296875,8291,1,0.0
1790090855.6435785,2,0.6942335367202759,1.0,0.0,156.520751953125,9218,5,0.0
1790090855.6944919,2,0.6948119401931763,1.0,0.0,157.49810791015625,6516,5,0.0
1790090855.7452328,2,0.6953018307685852,1.0,0.0,158.33407592773438,6671,5,0.0
1790090855.7964094,2,0.6958565711975098,1.0,0.0,159.37179565429688,6694,5,0.0
1790090855.8472986,2,0.6963527202606201,1.0,0.0,160.2768096923828,6634,5,0.017480449751019478
1790090855.8981004,2,0.6968512535095215,1.0,0.0,161.32679748535156,6725,5,0.0
1790090855.949302,2,0.6974480748176575,1.0,0.0,162.3993682861328,6725,5,0.0
1790090856.0002217,2,0.697956383228302,1.0,0.0,163.58511352539062,6723,5,0.0
1790090856.0509622,2,0.6984687447547913,1.0,0.0,164.6190948486328,6889,5,0.0
1790090856.1020186,2,0.6990783214569092,1.0,0.0,165.5409393310547,6966,5,0.01636280119419098
1790090856.1528442,2,0.6995949149131775,1.0,0.0,166.57118225097656,6956,5,0.032530371099710464
1790090856.2036738,2,0.7001144886016846,1.0,0.0,167.64137268066406,6970,5,0.048488788306713104
1790090856.2544038,2,0.7007361650466919,1.0,0.0,168.7460479736328,7020,5,0.06422197818756104
1790090856.304932,2,0.7012629508972168,1.0,0.0,169.8016357421875,7077,5,0.07974420487880707
1790090856.3557951,2,0.7017931938171387,1.0,0.0,170.82598876953125,7106,5,0.09506136178970337
1790090856.4065492,2,0.7024261355400085,1.0,0.0,171.78013610839844,7202,5,0.1101909726858139
1790090856.4573433,2,0.7029614448547363,1.0,0.0,172.4378662109375,7245,5,0.011533938348293304
1790090856.5081513,2,0.7035003304481506,1.0,0.0,172.96522521972656,7278,5,0.0
1790090856.5589006,2,0.7040417790412903,1.0,0.0,173.46563720703125,7321,5,0.010413642041385174
1790090856.6096287,2,0.7046862244606018,1.0,0.0,173.96975708007812,7261,5,0.024222366511821747
1790090856.660563,2,0.7052303552627563,1.0,0.0,174.37579345703125,7391,5,0.038815248757600784
1790090856.7112901,2,0.7057769298553467,1.0,0.0,174.89451599121094,7328,5,0.05331292375922203
1790090856.76209,2,0.7064285278320312,1.0,0.0,175.32388305664062,7284,5,0.06772708892822266
1790090856.8128765,2,0.7069788575172424,1.0,0.0,175.75791931152344,7270,5,0.08206459879875183
1790090856.8637047,2,0.7075295448303223,1.0,0.0,176.23008728027344,7363,5,0.09631885588169098
1790090856.9144886,2,0.7081851363182068,1.0,0.0,176.49070739746094,7402,5,0.11049743741750717
1790090856.9652982,2,0.708739697933197,1.0,0.0,177.22691345214844,7319,5,0.12264732271432877
1790090857.0161161,2,0.7092956304550171,1.0,0.0,177.66534423828125,7451,5,0.0
1790090857.0669127,2,0.7099573612213135,1.0,0.0,178.10671997070312,7471,5,0.0
1790090857.1178374,2,0.7105146050453186,1.0,0.0,178.3511962890625,7545,5,0.01303432509303093
1790090857.168605,2,0.7110738754272461,1.0,0.0,179.0325469970703,7484,5,0.02680232562124729
1790090857.2193508,2,0.711634635925293,1.0,0.0,179.5819854736328,7548,5,0.04046625271439552
1790090857.2700827,2,0.7123023867607117,1.0,0.0,180.16775512695312,7535,5,0.05402538552880287
1790090857.3208873,2,0.7128669023513794,1.0,0.0,180.55662536621094,7574,5,0.06749478727579117
1790090857.371723,2,0.7134321331977844,1.0,0.0,181.1969451904297,7585,5,0.08088827133178711
1790090857.4226878,2,0.7141062021255493,1.0,0.0,182.03981018066406,7593,5,0.09414439648389816
1790090857.473212,2,0.7146762013435364,1.0,0.0,182.64047241210938,7651,5,0.10650976747274399
1790090857.5238655,2,0.7152486443519592,1.0,0.0,183.53082275390625,7666,5,0.11859367042779922
1790090857.574316,2,0.7159315943717957,1.0,0.0,184.40179443359375,7718,5,0.11805456876754761
1790090857.6249223,2,0.7165095210075378,1.0,0.0,185.2584686279297,7766,5,0.11752908676862717
1790090857.675474,2,0.7170900702476501,1.0,0.0,186.12448120117188,7804,5,0.0
1790090857.7260003,2,0.7176733016967773,1.0,0.0,187.05499267578125,7841,5,0.0
1790090857.7768056,2,0.7183683514595032,1.0,0.0,187.9735565185547,7888,5,0.0
1790090857.8274152,2,0.7189576029777527,1.0,0.0,188.83880615234375,7929,5,0.008561891503632069
1790090857.8782654,2,0.719586193561554,1.0,0.0,189.77842712402344,7951,5,0.020566558465361595
1790090857.928887,2,0.7201812267303467,1.0,0.0,190.73106384277344,7966,5,0.03242500126361847
1790090857.979822,2,0.7208901047706604,1.0,0.0,191.67486572265625,7990,5,0.044138964265584946
1790090858.030717,2,0.7214920520782471,1.0,0.0,192.60923767089844,8025,5,0.0557095967233181
1790090858.0814953,2,0.7220958471298218,1.0,0.0,193.54840087890625,8023,5,0.06714285165071487
1790090858.132386,2,0.7228158712387085,1.0,0.0,194.46804809570312,8063,5,0.07843559980392456
1790090858.1830688,2,0.7234248518943787,1.0,0.0,195.3312225341797,8139,5,0.08959923684597015
1790090858.234237,2,0.7240375280380249,1.0,0.0,196.16107177734375,8194,5,0.10064109414815903
1790090858.2846985,2,0.7247677445411682,1.0,0.0,197.0069580078125,8204,5,0.11076737195253372
1790090858.335135,2,0.7253859639167786,1.0,0.0,197.74925231933594,8252,5,0.0
1790090858.3858438,2,0.7260065674781799,1.0,0.0,198.60647583007812,8324,5,0.0
1790090858.4366295,2,0.7266290783882141,1.0,0.0,199.3814697265625,8328,5,0.004345981404185295
1790090858.48748,2,0.7273330092430115,1.0,0.0,200.2168426513672,8314,5,0.014817895367741585
1790090858.538327,2,0.7279608249664307,1.0,0.0,201.00779724121094,8332,5,0.025180302560329437
1790090858.5890646,2,0.7287089228630066,1.0,0.0,201.80499267578125,8346,5,0.035435792058706284
1790090858.6399117,2,0.7293409705162048,1.0,0.0,202.60411071777344,8382,5,0.04558433219790459
1790090858.690793,2,0.7299754023551941,1.0,0.0,203.41078186035156,8425,5,0.05562663450837135
1790090858.7414622,2,0.730731189250946,1.0,0.0,204.2305908203125,8469,5,0.0
1790090858.792128,2,0.7313697934150696,1.0,0.0,205.10169982910156,8487,5,0.0034552677534520626
1790090858.8431802,2,0.7320101857185364,1.0,0.0,205.97789001464844,8509,5,0.013168999925255775
1790090858.8939376,2,0.7327331900596619,1.0,0.0,206.8551483154297,8528,5,0.02277199551463127
1790090858.9446647,2,0.7334185838699341,1.0,0.0,207.7201690673828,8562,5,0.032264962792396545
1790090858.9952755,2,0.7340660095214844,1.0,0.0,208.5738067626953,8591,5,0.04165166616439819
1790090859.0459235,2,0.7347150444984436,1.0,0.0,209.41824340820312,8614,5,0.05093368887901306
1790090859.096693,2,0.7354071140289307,1.0,0.0,210.24118041992188,8637,5,0.0601152628660202
1790090859.1474059,2,0.7361012101173401,1.0,0.0,210.9652557373047,8694,5,0.06866853684186935
1790090859.198427,2,0.7368801236152649,1.0,0.0,211.7172088623047,8739,5,0.07766968011856079
1790090859.2494166,2,0.7375785708427429,1.0,0.0,212.43585205078125,8805,5,0.0
1790090859.3004289,2,0.738278329372406,1.0,0.0,213.13583374023438,8863,5,0.0
1790090859.3509905,2,0.7389795184135437,1.0,0.0,213.0735626220703,9018,6,0.0
1790090859.4018853,2,0.7396796941757202,1.0,0.0,213.31576538085938,7130,6,0.0
1790090859.4525404,2,0.7403831481933594,1.0,0.0,214.02630615234375,7002,6,0.0
1790090859.5034678,2,0.7410470247268677,1.0,0.0,214.5323944091797,7023,6,0.00839999970048666
1790090859.5542912,2,0.7417544722557068,1.0,0.0,215.203369140625,7061,6,0.017324993386864662
1790090859.6051037,2,0.7424643635749817,1.0,0.0,215.83868408203125,7089,6,0.02624998614192009
1790090859.6559198,2,0.7431774735450745,1.0,0.0,216.35433959960938,7130,6,0.03517499193549156
1790090859.7064764,2,0.7438498139381409,1.0,0.0,217.04412841796875,7113,6,0.044100016355514526
1790090859.757298,2,0.7445663213729858,1.0,0.0,217.68148803710938,7125,6,0.05302504077553749
1790090859.8079972,2,0.745284378528595,1.0,0.0,218.22386169433594,7132,6,0.061950065195560455
1790090859.8589027,2,0.7460061311721802,1.0,0.0,218.7496337890625,7183,6,0.07087503373622894
1790090859.909399,2,0.7467285990715027,1.0,0.0,219.16796875,7209,6,0.0
1790090859.95992,2,0.7474529147148132,1.0,0.0,219.63072204589844,7212,6,0.0
1790090860.0107932,2,0.7481387853622437,1.0,0.0,220.04959106445312,7219,6,0.0010499999625608325
1790090860.0613794,2,0.7488650679588318,1.0,0.0,220.5908966064453,7207,6,0.00997499842196703
1790090860.1122558,2,0.7496819496154785,1.0,0.0,221.20907592773438,7220,6,0.018899992108345032
1790090860.1629398,2,0.7503727674484253,1.0,0.0,221.90145874023438,7246,6,0.0
1790090860.2135954,2,0.7511065006256104,1.0,0.0,222.37112426757812,7413,6,0.0
1790090860.2641456,2,0.7518412470817566,1.0,0.0,222.6728973388672,7334,6,0.0
1790090860.3149507,2,0.7525780200958252,1.0,0.0,223.32492065429688,7311,6,-0.007350000087171793
1790090860.3655748,2,0.7533157467842102,1.0,0.0,223.9682159423828,7319,6,-0.015749994665384293
1790090860.416587,2,0.7539684176445007,1.0,0.0,224.62681579589844,7402,6,-0.02467498742043972
1790090860.467558,2,0.7547121047973633,1.0,0.0,225.2426300048828,7469,6,-0.033599987626075745
1790090860.51827,2,0.7555015087127686,1.0,0.0,226.01199340820312,7482,6,-0.032550010830163956
1790090860.5690467,2,0.7562499642372131,1.0,0.0,226.78770446777344,7407,6,0.0
1790090860.6198165,2,0.7570003271102905,1.0,0.0,227.3929443359375,7497,6,0.0
1790090860.6704955,2,0.7577968239784241,1.0,0.0,228.01412963867188,7550,6,0.0
1790090860.721425,2,0.758551299571991,1.0,0.0,228.71014404296875,7538,6,-0.00892499927431345
1790090860.7721536,2,0.7591747045516968,1.0,0.0,229.3817596435547,7541,6,-0.017849992960691452
1790090860.8241699,2,0.7599772810935974,1.0,0.0,230.0405731201172,7562,6,-0.02677498571574688
1790090860.874725,2,0.7607834339141846,1.0,0.0,230.6747589111328,7601,6,0.0
1790090860.9255497,2,0.76154625415802,1.0,0.0,231.34556579589844,7599,6,0.0
1790090860.9765549,2,0.7623573541641235,1.0,0.0,232.02871704101562,7592,6,0.0
1790090861.0274146,2,0.7630338668823242,1.0,0.0,232.69273376464844,7612,6,0.0
1790090861.077815,2,0.7638041377067566,1.0,0.0,233.36756896972656,7624,6,0.0
1790090861.12841,2,0.7646217942237854,1.0,0.0,234.0237579345703,7664,6,0.0
1790090861.1791916,2,0.7653506398200989,1.0,0.0,234.68817138671875,7700,6,0.0
1790090861.229811,2,0.7661734223365784,1.0,0.0,235.3740234375,7713,6,0.0
1790090861.280931,2,0.766859769821167,1.0,0.0,236.04676818847656,7744,6,-0.002099999925121665
1790090861.3316407,2,0.7676868438720703,1.0,0.0,236.73272705078125,7760,6,-0.01102499756962061
1790090861.383043,2,0.7685162425041199,1.0,0.0,237.41775512695312,7775,6,-0.01994999125599861
1790090861.4337564,2,0.7692557573318481,1.0,0.0,238.09962463378906,7796,6,0.0
1790090861.4844575,2,0.7700896859169006,1.0,0.0,238.74551391601562,7809,6,0.0
1790090861.5354803,2,0.7707869410514832,1.0,0.0,239.4327392578125,7825,6,0.0
1790090861.5865734,2,0.7716725468635559,1.0,0.0,240.10037231445312,7858,6,0.0
1790090861.6371586,2,0.7724204659461975,1.0,0.0,240.7819061279297,7870,6,-0.0036750000435858965
1790090861.6882844,2,0.7731233239173889,1.0,0.0,241.4674530029297,7885,6,-0.012599996291100979
1790090861.7393606,2,0.7740160226821899,1.0,0.0,242.0951385498047,7959,6,-0.011549990624189377
1790090861.7900567,2,0.7747699618339539,1.0,0.0,242.7498016357422,7988,6,0.0
1790090861.841105,2,0.7756204009056091,1.0,0.0,243.4630889892578,7961,6,0.0
1790090861.8917584,2,0.7763783931732178,1.0,0.0,244.16078186035156,7962,6,0.0
1790090861.9425137,2,0.7772810459136963,1.0,0.0,244.79751586914062,8028,6,0.0
1790090861.9934726,2,0.7780441045761108,1.0,0.0,245.4761962890625,8032,6,0.0
1790090862.0440564,2,0.7788079380989075,1.0,0.0,246.16012573242188,8028,6,0.0
1790090862.0945082,2,0.779574453830719,1.0,0.0,246.8388671875,8045,6,0.0
1790090862.1451097,2,0.7804390788078308,1.0,0.0,247.4948272705078,8062,6,0.0
1790090862.1958199,2,0.7812578678131104,1.0,0.0,248.13255310058594,8123,6,0.0
1790090862.2465868,2,0.7820303440093994,1.0,0.0,248.7105255126953,8196,6,0.0
1790090862.2972636,2,0.7829014658927917,1.0,0.0,249.29971313476562,8257,6,0.0
1790090862.3478856,2,0.7836782932281494,1.0,0.0,250.03936767578125,8180,6,0.0005249999812804163
1790090862.3985019,2,0.784553587436676,1.0,0.0,250.71597290039062,8184,6,0.00944999884814024
1790090862.449237,2,0.7853343486785889,1.0,0.0,251.3941192626953,8191,6,0.0
1790090862.5001073,2,0.7862151265144348,1.0,0.0,252.033203125,8231,6,0.0
1790090862.5511925,2,0.7869506478309631,1.0,0.0,252.69224548339844,8232,6,0.0
1790090862.6021392,2,0.7878853678703308,1.0,0.0,253.35057067871094,8245,6,0.0
1790090862.6532552,2,0.7886736989021301,1.0,0.0,253.980224609375,8274,6,0.0
1790090862.7041068,2,0.7895635962486267,1.0,0.0,254.60507202148438,8312,6,0.0
1790090862.7545786,2,0.7903556823730469,1.0,0.0,255.2161865234375,8364,6,0.0
1790090862.8053532,2,0.7912499308586121,1.0,0.0,255.80557250976562,8423,6,0.0
1790090862.8560162,2,0.7919967174530029,1.0,0.0,256.43731689453125,8442,6,0.0
1790090862.9068985,2,0.7929447889328003,1.0,0.0,257.1419982910156,8377,6,0.0
1790090862.9578407,2,0.7936955690383911,1.0,0.0,257.78192138671875,8386,6,0.0
1790090863.0088134,2,0.7946489453315735,1.0,0.0,258.4258117675781,8417,6,0.0
1790090863.059444,2,0.7954022288322449,1.0,0.0,258.98626708984375,8465,6,0.0
1790090863.1100552,2,0.7963602542877197,1.0,0.0,259.59228515625,8506,6,0.0
1790090863.1608548,2,0.7971177101135254,1.0,0.0,260.2472229003906,8489,6,0.0
1790090863.2115788,2,0.7980803847312927,1.0,0.0,260.87701416015625,8513,6,0.0
1790090863.2622144,2,0.798841655254364,1.0,0.0,261.44482421875,8585,6,0.0
1790090863.3129954,2,0.799757719039917,0.0,0.0,261.915771484375,8368,6,0.0
1790090863.3637695,2,0.8005719184875488,0.0,0.0,261.5672607421875,8345,6,0.0
1790090863.4145658,2,0.8014855980873108,0.0,0.9332587122917175,260.1134338378906,8147,6,0.0
1790090863.4655802,2,0.8022409081459045,0.0,1.0,257.3497314453125,7945,6,0.0
1790090863.5160553,2,0.8031867146492004,0.0,0.9742345809936523,254.3487548828125,7714,6,0.0
1790090863.5666997,2,0.8039247989654541,0.0,0.9781627058982849,251.2993927001953,7529,6,0.0
1790090863.6174884,2,0.8047997951507568,0.0,1.0,248.395263671875,7529,6,0.0
1790090863.6682782,2,0.8055208325386047,0.0,0.9952362179756165,245.54629516601562,7507,6,0.0
1790090863.7188778,2,0.8064229488372803,0.0,1.0,242.47781372070312,7460,6,0.0
1790090863.7693439,2,0.8072192668914795,0.0,0.9754769206047058,239.4308319091797,7397,6,0.0
1790090863.820365,2,0.8079144954681396,0.0,0.9370508193969727,236.68167114257812,7194,6,0.0
1790090863.871629,2,0.8087382912635803,0.0,1.0,233.72970581054688,7127,6,0.0
1790090863.9223318,2,0.809551477432251,0.0,1.0,230.68382263183594,7007,6,0.0
1790090863.9730582,2,0.8103530406951904,0.0,1.0,227.34779357910156,7022,6,0.0
1790090864.0237072,2,0.811011791229248,0.26999998092651367,1.0,224.1465606689453,6999,1,0.0
1790090864.0745246,2,0.8117486834526062,0.0,1.0,221.22389221191406,7511,1,0.0
1790090864.1255343,2,0.8125184178352356,0.0,0.8771888613700867,218.7361297607422,7190,5,0.0
1790090864.176195,2,0.8132792115211487,0.0,0.9310474395751953,216.14329528808594,7920,5,0.0
1790090864.2271523,2,0.8138638734817505,0.0,0.9840128421783447,213.2613983154297,7792,5,0.0
1790090864.277713,2,0.8146061897277832,0.0,1.0,210.36915588378906,7740,5,0.0
1790090864.3285315,2,0.8153361082077026,0.0,1.0,207.0520782470703,7877,5,0.0
1790090864.3790355,2,0.8159356713294983,0.0,1.0,204.00828552246094,7866,5,0.0
1790090864.4298317,2,0.8166455626487732,0.0,0.9617438912391663,201.36819458007812,7715,5,0.0
1790090864.4805038,2,0.8172290325164795,0.0,0.9825909733772278,198.74411010742188,7595,5,0.0
1790090864.5311482,2,0.8179202675819397,0.0,1.0,195.91537475585938,7486,5,0.0
1790090864.582173,2,0.8186012506484985,0.0,1.0,192.9307861328125,7409,5,0.0
1790090864.6327887,2,0.8191604018211365,0.0,1.0,189.92803955078125,7346,5,0.0
1790090864.6832514,2,0.8198215365409851,0.0,1.0,186.99365234375,7236,5,0.0
1790090864.7338567,2,0.8204708099365234,0.0,1.0,184.18576049804688,7090,5,0.0
1790090864.784644,2,0.821004331111908,0.0,1.0,181.56494140625,6911,1,0.0
1790090864.8352294,2,0.8216356635093689,0.0,1.0,178.76858520507812,7480,1,0.0
1790090864.8863816,2,0.8222559690475464,0.0,1.0,175.9438934326172,7160,4,0.0
1790090864.9372408,2,0.8227986693382263,0.0,1.0,173.0646209716797,7774,4,0.0
1790090864.988088,2,0.8233001232147217,0.0,1.0,170.1607208251953,7767,4,0.008058445528149605
1790090865.0388262,2,0.8239250779151917,0.0,1.0,167.21450805664062,7734,4,0.0237199068069458
1790090865.0895011,2,0.8244094252586365,0.0,1.0,164.30007934570312,7761,4,0.03997300937771797
1790090865.1399627,2,0.825012743473053,0.0,1.0,161.4825439453125,7719,4,0.0568213015794754
1790090865.1907797,2,0.8255132436752319,0.0,1.0,158.66249084472656,7662,4,0.07427574694156647
1790090865.2415917,2,0.8260660767555237,0.0,0.9136694669723511,156.05807495117188,7639,4,0.09233948588371277
1790090865.2925184,2,0.826552152633667,0.0,0.9271892309188843,153.8289031982422,7497,4,0.11094919592142105
1790090865.343244,2,0.8270311951637268,0.0,0.9455605745315552,151.61587524414062,7325,4,0.13007304072380066
1790090865.393856,2,0.8275910019874573,0.0,0.9857782125473022,149.33641052246094,7223,4,0.14449971914291382
1790090865.444754,2,0.8280272483825684,0.0,1.0,147.1378631591797,7107,4,0.04117220267653465
1790090865.4955978,2,0.8284851312637329,0.0,1.0,144.5883026123047,7068,4,0.003721557790413499
1790090865.5465388,2,0.8290203213691711,0.0,0.9559337496757507,142.2573699951172,6989,4,0.025173529982566833
1790090865.5976186,2,0.8294626474380493,0.0,0.9237470030784607,140.10304260253906,6879,4,0.04721754789352417
1790090865.6481361,2,0.829899251461029,0.0,0.9231124520301819,137.9697723388672,6747,4,0.06984011083841324
1790090865.6987462,2,0.8304094672203064,0.0,0.0,136.33287048339844,6887,4,0.0930309146642685
1790090865.7495916,2,0.8308353424072266,0.0,0.0,135.9689178466797,6896,4,0.11644335836172104
1790090865.800543,2,0.8312596082687378,0.0,0.0,135.64080810546875,6880,4,0.13995076715946198
1790090865.851596,2,0.8317869305610657,0.0,0.0,135.28863525390625,6857,4,0.15874576568603516
1790090865.9024518,2,0.8322077393531799,0.0,0.0,134.9063720703125,6835,4,0.15917278826236725
1790090865.9529047,2,0.8326266407966614,0.0,0.0,134.50149536132812,6814,4,0.15962758660316467
1790090866.0034242,2,0.8330445289611816,0.0,0.0,134.09405517578125,6789,4,0.16008788347244263
1790090866.054184,2,0.8335390090942383,0.0,0.0,133.69131469726562,6762,4,0.1605454981327057
1790090866.1048152,2,0.8339534997940063,0.0,0.0,133.27639770507812,6734,4,0.1610196977853775
1790090866.155552,2,0.8343661427497864,0.0,0.0,132.85508728027344,6711,4,0.16150407493114471
1790090866.2066333,2,0.8348559141159058,0.0,0.0,132.36463928222656,6686,4,0.1620716154575348
1790090866.257535,2,0.8352653384208679,0.0,0.0,131.84947204589844,6655,4,0.16267208755016327
1790090866.3084128,2,0.8356732130050659,0.0,0.0,131.3182830810547,6623,4,0.1632958948612213
1790090866.359332,2,0.8361546993255615,0.09600000828504562,0.0,130.80209350585938,6615,4,0.16390669345855713
1790090866.4100895,2,0.8365350961685181,0.2999999523162842,0.0,130.4778594970703,6714,4,0.16429270803928375
1790090866.4609725,2,0.8370152115821838,0.5039998888969421,0.0,130.50648498535156,6871,4,0.16425855457782745
1790090866.5116563,2,0.8374200463294983,0.7080003023147583,0.0,130.88345336914062,6992,4,0.163810133934021
1790090866.5623438,2,0.837799608707428,0.9120007157325745,0.0,131.35191345214844,6992,4,0.16325625777244568
1790090866.6128802,2,0.8382835388183594,1.0,0.0,131.88156127929688,6928,4,0.16263456642627716
1790090866.6633399,2,0.8386664986610413,1.0,0.0,132.37384033203125,7002,4,0.1620609313249588
1790090866.7140532,2,0.8391537070274353,1.0,0.0,132.89926147460938,7085,4,0.16145315766334534
1790090866.765057,2,0.8395670056343079,1.0,0.0,133.41896057128906,7169,4,0.1608564555644989
1790090866.8159165,2,0.8400574326515198,1.0,0.0,133.95455932617188,7222,4,0.1602460891008377
1790090866.8664591,2,0.8404486179351807,1.0,0.0,134.4367218017578,7243,4,0.15970058739185333
1790090866.9174805,2,0.840865433216095,1.0,0.0,135.02572631835938,7126,4,0.1590391993522644
1790090866.9680243,2,0.8412838578224182,1.0,0.0,135.5708465576172,7184,4,0.1584319770336151
1790090867.018501,2,0.8417317867279053,1.0,0.0,136.13046264648438,7312,4,0.15781338512897491
1790090867.0693521,2,0.8422326445579529,1.0,0.0,136.746826171875,7279,4,0.1571376621723175
1790090867.1199608,2,0.8426580429077148,1.0,0.0,137.34051513671875,7250,4,0.1564922332763672
1790090867.170467,2,0.8431377410888672,1.0,0.0,137.94606018066406,7210,4,0.15583933889865875
1790090867.2210383,2,0.8435672521591187,1.0,0.0,138.52574157714844,7301,4,0.1552194207906723
1790090867.2719276,2,0.84405118227005,1.0,0.0,139.06675720214844,7411,4,0.15464529395103455
1790090867.3224957,2,0.8444841504096985,1.0,0.0,139.5949249267578,7543,4,0.15408889949321747
1790090867.372995,2,0.8449724316596985,1.0,0.0,140.0604248046875,7508,4,0.15360181033611298
1790090867.423543,2,0.8453801870346069,1.0,0.0,140.59078979492188,7579,4,0.15305058658123016
1790090867.4743848,2,0.845901370048523,1.0,0.0,141.13491821289062,7538,4,0.15248917043209076
1790090867.5250404,2,0.8463126420974731,1.0,0.0,141.64698791503906,7485,4,0.15196456015110016
1790090867.575875,2,0.8468371629714966,1.0,0.0,142.3472137451172,7619,4,0.15125301480293274
1790090867.6268969,2,0.8472532033920288,1.0,0.0,143.04176330566406,7617,4,0.15055377781391144
1790090867.6778069,2,0.8477550148963928,1.0,0.0,143.8527069091797,7703,4,0.14974552392959595
1790090867.728801,2,0.8482592701911926,1.0,0.0,144.7498321533203,7751,4,0.14886142313480377
1790090867.779646,2,0.8486824035644531,1.0,0.0,145.515869140625,7785,4,0.14811472594738007
1790090867.8302977,2,0.8491641879081726,1.0,0.0,146.265869140625,7802,4,0.14739085733890533
1790090867.8809383,2,0.8496766090393066,1.0,0.0,147.06045532226562,7837,4,0.14663165807724
1790090867.931873,2,0.8501061201095581,1.0,0.0,147.96514892578125,7828,4,0.14577671885490417
1790090867.9824004,2,0.8505961894989014,1.0,0.0,148.54922485351562,7926,4,0.14523003995418549
1790090868.033026,2,0.8510866165161133,1.0,0.0,149.2191925048828,7969,4,0.1446080058813095
1790090868.0835154,2,0.8516088724136353,0.0,0.0,149.9099884033203,7683,4,0.14397218823432922
1790090868.1340997,2,0.8521037697792053,0.0,0.0,149.65928649902344,7574,4,0.14420229196548462
1790090868.1851013,2,0.8525955080986023,0.0,0.0,149.2244110107422,7532,4,0.1446031779050827
1790090868.2356668,2,0.8530870676040649,0.0,0.0,148.839599609375,7216,5,0.14495977759361267
1790090868.2865856,2,0.8535767197608948,0.0,0.0,148.72817993164062,5957,5,0.1450633704662323
1790090868.337695,2,0.8540658354759216,0.0,0.0,148.2879180908203,5933,5,0.14547410607337952
1790090868.3883488,2,0.854554295539856,0.0,0.0,147.84097290039062,5915,5,0.14589348435401917
1790090868.4390697,2,0.8550416827201843,0.17999999225139618,0.0,147.4734649658203,5942,5,0.14624013006687164
1790090868.4899032,2,0.8555266857147217,0.38399991393089294,0.0,147.3532257080078,6012,5,0.14635390043258667
1790090868.5411117,2,0.856010913848877,0.5880000591278076,0.0,147.51998901367188,6113,5,0.1461961418390274
1790090868.591892,2,0.8564689755439758,0.7920004725456238,0.0,148.07664489746094,6195,5,0.14567206799983978
1790090868.6424887,2,0.8569576740264893,0.9840008616447449,0.0,148.68821716308594,6328,5,0.14510054886341095
1790090868.6932976,2,0.8574487566947937,1.0,0.0,149.23291015625,6258,5,0.14459532499313354
1790090868.7442598,2,0.8579131960868835,1.0,0.0,149.87908935546875,6331,5,0.14400050044059753
1790090868.7951005,2,0.858406662940979,1.0,0.0,150.46035766601562,6341,5,0.14346960186958313
1790090868.8458037,2,0.8589614629745483,1.0,0.0,151.0577850341797,6337,5,0.0016497932374477386
1790090868.896526,2,0.8594613075256348,1.0,0.0,151.8089141845703,6398,5,0.0
1790090868.9472961,2,0.8598729968070984,1.0,0.0,152.6126251220703,6431,5,0.00676304567605257
1790090868.9979916,2,0.8603789210319519,1.0,0.0,153.42127990722656,6476,5,0.02579651027917862
1790090869.048626,2,0.8608860373497009,1.0,0.0,154.17987060546875,6527,5,0.04464401677250862
1790090869.0995042,2,0.8613960146903992,1.0,0.0,155.075439453125,6509,5,0.06330063939094543
1790090869.1503477,2,0.8619086146354675,1.0,0.0,155.9698028564453,6568,5,0.0
1790090869.2012374,2,0.862456202507019,1.0,0.0,156.90533447265625,6594,5,0.0
1790090869.2519472,2,0.862973690032959,1.0,0.0,157.82139587402344,6712,5,0.0
1790090869.3026204,2,0.8634968996047974,1.0,0.0,158.8145751953125,6640,5,0.0
1790090869.3536072,2,0.8640236258506775,1.0,0.0,159.90150451660156,6680,5,0.0
1790090869.4043055,2,0.8645535111427307,1.0,0.0,161.18569946289062,6694,5,0.0
1790090869.4549525,2,0.8650888204574585,1.0,0.0,162.46621704101562,6725,5,0.00999579019844532
1790090869.5058901,2,0.865596354007721,1.0,0.0,163.79446411132812,6761,5,0.026766981929540634
1790090869.5563204,2,0.8661408424377441,1.0,0.0,164.98080444335938,6905,5,0.0
1790090869.6069865,2,0.8667528033256531,1.0,0.0,166.291015625,6908,5,0.0
1790090869.6574488,2,0.8672725558280945,1.0,0.0,167.59518432617188,6942,5,0.0
1790090869.7086265,2,0.8677969574928284,1.0,0.0,168.893798828125,6985,5,0.0
1790090869.7592683,2,0.868357241153717,1.0,0.0,170.13526916503906,7084,5,0.0
1790090869.8098118,2,0.8689541816711426,1.0,0.0,171.3807830810547,7143,5,0.0
1790090869.8605154,2,0.8694886565208435,1.0,0.0,172.58702087402344,7177,5,0.0
1790090869.911107,2,0.870027482509613,1.0,0.0,173.77313232421875,7247,5,0.0
1790090869.96195,2,0.8706039786338806,1.0,0.0,175.0552520751953,7286,5,0.0
1790090870.0127218,2,0.8712178468704224,1.0,0.0,176.21286010742188,7331,5,0.0
1790090870.0632148,2,0.8718018531799316,1.0,0.0,177.47398376464844,7367,5,0.0
1790090870.113962,2,0.8723561763763428,0.0,0.0,178.07652282714844,7141,5,0.0
1790090870.1648085,2,0.8729100823402405,0.0,0.3849949836730957,177.3583221435547,6966,5,0.0
1790090870.2155883,2,0.8735641837120056,0.0,1.0,175.44473266601562,6808,5,0.0
1790090870.2662613,2,0.874106228351593,0.0,0.8365176320075989,173.21029663085938,6676,5,0.0
1790090870.317007,2,0.8746767044067383,0.26999998092651367,1.0,170.74134826660156,6560,1,0.0
1790090870.367856,2,0.8752065896987915,0.0,1.0,168.2631072998047,7096,1,0.0
1790090870.4186592,2,0.875823974609375,0.0,1.0,165.62977600097656,6812,4,0.0
1790090870.4692428,2,0.8763675689697266,0.0,0.9974338412284851,162.61643981933594,7510,4,0.0
1790090870.5198615,2,0.8768683671951294,0.0,0.5235105752944946,160.287109375,7989,4,0.0
1790090870.570856,2,0.8773961067199707,0.0,0.881614625453949,158.4792022705078,7784,4,0.0
1790090870.621504,2,0.8778871297836304,0.0,0.3984188735485077,156.34681701660156,7536,4,0.0
1790090870.67208,2,0.8783995509147644,0.0,0.995816707611084,153.87815856933594,7374,4,0.0
1790090870.7226827,2,0.8789065480232239,0.0,1.0,151.06272888183594,7336,4,0.0
1790090870.7731326,2,0.8793719410896301,0.0,1.0,148.47349548339844,7241,4,0.010577480308711529
1790090870.823899,2,0.879859447479248,0.0,1.0,145.6063690185547,7102,4,0.032303955405950546
1790090870.874805,2,0.880393385887146,0.0,1.0,142.97137451171875,6997,4,0.05352899059653282
1790090870.925823,2,0.8808619379997253,0.0,0.973334014415741,140.64820861816406,7629,1,0.07412311434745789
1790090870.9766874,2,0.881322979927063,0.0,0.7404484152793884,138.661376953125,7302,1,0.09658865630626678
1790090871.0274582,2,0.8817520141601562,0.0,0.8153889775276184,136.91195678710938,7700,3,0.11954288184642792
1790090871.0783098,2,0.8822013139724731,0.0,0.9184568524360657,134.97349548339844,8203,3,0.14302054047584534
1790090871.128945,2,0.8826178312301636,0.0,0.9715706706047058,132.85714721679688,8091,3,0.1615016907453537
1790090871.179806,2,0.8830526471138,0.0,1.0,130.69444274902344,7945,3,0.1640346497297287
1790090871.2306068,2,0.8834553360939026,0.0,1.0,128.4212188720703,7826,3,0.1667841374874115
1790090871.281276,2,0.883949875831604,0.0,0.954245388507843,126.29886627197266,7692,3,0.16943565011024475
1790090871.3320312,2,0.8843382000923157,0.0,0.9345585703849792,124.23685455322266,7553,3,0.17209379374980927
1790090871.382583,2,0.8847182393074036,0.0,0.90189528465271,122.35834503173828,7394,3,0.17458903789520264
1790090871.433179,2,0.885094940662384,0.0,0.852109432220459,120.59012603759766,7268,3,0.17700481414794922
1790090871.4839802,2,0.8855319023132324,0.0,0.8628659248352051,118.8959732055664,7130,3,0.17938293516635895
1790090871.5349462,2,0.885897159576416,0.0,0.8705372214317322,117.23859405517578,7022,3,0.1817721277475357
1790090871.5857124,2,0.886254072189331,0.0,0.8831212520599365,115.58137512207031,6881,3,0.18422555923461914
1790090871.636335,2,0.8866726160049438,0.0,0.8844341039657593,114.01913452148438,6781,3,0.18659982085227966
1790090871.6867352,2,0.8869981169700623,0.0,0.8612681031227112,112.42282104492188,6659,3,0.18908990919589996
1790090871.7375758,2,0.8874029517173767,0.0,0.0,110.97953033447266,6790,3,0.1913992017507553
1790090871.788231,2,0.8877401351928711,0.0,0.0,109.93556213378906,6886,3,0.19310502707958221
1790090871.839376,2,0.8880520462989807,0.0,0.0,108.98915100097656,6892,3,0.19467796385288239
1790090871.8901381,2,0.8884453773498535,0.0,0.0,108.0790786743164,6851,3,0.19621486961841583
1790090871.9410746,2,0.88877272605896,0.6499999761581421,0.0,107.45317077636719,7311,3,0.197285994887352
1790090871.9917336,2,0.8891401886940002,0.6499999761581421,0.0,106.94835662841797,7273,3,0.19815850257873535
1790090872.0424974,2,0.8894661664962769,0.6499999761581421,0.0,106.4449234008789,7241,3,0.19903630018234253
1790090872.0933537,2,0.8898460865020752,0.6499999761581421,0.0,105.96314239501953,7209,3,0.19988369941711426
1790090872.1439703,2,0.8901687860488892,0.6499999761581421,0.0,105.53958892822266,7166,3,0.20063462853431702
1790090872.1945775,2,0.8904672265052795,0.0,0.0,105.13899230957031,7028,3,0.2013501077890396
1790090872.2453122,2,0.8908398747444153,0.0,0.0,104.59959411621094,6814,3,0.20232155919075012
1790090872.2961333,2,0.8911557197570801,0.0,0.0,103.89491271972656,6640,3,0.20360489189624786
1790090872.34722,2,0.8914652466773987,0.0,0.0,103.03141021728516,6508,3,0.20519982278347015
1790090872.3979154,2,0.8918320536613464,0.0,0.0,102.00385284423828,6412,3,0.20713067054748535
1790090872.4485629,2,0.8921132683753967,0.6499999761581421,0.0,100.99296569824219,6894,3,0.2090659737586975
1790090872.4992254,2,0.8924671411514282,0.6499999761581421,0.0,100.31807708740234,6821,3,0.2103782743215561
1790090872.549987,2,0.8927672505378723,0.6499999761581421,0.0,99.73563385009766,6856,3,0.2115241289138794
1790090872.6007504,2,0.8930452466011047,0.6499999761581421,0.0,99.15311431884766,6781,3,0.21268270909786224
1790090872.6515229,2,0.893397867679596,0.6499999761581421,0.0,98.5570297241211,6834,3,0.2138814628124237
1790090872.702504,2,0.8936925530433655,0.6499999761581421,0.0,97.98870086669922,6737,3,0.2150370478630066
1790090872.7534275,2,0.8940178751945496,0.6499999761581421,0.0,97.50564575195312,6740,3,0.2160291224718094
1790090872.804234,2,0.8943089246749878,0.6499999761581421,0.0,97.09194946289062,6879,3,0.21688604354858398
1790090872.855169,2,0.8946576714515686,0.6499999761581421,0.0,96.78839874267578,6838,3,0.217519149184227
1790090872.9061987,2,0.8949292898178101,0.6499999761581421,0.0,96.5870590209961,6753,3,0.21794112026691437
1790090872.956762,2,0.8952212929725647,0.6499999761581421,0.0,96.47667694091797,6775,3,0.21817314624786377
1790090873.0076408,2,0.8955631852149963,0.6499999761581421,0.0,96.47796630859375,6776,3,0.2181704342365265
1790090873.0587363,2,0.8958573341369629,0.6499999761581421,0.0,96.5467300415039,6783,3,0.2180258333683014
1790090873.1095114,2,0.896185576915741,0.6499999761581421,0.0,96.66836547851562,6787,3,0.2177705019712448
1790090873.1600626,2,0.8964759707450867,0.7340001463890076,0.0,96.98623657226562,6858,3,0.21710608899593353
1790090873.2109954,2,0.8968073725700378,0.9380005598068237,0.0,97.51822662353516,7026,3,0.16907845437526703
1790090873.2615619,2,0.8971008062362671,1.0,0.0,98.25679016113281,7054,3,0.008428417146205902
1790090873.31236,2,0.8973824977874756,1.0,0.0,99.16305541992188,6959,3,0.001412991783581674
1790090873.3628867,2,0.8977415561676025,1.0,0.0,100.23332977294922,7206,3,0.028069505468010902
1790090873.4134688,2,0.8980493545532227,1.0,0.0,101.5503921508789,7170,3,0.06333093345165253
1790090873.463961,2,0.898398756980896,1.0,0.0,103.00865936279297,7231,3,0.09805196523666382
1790090873.5144107,2,0.898693859577179,1.0,0.0,104.21316528320312,7421,3,0.13024801015853882
1790090873.565258,2,0.8990757465362549,1.0,0.0,105.48889923095703,7425,3,0.16396400332450867
1790090873.6161113,2,0.8993807435035706,1.0,0.0,106.61810302734375,7474,3,0.19873346388339996
1790090873.6671536,2,0.8997509479522705,1.0,0.0,107.5396499633789,7686,3,0.19713732600212097
1790090873.7178588,2,0.9000825881958008,1.0,0.0,108.48080444335938,7632,3,0.18614938855171204
1790090873.7686465,2,0.9004595875740051,1.0,0.0,109.21324920654297,7742,3,0.025499343872070312
1790090873.819438,2,0.9008406400680542,1.0,0.0,110.03691864013672,7843,3,0.0
1790090873.8704138,2,0.9011603593826294,1.0,0.0,111.08247375488281,7749,3,0.0
1790090873.921156,2,0.9015471339225769,1.0,0.0,112.22457885742188,7764,3,0.0
1790090873.9718287,2,0.9018993973731995,1.0,0.0,113.433349609375,8141,3,0.0
1790090874.0226262,2,0.9023181796073914,1.0,0.0,114.86630249023438,8153,3,0.0
1790090874.0732913,2,0.9026548862457275,1.0,0.0,116.34734344482422,8323,3,0.0
1790090874.1239774,2,0.9030219316482544,1.0,0.0,117.8701171875,8452,3,0.003421957604587078
1790090874.1745815,2,0.9034593105316162,1.0,0.0,119.30852508544922,8548,3,0.03054351918399334
1790090874.225151,2,0.9038107395172119,1.0,0.0,120.85376739501953,8635,3,0.05886212736368179
1790090874.276033,2,0.9042381644248962,1.0,0.0,122.39446258544922,8703,3,0.08666834980249405
1790090874.3268416,2,0.9046244025230408,1.0,0.0,123.90255737304688,8776,3,0.11397404223680496
1790090874.377504,2,0.9050661325454712,1.0,0.0,125.26089477539062,8934,3,0.019551683217287064
1790090874.4282885,2,0.9054619073867798,1.0,0.0,126.55503845214844,8977,3,0.0
1790090874.4790745,2,0.9059116244316101,1.0,0.0,127.00737762451172,8839,1,0.0
1790090874.5301466,2,0.9062908291816711,1.0,0.0,127.64415740966797,7034,4,0.0
1790090874.5810192,2,0.9067412614822388,1.0,0.0,128.83135986328125,6876,4,0.0
1790090874.6316965,2,0.9072259664535522,1.0,0.0,130.3057098388672,6958,4,0.013349799439311028
1790090874.6821866,2,0.9076167941093445,1.0,0.0,131.86944580078125,7014,4,0.038211673498153687
1790090874.7330816,2,0.9080855846405029,1.0,0.0,133.4245147705078,7093,4,0.06261312961578369
1790090874.7835755,2,0.908510148525238,1.0,0.0,134.84471130371094,7188,4,0.0
1790090874.8340302,2,0.9089972376823425,1.0,0.0,136.38047790527344,7270,4,0.0
1790090874.88471,2,0.9094315767288208,1.0,0.0,137.9105682373047,7349,4,0.0
1790090874.9354827,2,0.9099239706993103,1.0,0.0,139.42230224609375,7430,4,0.0
1790090874.9865026,2,0.910348653793335,1.0,0.0,140.9640350341797,7465,4,0.0
1790090875.0373797,2,0.910831868648529,1.0,0.0,142.52308654785156,7517,4,0.0
1790090875.0882628,2,0.9113497734069824,1.0,0.0,143.9319305419922,7685,4,0.0
1790090875.1391585,2,0.9118116497993469,1.0,0.0,145.3946990966797,7772,4,0.0
1790090875.1896286,2,0.9123370051383972,1.0,0.0,146.8765106201172,7833,4,0.0
1790090875.24014,2,0.9128698706626892,1.0,0.0,148.40567016601562,7859,4,0.0
1790090875.2909713,2,0.9133189916610718,1.0,0.0,149.86988830566406,7936,4,0.0
1790090875.3416798,2,0.9138692021369934,1.0,0.0,151.27105712890625,7980,4,0.0
1790090875.392539,2,0.9143499135971069,1.0,0.0,152.72251892089844,8058,4,0.0
1790090875.4432364,2,0.9148955941200256,1.0,0.0,154.14309692382812,8144,4,0.0
1790090875.4941885,2,0.9153887033462524,1.0,0.0,155.55201721191406,8229,4,0.0
1790090875.5449183,2,0.9159408211708069,1.0,0.0,156.94322204589844,8308,4,0.008563674986362457
1790090875.5959063,2,0.9164089560508728,1.0,0.0,158.29348754882812,8403,4,0.026534507051110268
1790090875.6469064,2,0.9170001149177551,1.0,0.0,159.67642211914062,8452,4,0.044200967997312546
1790090875.697825,2,0.917474627494812,1.0,0.0,161.032958984375,8516,4,0.061566513031721115
1790090875.7485516,2,0.9180452823638916,1.0,0.0,162.328125,8605,4,0.07864615321159363
1790090875.799168,2,0.9185647964477539,1.0,0.0,163.60145568847656,8689,4,0.09545277059078217
1790090875.8497264,2,0.9191414713859558,1.0,0.0,164.7827911376953,8825,4,0.0
1790090875.900865,2,0.919629693031311,1.0,0.0,165.9163818359375,8827,4,0.0
1790090875.9516153,2,0.9202495813369751,1.0,0.0,167.1866912841797,8848,4,0.0
1790090876.002392,2,0.9208400845527649,1.0,0.0,167.28857421875,9167,5,0.0
1790090876.0533278,2,0.9213289022445679,1.0,0.0,168.0237579345703,6893,5,0.0
1790090876.1043787,2,0.9219562411308289,1.0,0.0,168.9869842529297,7027,5,0.0
1790090876.1549313,2,0.9224545955657959,1.0,0.0,170.11338806152344,7076,5,0.0
1790090876.2055151,2,0.9229891896247864,1.0,0.0,171.19932556152344,7119,5,0.0
1790090876.256268,2,0.923590898513794,1.0,0.0,172.37435913085938,7150,5,0.010588333010673523
1790090876.3070433,2,0.9241961240768433,1.0,0.0,173.54779052734375,7185,5,0.025397492572665215
1790090876.3578315,2,0.9247386455535889,1.0,0.0,174.7125701904297,7232,5,0.0
1790090876.4085805,2,0.925355076789856,1.0,0.0,175.86268615722656,7292,5,0.0
1790090876.4591105,2,0.9259046316146851,1.0,0.0,176.98483276367188,7361,5,0.0
1790090876.5095143,2,0.9264206290245056,1.0,0.0,178.1484375,7382,5,0.0
1790090876.5603173,2,0.9270831346511841,1.0,0.0,179.31524658203125,7407,5,0.0
1790090876.6109517,2,0.927605390548706,1.0,0.0,180.45440673828125,7455,5,0.0
1790090876.6615279,2,0.9282717704772949,1.0,0.0,181.51980590820312,7503,5,0.0
1790090876.7121267,2,0.9288392066955566,1.0,0.0,182.62451171875,7576,5,0.010839460417628288
1790090876.7626972,2,0.9294074177742004,1.0,0.0,183.73431396484375,7622,5,0.0
1790090876.8134823,2,0.9300514459609985,1.0,0.0,184.8706512451172,7647,5,0.0
1790090876.8641274,2,0.9306259155273438,1.0,0.0,185.9884033203125,7686,5,0.0
1790090876.9147787,2,0.9312804937362671,1.0,0.0,187.10079956054688,7729,5,0.0
1790090876.965261,2,0.9318618178367615,1.0,0.0,188.2117462158203,7768,5,0.0
1790090877.0159345,2,0.932559609413147,1.0,0.0,189.30299377441406,7824,5,0.0
1790090877.0666122,2,0.9331507086753845,1.0,0.0,190.32431030273438,7875,5,0.0
1790090877.1174982,2,0.9337053894996643,1.0,0.0,191.41481018066406,7915,5,0.0
1790090877.1681447,2,0.9344149827957153,1.0,0.0,192.5023193359375,7959,5,0.0
1790090877.2189682,2,0.935012698173523,1.0,0.0,193.59161376953125,7991,5,0.0
1790090877.269607,2,0.9356170892715454,1.0,0.0,194.67298889160156,8028,5,0.0
1790090877.3201828,2,0.9363000988960266,1.0,0.0,195.75148010253906,8062,5,0.0012999072205275297
1790090877.3709967,2,0.9369101524353027,1.0,0.0,196.81619262695312,8106,5,0.012263456359505653
1790090877.421719,2,0.9375621676445007,1.0,0.0,197.84718322753906,8170,5,0.023078693076968193
1790090877.472399,2,0.9382554292678833,1.0,0.0,198.873291015625,8222,5,0.003526926040649414
1790090877.5232553,2,0.9388762712478638,1.0,0.0,199.8994903564453,8271,5,0.0
1790090877.5739748,2,0.9394986629486084,1.0,0.0,200.93453979492188,8293,5,0.0
1790090877.6246145,2,0.9402434229850769,1.0,0.0,201.91615295410156,8316,5,0.0
1790090877.67554,2,0.9408731460571289,1.0,0.0,202.9400634765625,8346,5,0.0
1790090877.7262652,2,0.9415055513381958,1.0,0.0,203.95359802246094,8384,5,0.0
1790090877.7773988,2,0.9422603845596313,1.0,0.0,204.94830322265625,8435,5,0.0
1790090877.8280303,2,0.9428994655609131,1.0,0.0,205.9370880126953,8483,5,0.0
1790090877.8788238,2,0.9435805678367615,1.0,0.0,206.91940307617188,8531,5,0.0
1790090877.929476,2,0.9442263245582581,1.0,0.0,207.8874053955078,8581,5,0.0
1790090877.9801307,2,0.9449151754379272,1.0,0.0,208.8891143798828,8589,5,0.009356705471873283
1790090878.0312288,2,0.9456886649131775,1.0,0.0,209.87857055664062,8614,5,0.018590904772281647
1790090878.0819383,2,0.9463428258895874,1.0,0.0,210.8317413330078,8668,5,0.0
1790090878.132873,2,0.9470410346984863,1.0,0.0,211.77688598632812,8720,5,0.0
1790090878.183507,2,0.9477010369300842,1.0,0.0,212.71876525878906,8762,5,0.0
1790090878.2343235,2,0.9483638405799866,1.0,0.0,213.68133544921875,8784,5,0.0
1790090878.284932,2,0.9491546750068665,1.0,0.0,214.62315368652344,8820,5,-0.007350000087171793
1790090878.3357706,2,0.9498655796051025,1.0,0.0,215.51341247558594,8848,5,-0.015749994665384293
1790090878.386359,2,0.950537383556366,1.0,0.0,216.29376220703125,8791,1,0.0
1790090878.43703,2,0.9512519836425781,1.0,0.0,216.09222412109375,8907,6,0.0
1790090878.4877305,2,0.9519254565238953,1.0,0.0,217.1314697265625,7130,6,0.0
1790090878.5384755,2,0.9527292251586914,1.0,0.0,217.97169494628906,7139,6,0.0
1790090878.5892937,2,0.9534084796905518,1.0,0.0,218.80191040039062,7173,6,0.0
1790090878.6401994,2,0.9541332125663757,1.0,0.0,219.63951110839844,7198,6,0.0
1790090878.690804,2,0.954817533493042,1.0,0.0,220.48428344726562,7214,6,0.0
1790090878.741615,2,0.9555900692939758,1.0,0.0,221.31820678710938,7241,6,0.0
1790090878.7920923,2,0.956322968006134,1.0,0.0,222.14532470703125,7274,6,0.0
1790090878.8427508,2,0.9570149779319763,1.0,0.0,222.91177368164062,7308,6,0.0
1790090878.893614,2,0.957797110080719,1.0,0.0,223.7427978515625,7322,6,0.0
1790090878.9444215,2,0.9585376381874084,1.0,0.0,224.5677947998047,7343,6,0.0
1790090878.9953163,2,0.9592373371124268,1.0,0.0,225.38558959960938,7362,6,0.0
1790090879.046122,2,0.9599827527999878,1.0,0.0,226.1919403076172,7394,6,-0.00892499927431345
1790090879.0969775,2,0.9606881141662598,1.0,0.0,226.99017333984375,7425,6,0.0
1790090879.1478195,2,0.9614402651786804,1.0,0.0,227.7864227294922,7453,6,0.0
1790090879.1984982,2,0.9622812867164612,1.0,0.0,228.58514404296875,7472,6,0.0
1790090879.2496796,2,0.9629947543144226,1.0,0.0,229.3789825439453,7489,6,0.0
1790090879.300476,2,0.963754415512085,1.0,0.0,230.16989135742188,7503,6,0.0
1790090879.351063,2,0.9644717574119568,1.0,0.0,230.9475860595703,7530,6,0.0
1790090879.4015841,2,0.965236246585846,1.0,0.0,231.70932006835938,7574,6,0.0
1790090879.452209,2,0.965957522392273,1.0,0.0,232.4711151123047,7603,6,0.0
1790090879.5031698,2,0.9667267799377441,1.0,0.0,233.2397918701172,7628,6,0.0
1790090879.5541365,2,0.9674997925758362,1.0,0.0,233.9976348876953,7654,6,0.0
1790090879.6051497,2,0.9683648943901062,1.0,0.0,234.76332092285156,7668,6,0.0
1790090879.6559145,2,0.9691409468650818,1.0,0.0,235.53060913085938,7681,6,0.0
1790090879.7067676,2,0.9699218273162842,1.0,0.0,236.27952575683594,7709,6,0.0
1790090879.757186,2,0.9706583023071289,1.0,0.0,236.97544860839844,7735,6,0.0
1790090879.8081062,2,0.971442461013794,1.0,0.0,237.72633361816406,7752,6,-0.007350000087171793
1790090879.8588119,2,0.97222900390625,1.0,0.0,238.4533233642578,7790,6,-0.006299994885921478
1790090879.9094548,2,0.9730188250541687,1.0,0.0,239.16769409179688,7840,6,0.0
1790090879.9602754,2,0.973763644695282,1.0,0.0,239.89297485351562,7863,6,0.0
1790090880.0110197,2,0.9745563864707947,1.0,0.0,240.6473846435547,7864,6,0.0
1790090880.0618904,2,0.9753537774085999,1.0,0.0,241.3762664794922,7886,6,0.0
1790090880.1126971,2,0.976152777671814,1.0,0.0,242.11207580566406,7897,6,0.0
1790090880.163153,2,0.9769558906555176,1.0,0.0,242.83497619628906,7921,6,0.0
1790090880.2141082,2,0.9777101278305054,1.0,0.0,243.5517578125,7955,6,-0.00787500012665987
1790090880.264912,2,0.978516697883606,1.0,0.0,244.25845336914062,7981,6,0.0
1790090880.3155985,2,0.9793235063552856,1.0,0.0,244.93655395507812,7996,6,0.0
1790090880.3663929,2,0.9801345467567444,1.0,0.0,245.65170288085938,8012,6,0.0
1790090880.417158,2,0.9809485673904419,1.0,0.0,246.35955810546875,8046,6,0.0
1790090880.4681025,2,0.981715738773346,1.0,0.0,247.03988647460938,8092,6,0.0
1790090880.5186145,2,0.9825328588485718,1.0,0.0,247.73194885253906,8115,6,0.0
1790090880.569103,2,0.9834975004196167,1.0,0.0,248.4674835205078,8094,6,0.0
1790090880.6199102,2,0.9843198657035828,1.0,0.0,249.1648406982422,8115,6,0.0
1790090880.6707845,2,0.9851449728012085,1.0,0.0,249.8569793701172,8130,6,0.0
1790090880.7216458,2,0.9859716296195984,1.0,0.0,250.5428466796875,8156,6,0.0
1790090880.7725475,2,0.9867516756057739,1.0,0.0,251.20774841308594,8196,6,-0.006825000047683716
1790090880.8233733,2,0.9875838756561279,1.0,0.0,251.8696746826172,8230,6,0.0
1790090880.8741915,2,0.9884163737297058,1.0,0.0,252.53236389160156,8268,6,0.0
1790090880.9251869,2,0.9892519116401672,1.0,0.0,253.18516540527344,8301,6,0.0
1790090880.9761953,2,0.9900413751602173,1.0,0.0,253.87783813476562,8284,6,0.0
1790090881.026935,2,0.9908807277679443,1.0,0.0,254.56655883789062,8282,6,0.0
1790090881.0776987,2,0.9917241334915161,1.0,0.0,255.1867218017578,8300,6,0.0
1790090881.1283948,2,0.9925674796104431,1.0,0.0,255.84449768066406,8325,6,0.0
1790090881.1790152,2,0.9934144020080566,1.0,0.0,256.4859313964844,8358,6,0.0
1790090881.2297971,2,0.994263768196106,1.0,0.0,257.11749267578125,8403,6,0.0
1790090881.2804747,2,0.995064914226532,1.0,0.0,257.74822998046875,8431,6,0.0
1790090881.3309171,2,0.9959158897399902,1.0,0.0,258.3977355957031,8439,6,0.0
1790090881.3815804,2,0.996771514415741,1.0,0.0,259.0535583496094,8444,6,0.0
1790090881.4325235,2,0.9976292848587036,1.0,0.0,259.702392578125,8444,6,0.0
1790090881.4831626,2,0.9984886050224304,1.0,0.0,260.33172607421875,8454,6,0.0
1790090881.533834,2,0.9992982745170593,1.0,0.0,260.9610595703125,8481,6,0.0
1790090881.5846057,3,0.00014293473213911057,1.0,0.0,261.5146789550781,8538,6,0.0
1790090881.6355462,3,0.0010078545892611146,1.0,0.0,262.10662841796875,8584,6,0.0
1790090881.6860557,3,0.0018749694572761655,1.0,0.0,262.7388000488281,8568,6,0.0
1790090881.7367437,3,0.002847125753760338,1.0,0.0,263.3701171875,8560,6,0.0
1790090881.787829,3,0.0037190939765423536,1.0,0.0,263.9814147949219,8575,6,0.0
1790090881.8387733,3,0.004541016183793545,1.0,0.0,264.58197021484375,8610,6,-0.0031500000040978193
1790090881.8894336,3,0.005416453815996647,1.0,0.0,265.15380859375,8659,6,0.0
1790090881.93996,3,0.006242321338504553,1.0,0.0,265.7561340332031,8658,6,0.0
1790090881.9907906,3,0.007121266331523657,1.0,0.0,266.3660888671875,8655,6,0.0
1790090882.042038,3,0.007960187271237373,1.0,0.0,266.95660400390625,8673,6,0.0
1790090882.0926437,3,0.009290514513850212,1.0,0.0,267.5268859863281,8704,6,0.0
1790090882.1433299,3,0.009823662228882313,1.0,0.0,268.1104431152344,8715,6,0.0
1790090882.194091,3,0.010710937902331352,1.0,0.0,268.679443359375,8737,6,-0.006300000008195639
1790090882.2449667,3,0.011546834371984005,1.0,0.0,269.2461242675781,8754,6,-0.015224994160234928
1790090882.295751,3,0.012438023462891579,1.0,0.0,269.80908203125,8764,6,0.0
1790090882.3467033,3,0.013277734629809856,1.0,0.0,270.3679504394531,8779,6,0.0
1790090882.3972878,3,0.014172003604471684,1.0,0.0,270.8800048828125,8808,6,0.0
1790090882.4479356,3,0.015173878520727158,1.0,0.0,271.4115295410156,8842,6,0.0
1790090882.4984868,3,0.01601874828338623,1.0,0.0,271.9326477050781,8815,1,0.0
1790090882.5491233,3,0.016917113214731216,1.0,0.0,271.57958984375,9167,7,-0.0015749998856335878
1790090882.599567,3,0.01776243932545185,1.0,0.0,272.1007385253906,7209,7,-0.01049999799579382
1790090882.6501722,3,0.018610171973705292,1.0,0.0,272.5614013671875,7211,7,-0.01942499168217182
1790090882.7011395,3,0.019670389592647552,1.0,0.0,273.0132751464844,7222,7,0.0
1790090882.7519836,3,0.020520294085144997,1.0,0.0,273.4715576171875,7236,7,0.0
1790090882.8030853,3,0.02142307348549366,1.0,0.0,273.9236145019531,7255,7,0.0
1790090882.8536131,3,0.022278111428022385,1.0,0.0,274.3475341796875,7264,7,0.0
1790090882.9042156,3,0.02313004434108734,1.0,0.0,274.79498291015625,7278,7,0.0
1790090882.9548523,3,0.024039199575781822,1.0,0.0,275.2467346191406,7289,7,0.0
1790090883.005685,3,0.024896007031202316,1.0,0.0,275.6820068359375,7309,7,0.0
1790090883.0564215,3,0.02596796676516533,1.0,0.0,276.1297607421875,7318,7,0.007350000087171793
1790090883.1070468,3,0.02682880125939846,1.0,0.0,276.5579528808594,7350,7,0.006299994885921478
1790090883.1579716,3,0.027690649032592773,1.0,0.0,276.992919921875,7365,7,0.0
1790090883.2086608,3,0.02860667183995247,1.0,0.0,277.4609375,7338,7,0.0
1790090883.2597637,3,0.02952311933040619,0.0,0.0,277.89013671875,7278,7,0.0
1790090883.3103237,3,0.03054962307214737,0.0,0.0,277.54791259765625,7231,7,0.0
1790090883.3608053,3,0.03141172230243683,0.0,1.0,277.07232666015625,7169,7,0.0005249999812804163
1790090883.4115698,3,0.03226906806230545,0.0,1.0,274.63128662109375,7016,7,0.00892499927431345
1790090883.4624279,3,0.033175475895404816,0.0,1.0,271.3336181640625,6916,7,0.0
1790090883.5130253,3,0.03401489928364754,0.0,1.0,267.9090270996094,6825,7,0.0
1790090883.56388,3,0.03499911352992058,0.0,1.0,264.65399169921875,6749,7,0.0
1790090883.6146004,3,0.03581787273287773,0.8999999761581421,1.0,261.5679931640625,7137,1,0.0
1790090883.6652906,3,0.036577798426151276,0.0,1.0,258.5970153808594,7121,1,0.0
1790090883.7161474,3,0.03752995282411575,0.0,1.0,255.38771057128906,6993,6,0.0
1790090883.766887,3,0.03841894492506981,0.0,1.0,251.64744567871094,7647,6,0.0
1790090883.8180861,3,0.03919799253344536,0.0,1.0,248.37994384765625,7753,6,0.0
1790090883.8688738,3,0.03996480628848076,0.0,1.0,245.15957641601562,7663,6,0.0
1790090883.919452,3,0.04081881418824196,0.0,1.0,242.0547332763672,7528,6,0.0
1790090883.970079,3,0.041568174958229065,0.0,1.0,238.798828125,7453,6,0.0
1790090884.0208418,3,0.04244377464056015,0.0,1.0,235.51187133789062,7362,6,0.0
1790090884.0714784,3,0.04312764108181,0.0,1.0,232.52392578125,7228,6,0.0
1790090884.1220329,3,0.0438447929918766,0.809999942779541,1.0,229.37026977539062,7469,1,0.0
1790090884.1727383,3,0.0446854867041111,0.0,1.0,226.35971069335938,7576,1,0.0
1790090884.2232938,3,0.04538555443286896,0.0,1.0,223.39122009277344,7334,5,0.0
1790090884.273851,3,0.046078089624643326,0.0,1.0,219.90057373046875,8115,5,0.0
1790090884.3244412,3,0.04684027284383774,0.0,1.0,216.31375122070312,8288,5,0.0
1790090884.3750787,3,0.04750771448016167,0.0,1.0,213.00665283203125,8236,5,0.0
1790090884.425968,3,0.04824645072221756,0.0,1.0,209.9038543701172,8148,5,0.0
1790090884.476717,3,0.04889628291130066,0.0,1.0,206.99078369140625,8029,5,0.0
1790090884.5276928,3,0.04953739792108536,0.0,1.0,204.17166137695312,7900,5,0.0
1790090884.5783596,3,0.050286099314689636,0.0,1.0,200.8307647705078,7780,5,0.0
1790090884.6291382,3,0.0509033203125,0.0,1.0,197.49000549316406,7729,5,0.0
1790090884.679945,3,0.05151299759745598,0.0,1.0,194.41567993164062,7597,5,0.0
1790090884.730795,3,0.0522286482155323,0.5399999618530273,0.9500956535339355,191.58419799804688,7599,1,0.0
1790090884.7815452,3,0.05281843990087509,0.0,1.0,188.9356231689453,7933,1,0.0
1790090884.832436,3,0.053402408957481384,0.0,1.0,186.1560821533203,7595,4,0.0
1790090884.8833032,3,0.05408541113138199,0.0,1.0,183.09249877929688,8273,4,0.0
1790090884.9338732,3,0.0546148419380188,0.0,1.0,179.9126739501953,8249,4,0.0
1790090884.984579,3,0.055274948477745056,0.0,1.0,176.55479431152344,8204,4,0.0
1790090885.0350456,3,0.05578550323843956,0.0,1.0,173.12376403808594,8341,4,0.0
1790090885.0858357,3,0.05631820484995842,0.0,1.0,169.91754150390625,8324,4,0.0
1790090885.1368043,3,0.05691031366586685,0.0,0.9305277466773987,167.07666015625,8174,4,0.0
1790090885.187433,3,0.057428013533353806,0.0,0.8498558402061462,164.51028442382812,7985,4,0.0
1790090885.2380502,3,0.057997170835733414,0.0,1.0,161.58053588867188,7758,4,0.0
1790090885.2886746,3,0.05849706754088402,0.0,0.6170989274978638,158.4361572265625,7741,4,0.0
1790090885.3393416,3,0.059047117829322815,0.0,1.0,155.33714294433594,7650,4,0.0
1790090885.3898969,3,0.0595250241458416,0.0,1.0,152.36224365234375,7502,4,0.0
1790090885.4407754,3,0.06005401536822319,0.0,0.937463104724884,149.5486297607422,7322,4,0.0023360848426818848
1790090885.491828,3,0.0605134516954422,0.0,1.0,146.80545043945312,7197,4,0.022571614012122154
1790090885.542388,3,0.061024487018585205,0.0,1.0,143.9876708984375,7038,4,0.04351301118731499
1790090885.5932817,3,0.06146708130836487,0.0,1.0,141.2174835205078,6914,4,0.06517886370420456
1790090885.6441417,3,0.0619581937789917,0.0,1.0,138.50106811523438,6777,4,0.08758144825696945
1790090885.695021,3,0.062357060611248016,0.0,0.9965987205505371,135.8933563232422,6632,4,0.11072031408548355
1790090885.745846,3,0.06282828748226166,0.0,0.9753096699714661,133.4019012451172,6523,4,0.1345755159854889
1790090885.7968252,3,0.06323890388011932,0.0,0.9624723196029663,131.00389099121094,6393,4,0.15914291143417358
1790090885.847582,3,0.06369289010763168,0.0,0.8773497939109802,128.8401336669922,6298,4,0.16627055406570435
1790090885.8981514,3,0.06408954411745071,0.0,0.9198158383369446,126.58589935302734,6178,4,0.16907213628292084
1790090885.9487576,3,0.0645272359251976,0.0,0.9250035285949707,124.34110260009766,6017,4,0.17195741832256317
1790090885.9992652,3,0.06495627760887146,0.0,0.8919144868850708,122.0545425415039,5910,4,0.1749993860721588
1790090886.049936,3,0.0653296485543251,0.5399999618530273,0.9137278199195862,119.85710144042969,5946,1,0.1780259907245636
1790090886.1005893,3,0.0656745433807373,0.0,0.8818385601043701,117.80290222167969,6351,1,0.1809515357017517
1790090886.151226,3,0.0660800188779831,0.0,0.889746904373169,115.75717163085938,6089,3,0.1839621663093567
1790090886.2019699,3,0.06647735089063644,0.0,0.9564512372016907,113.45648193359375,6747,3,0.1874699741601944
1790090886.252403,3,0.06682339310646057,0.0,0.9511187672615051,111.29315948486328,6801,3,0.19089262187480927
1790090886.3030267,3,0.067184217274189,0.0,0.9185609221458435,108.96865844726562,6706,3,0.194712296128273
1790090886.3538249,3,0.0675155520439148,0.0,0.878699541091919,106.80957794189453,6589,3,0.19839970767498016
1790090886.404534,3,0.06787874549627304,0.0,0.8344966173171997,104.7736587524414,6440,3,0.20200704038143158
1790090886.4552608,3,0.06819776445627213,0.0,0.8324100971221924,102.82415771484375,6283,3,0.20558635890483856
1790090886.5058005,3,0.06854590773582458,0.0,0.8288167715072632,100.9186019897461,6145,3,0.20920976996421814
1790090886.556452,3,0.0688476637005806,0.0,0.8437051177024841,99.04186248779297,6017,3,0.2129054069519043
1790090886.607375,3,0.0691838189959526,0.0,0.8696684837341309,97.14787292480469,5864,3,0.21676979959011078
1790090886.6583576,3,0.0694740042090416,0.0,0.0,95.40525817871094,6024,3,0.22045134007930756
1790090886.7090628,3,0.06979326903820038,0.0,0.0,94.28404998779297,6150,3,0.22288693487644196
1790090886.7595267,3,0.07007388025522232,0.0,0.0,93.37928771972656,6151,3,0.22489190101623535
1790090886.8104768,3,0.07038842141628265,0.0,0.0,92.43706512451172,6110,3,0.22701860964298248
1790090886.8614151,3,0.07064379006624222,0.0,0.0,91.50115966796875,6050,3,0.22917123138904572
1790090886.9123032,3,0.07094845175743103,0.0,0.0,90.57537841796875,5981,3,0.2313411384820938
1790090886.963296,3,0.07121655344963074,0.0,0.0,89.63727569580078,5917,3,0.2335822433233261
1790090887.0139642,3,0.07151269167661667,0.0,0.0,88.69297790527344,5859,3,0.23588241636753082
1790090887.0645294,3,0.07177187502384186,0.0,0.0,87.756103515625,5803,3,0.23820972442626953
1790090887.1154153,3,0.07206215709447861,0.6499999761581421,0.0,87.21508026123047,6041,3,0.23957473039627075
1790090887.1662104,3,0.07231716066598892,0.6499999761581421,0.0,86.95108032226562,6098,3,0.2402465045452118
1790090887.2169495,3,0.07260401546955109,0.6499999761581421,0.0,86.71241760253906,6180,3,0.24085703492164612
1790090887.2674267,3,0.07285745441913605,0.6499999761581421,0.0,86.50660705566406,6056,3,0.2413860559463501
1790090887.3183236,3,0.07316132634878159,0.6499999761581421,0.0,86.30714416503906,6046,3,0.2419009506702423
1790090887.3690443,3,0.07341153174638748,0.6499999761581421,0.0,86.17208099365234,6048,3,0.24225085973739624
1790090887.419553,3,0.07364626228809357,0.6499999761581421,0.0,86.13790893554688,6024,3,0.24233955144882202
1790090887.470407,3,0.07395228743553162,0.8300003409385681,0.0,86.21000671386719,6006,3,0.24215251207351685
1790090887.5212421,3,0.07420969009399414,1.0,0.0,86.48477935791016,6108,3,0.24144229292869568
1790090887.572253,3,0.07449495792388916,1.0,0.0,86.83029174804688,6058,3,0.24055512249469757
1790090887.6228397,3,0.07475093007087708,1.0,0.0,87.27880859375,6159,3,0.23941312730312347
1790090887.6735182,3,0.07500729709863663,1.0,0.0,87.7904052734375,6233,3,0.23812370002269745
1790090887.7244508,3,0.07530295848846436,1.0,0.0,88.34899139404297,6301,3,0.2367316037416458
1790090887.7751973,3,0.07556797564029694,1.0,0.0,88.8837661743164,6411,3,0.2354140281677246
1790090887.825962,3,0.07588666677474976,1.0,0.0,89.3930892944336,6366,3,0.23417271673679352
1790090887.8765755,3,0.07613909244537354,1.0,0.0,89.94731140136719,6473,3,0.2328367829322815
1790090887.927265,3,0.07640881091356277,1.0,0.0,90.5077133178711,6469,3,0.23150135576725006
1790090887.9782364,3,0.07673734426498413,1.0,0.0,90.92168426513672,6420,3,0.23052464425563812
1790090888.0288908,3,0.07701221108436584,1.0,0.0,91.38975524902344,6425,3,0.2294301986694336
1790090888.0796003,3,0.07732325047254562,1.0,0.0,91.8432846069336,6433,3,0.20024767518043518
1790090888.1307533,3,0.0776001513004303,1.0,0.0,92.2657241821289,6561,3,0.03959762677550316
1790090888.1814413,3,0.07788045704364777,1.0,0.0,92.75852966308594,6612,3,0.018184471875429153
1790090888.2320428,3,0.07818131148815155,1.0,0.0,93.42709350585938,6718,3,0.0
1790090888.2834554,3,0.07851787656545639,1.0,0.0,94.2723617553711,6718,3,0.0
1790090888.3341143,3,0.0788038969039917,1.0,0.0,95.25704193115234,6607,3,0.0
1790090888.3848846,3,0.07911191880702972,1.0,0.0,96.2255630493164,6856,3,0.0
1790090888.4355597,3,0.07940802723169327,1.0,0.0,97.33229064941406,6845,3,0.0
1790090888.48643,3,0.07972502708435059,1.0,0.0,98.46702575683594,7089,3,0.009985479526221752
1790090888.5374517,3,0.0800834521651268,1.0,0.0,99.69329833984375,6879,3,0.03402005508542061
1790090888.587974,3,0.08038941025733948,1.0,0.0,100.81484985351562,7179,3,0.06605138629674911
1790090888.6388571,3,0.08072004467248917,1.0,0.0,101.9884033203125,7202,3,0.10110314935445786
1790090888.6894505,3,0.08103391528129578,1.0,0.0,103.01092529296875,7374,3,0.0
1790090888.740015,3,0.08137178421020508,1.0,0.0,104.20536041259766,7367,3,0.0
1790090888.790697,3,0.08171585947275162,1.0,0.0,105.39950561523438,7561,3,0.0
1790090888.8416662,3,0.08206368237733841,1.0,0.0,106.76420593261719,7512,3,0.0
1790090888.892076,3,0.08241579681634903,1.0,0.0,108.16871643066406,7732,3,0.0
1790090888.9430373,3,0.08277302980422974,1.0,0.0,109.4291000366211,7853,3,0.0
1790090888.9939218,3,0.08313567191362381,1.0,0.0,110.770751953125,7909,3,0.0
1790090889.0445187,3,0.08350164443254471,1.0,0.0,112.11865234375,7966,3,0.0
1790090889.0951028,3,0.08387365192174911,1.0,0.0,113.36532592773438,8109,3,0.0
1790090889.1455731,3,0.08422859758138657,1.0,0.0,114.74568939208984,8067,3,0.0
1790090889.1963072,3,0.08460834622383118,1.0,0.0,116.13350677490234,8042,3,0.0
1790090889.2468348,3,0.08499250560998917,1.0,0.0,117.43058013916016,8244,3,0.0
1790090889.2973688,3,0.08538259565830231,1.0,0.0,118.60958862304688,8387,3,0.0
1790090889.3481543,3,0.08577682077884674,1.0,0.0,119.78850555419922,8610,3,0.0
1790090889.3988142,3,0.08615073561668396,1.0,0.0,120.8208236694336,8612,3,0.0
1790090889.4496775,3,0.08655200153589249,1.0,0.0,122.1856689453125,8729,3,0.0
1790090889.500619,3,0.08695802837610245,1.0,0.0,123.54957580566406,8845,3,0.0
1790090889.5514245,3,0.08736705780029297,1.0,0.0,124.91358947753906,8959,3,0.0
1790090889.602314,3,0.08778172731399536,1.0,0.0,126.29914093017578,9045,3,0.0
1790090889.6531923,3,0.08820170909166336,1.0,0.0,127.66651153564453,9130,3,0.0
1790090889.7039351,3,0.088625468313694,1.0,0.0,128.95843505859375,9166,3,0.0
1790090889.7545714,3,0.08902736753225327,1.0,0.0,129.45663452148438,8916,1,0.0
1790090889.8053603,3,0.08945523202419281,1.0,0.0,129.85006713867188,7243,4,0.0
1790090889.8563535,3,0.08993621915578842,1.0,0.0,131.01954650878906,7032,4,0.0
1790090889.9069858,3,0.09037172049283981,1.0,0.0,132.4351348876953,7108,4,0.0
1790090889.9579008,3,0.09078580886125565,1.0,0.0,133.932861328125,7162,4,0.0
1790090890.0085757,3,0.09122973680496216,1.0,0.0,135.3299560546875,7240,4,-0.0055707767605781555
1790090890.059489,3,0.0916530042886734,1.0,0.0,136.8045196533203,7322,4,-0.0289895199239254
1790090890.1105611,3,0.0921066552400589,1.0,0.0,138.27944946289062,7387,4,0.0
1790090890.1615849,3,0.09261955320835114,1.0,0.0,139.75912475585938,7453,4,0.0
1790090890.2121723,3,0.09308373183012009,1.0,0.0,141.22889709472656,7522,4,0.0
1790090890.2629132,3,0.09352681785821915,1.0,0.0,142.66111755371094,7612,4,0.0
1790090890.3138,3,0.09399918466806412,1.0,0.0,144.10565185546875,7688,4,0.0
1790090890.3646266,3,0.09444887936115265,1.0,0.0,145.5435791015625,7759,4,0.0
1790090890.4152308,3,0.09493188560009003,1.0,0.0,146.95826721191406,7846,4,0.0
1790090890.4662077,3,0.0954204797744751,1.0,0.0,148.3740234375,7923,4,0.0
1790090890.5169659,3,0.09588249027729034,1.0,0.0,149.7970428466797,7986,4,0.0
1790090890.5677068,3,0.09646833688020706,1.0,0.0,151.21914672851562,8048,4,0.0
1790090890.6188474,3,0.09694021940231323,1.0,0.0,152.6272735595703,8108,4,0.0
1790090890.6694765,3,0.09744706004858017,1.0,0.0,154.0240936279297,8172,4,0.0
1790090890.7201192,3,0.09795844554901123,1.0,0.0,155.4219512939453,8226,4,0.0
1790090890.7709756,3,0.0984431579709053,1.0,0.0,156.78514099121094,8292,4,0.0
1790090890.8218079,3,0.09896472096443176,1.0,0.0,158.18150329589844,8332,4,0.0
1790090890.872476,3,0.09949015825986862,1.0,0.0,159.43511962890625,8413,4,0.0
1790090890.9231148,3,0.1000174954533577,1.0,0.0,160.73289489746094,8518,4,0.0
1790090890.9740624,3,0.10051947832107544,1.0,0.0,162.02207946777344,8605,4,0.0
1790090891.0249372,3,0.10105674713850021,1.0,0.0,163.3181610107422,8679,4,0.0
1790090891.0763512,3,0.10166239738464355,1.0,0.0,164.60931396484375,8741,4,0.0
1790090891.1270847,3,0.10220878571271896,1.0,0.0,165.9280242919922,8773,4,0.0
1790090891.1776805,3,0.10275989025831223,1.0,0.0,167.22962951660156,8820,4,0.0
1790090891.2285285,3,0.1032826229929924,1.0,0.0,168.52049255371094,8875,4,0.0
1790090891.2793663,3,0.10387305915355682,1.0,0.0,169.7721405029297,8948,4,0.0
1790090891.3303661,3,0.10440414398908615,1.0,0.0,171.0784454345703,8964,4,0.0
1790090891.3813832,3,0.10500465333461761,1.0,0.0,172.312744140625,9057,4,0.0
1790090891.432046,3,0.10554246604442596,1.0,0.0,173.48731994628906,9170,4,0.0
1790090891.4825344,3,0.10611788928508759,1.0,0.0,174.75311279296875,9184,4,0.0
1790090891.5332572,3,0.1066972017288208,1.0,0.0,175.98300170898438,9246,4,0.0
1790090891.5837746,3,0.10727989673614502,1.0,0.0,176.69024658203125,9085,1,0.0
1790090891.6345627,3,0.10786453634500504,1.0,0.0,176.59840393066406,8775,5,0.0
1790090891.6854825,3,0.10841551423072815,1.0,0.0,177.68382263183594,7367,5,0.0
1790090891.7362928,3,0.10900428146123886,1.0,0.0,178.7864990234375,7396,5,0.0
1790090891.787328,3,0.10963250696659088,1.0,0.0,179.89756774902344,7446,5,0.0
1790090891.8381214,3,0.11019284278154373,1.0,0.0,181.0060272216797,7502,5,0.012659743428230286
1790090891.888823,3,0.11079280078411102,1.0,0.0,182.10073852539062,7567,5,0.0
1790090891.9396887,3,0.11139758676290512,1.0,0.0,183.2075653076172,7613,5,0.0
1790090891.9900713,3,0.11200463771820068,1.0,0.0,184.32711791992188,7643,5,0.0
1790090892.0406091,3,0.11261451989412308,1.0,0.0,185.45921325683594,7665,5,0.0
1790090892.091345,3,0.1132296547293663,1.0,0.0,186.55970764160156,7719,5,0.0
1790090892.1421602,3,0.11384761333465576,1.0,0.0,187.65069580078125,7773,5,0.009429649449884892
1790090892.1930482,3,0.11446908116340637,1.0,0.0,188.73757934570312,7820,5,0.0
1790090892.2436771,3,0.11509430408477783,1.0,0.0,189.7875213623047,7841,5,0.0
1790090892.2946508,3,0.11572352796792984,1.0,0.0,190.87771606445312,7886,5,0.0
1790090892.3452053,3,0.11635768413543701,1.0,0.0,191.9537811279297,7936,5,0.0
1790090892.3960705,3,0.11688023805618286,1.0,0.0,193.05337524414062,7955,5,0.0
1790090892.4467018,3,0.11755869537591934,1.0,0.0,194.14141845703125,7991,5,0.0
1790090892.4973354,3,0.11820138245820999,1.0,0.0,195.2010498046875,8047,5,0.0
1790090892.5482144,3,0.11884715408086777,1.0,0.0,196.2479248046875,8101,5,0.0
1790090892.5989406,3,0.11949704587459564,1.0,0.0,197.2898712158203,8150,5,0.0
1790090892.6497633,3,0.12015107274055481,1.0,0.0,198.34512329101562,8179,5,0.0
1790090892.7004032,3,0.12076914310455322,1.0,0.0,199.39060974121094,8214,5,0.0
1790090892.7513006,3,0.12142825871706009,1.0,0.0,200.41244506835938,8265,5,0.00061133096460253
1790090892.8018596,3,0.12209433317184448,1.0,0.0,201.42929077148438,8312,5,0.010930968448519707
1790090892.8527503,3,0.1227603629231453,1.0,0.0,202.44383239746094,8350,5,0.0
1790090892.903719,3,0.12342983484268188,1.0,0.0,203.39869689941406,8383,5,0.0
1790090892.9547267,3,0.1241055503487587,1.0,0.0,204.4787139892578,8399,5,0.0
1790090893.0058882,3,0.12478148937225342,1.0,0.0,205.48056030273438,8432,5,0.0
1790090893.056525,3,0.1254621297121048,1.0,0.0,206.4105682373047,8470,5,0.0
1790090893.1071322,3,0.1261451542377472,1.0,0.0,207.3884735107422,8511,5,0.0
1790090893.157833,3,0.12691400945186615,1.0,0.0,208.3349151611328,8568,5,0.0
1790090893.208515,3,0.12760549783706665,1.0,0.0,209.30995178222656,8591,5,0.0
1790090893.2592766,3,0.1282980889081955,1.0,0.0,210.26028442382812,8633,5,0.0
1790090893.3101697,3,0.1289949268102646,1.0,0.0,211.20498657226562,8674,5,0.009072083979845047
1790090893.3609524,3,0.12969529628753662,1.0,0.0,212.13186645507812,8721,5,0.018034793436527252
1790090893.4121125,3,0.13039842247962952,1.0,0.0,213.05941772460938,8757,5,0.0
1790090893.4630618,3,0.13110467791557312,1.0,0.0,213.99285888671875,8787,5,0.0
1790090893.5137045,3,0.1317717581987381,1.0,0.0,214.90159606933594,8824,5,0.0
1790090893.564283,3,0.13248363137245178,1.0,0.0,215.826416015625,8851,5,0.0
1790090893.6149266,3,0.13319851458072662,1.0,0.0,216.72613525390625,8892,5,0.0
1790090893.6656454,3,0.1338740885257721,1.0,0.0,217.5581512451172,8940,5,0.0
1790090893.7165215,3,0.13459512591362,1.0,0.0,218.46267700195312,8951,5,0.0
1790090893.7674687,3,0.13531914353370667,1.0,0.0,219.35513305664062,8984,5,0.0
1790090893.8184643,3,0.13604573905467987,1.0,0.0,220.22860717773438,9030,5,0.0
1790090893.8691044,3,0.1367325484752655,1.0,0.0,221.0959014892578,9067,5,0.0
1790090893.9200265,3,0.13746434450149536,1.0,0.0,221.95140075683594,9108,5,0.0
1790090893.9708574,3,0.13828666508197784,1.0,0.0,222.82904052734375,9116,5,0.0
1790090894.021921,3,0.13902437686920166,1.0,0.0,223.68531799316406,9149,5,0.0
1790090894.072543,3,0.13972274959087372,1.0,0.0,224.52606201171875,9184,5,0.0
1790090894.1230633,3,0.14046570658683777,1.0,0.0,225.01010131835938,9041,1,0.0
1790090894.1737154,3,0.1412096470594406,1.0,0.0,224.9043426513672,8705,6,0.0
1790090894.2244508,3,0.1419103741645813,1.0,0.0,225.85902404785156,7396,6,0.0
1790090894.2751784,3,0.14265753328800201,1.0,0.0,226.621337890625,7404,6,0.0010499999625608325
1790090894.3258204,3,0.14336392283439636,1.0,0.0,227.37454223632812,7431,6,0.00997499842196703
1790090894.3764253,3,0.14411669969558716,1.0,0.0,228.08680725097656,7449,6,0.018374992534518242
1790090894.4270263,3,0.14487166702747345,1.0,0.0,228.8350830078125,7475,6,0.02729998528957367
1790090894.4779282,3,0.1457187384366989,1.0,0.0,229.55209350585938,7517,6,0.03622499480843544
1790090894.5286736,3,0.1464329957962036,1.0,0.0,230.26321411132812,7542,6,0.03517501801252365
1790090894.5793257,3,0.14719517529010773,1.0,0.0,230.9728546142578,7556,6,0.0
1790090894.6300902,3,0.14795935153961182,1.0,0.0,231.6796875,7562,6,0.0
1790090894.6808195,3,0.14872623980045319,1.0,0.0,232.36744689941406,7580,6,0.006300000008195639
1790090894.7314885,3,0.1494954526424408,1.0,0.0,233.05316162109375,7605,6,0.015224994160234928
1790090894.7821596,3,0.15022128820419312,1.0,0.0,233.72898864746094,7639,6,0.02414998784661293
1790090894.8329334,3,0.1509939432144165,1.0,0.0,234.400390625,7665,6,0.033074986189603806
1790090894.883744,3,0.15176908671855927,1.0,0.0,235.08724975585938,7685,6,0.0
1790090894.9345274,3,0.15250161290168762,1.0,0.0,235.7178192138672,7722,6,0.0
1790090894.9850736,3,0.1532813310623169,1.0,0.0,236.40443420410156,7741,6,0.0
1790090895.0358112,3,0.15415611863136292,1.0,0.0,237.09983825683594,7754,6,0.0
1790090895.0868077,3,0.1549394726753235,1.0,0.0,237.78311157226562,7787,6,0.0
1790090895.1377022,3,0.15568052232265472,1.0,0.0,238.48043823242188,7802,6,0.0
1790090895.1885746,3,0.1564696580171585,1.0,0.0,239.17872619628906,7817,6,0.0015749998856335878
1790090895.2392004,3,0.15721437335014343,1.0,0.0,239.86949157714844,7837,6,0.01049999799579382
1790090895.290168,3,0.1581011414527893,1.0,0.0,240.57330322265625,7841,6,0.01942499168217182
1790090895.341159,3,0.1588502824306488,1.0,0.0,241.25099182128906,7869,6,0.0
1790090895.391811,3,0.15964984893798828,1.0,0.0,241.9299774169922,7898,6,0.0
1790090895.4424598,3,0.160402312874794,1.0,0.0,242.587158203125,7944,6,0.0
1790090895.493119,3,0.16120585799217224,1.0,0.0,243.2659454345703,7956,6,0.0
1790090895.543873,3,0.16196154057979584,1.0,0.0,243.94813537597656,7975,6,0.006300000008195639
1790090895.5945315,3,0.16276924312114716,1.0,0.0,244.59262084960938,7969,6,0.014699994586408138
1790090895.6455407,3,0.16357821226119995,1.0,0.0,245.25851440429688,7988,6,0.0
1790090895.6963654,3,0.16438981890678406,1.0,0.0,245.9183807373047,8017,6,0.0
1790090895.7473352,3,0.16529881954193115,1.0,0.0,246.5605010986328,8060,6,0.0
1790090895.7979932,3,0.16611400246620178,1.0,0.0,247.19349670410156,8103,6,0.0
1790090895.8486924,3,0.1668846607208252,1.0,0.0,247.8645782470703,8095,6,0.0
1790090895.8995786,3,0.16770398616790771,1.0,0.0,248.52935791015625,8101,6,0.0
1790090895.9503474,3,0.16847681999206543,1.0,0.0,249.18609619140625,8118,6,0.0
1790090896.0012767,3,0.16925352811813354,1.0,0.0,249.8217315673828,8150,6,0.0
1790090896.0520918,3,0.1700783520936966,1.0,0.0,250.44943237304688,8189,6,0.0
1790090896.102817,3,0.17105312645435333,1.0,0.0,251.07907104492188,8219,6,0.0
1790090896.1538494,3,0.1718350648880005,1.0,0.0,251.7095489501953,8242,6,0.0
1790090896.2044752,3,0.17266829311847687,1.0,0.0,252.3793487548828,8224,6,0.0
1790090896.2552204,3,0.17350272834300995,1.0,0.0,253.02090454101562,8233,6,0.0
1790090896.3059926,3,0.17433997988700867,1.0,0.0,253.65286254882812,8249,6,0.0
1790090896.3567123,3,0.175128772854805,1.0,0.0,254.2757568359375,8269,6,0.0
1790090896.4074962,3,0.17596875131130219,1.0,0.0,254.84820556640625,8297,6,0.0
1790090896.4582467,3,0.17681102454662323,1.0,0.0,255.44789123535156,8340,6,0.0
1790090896.5093129,3,0.1776573359966278,1.0,0.0,256.0318603515625,8387,6,0.0
1790090896.5601673,3,0.1784524917602539,1.0,0.0,256.6349182128906,8405,6,0.0
1790090896.6106634,3,0.1793021261692047,1.0,0.0,257.2579650878906,8395,6,0.0
1790090896.6611447,3,0.18015334010124207,1.0,0.0,257.8816833496094,8398,6,0.0
1790090896.7117617,3,0.1809546798467636,1.0,0.0,258.4896545410156,8413,6,0.0
1790090896.7623599,3,0.1818106323480606,1.0,0.0,259.0813293457031,8445,6,0.0
1790090896.8134365,3,0.18266642093658447,1.0,0.0,259.66717529296875,8468,6,0.0
1790090896.8639498,3,0.18352404236793518,1.0,0.0,260.26348876953125,8483,6,0.0
1790090896.9148662,3,0.1844891905784607,1.0,0.0,260.82098388671875,8494,6,0.0
1790090896.9657123,3,0.18535149097442627,1.0,0.0,261.4401550292969,8514,6,0.0
1790090897.0167546,3,0.18621456623077393,1.0,0.0,262.0223083496094,8533,6,0.0
1790090897.067512,3,0.18708154559135437,1.0,0.0,262.5570373535156,8557,6,0.0
1790090897.1180763,3,0.1879510134458542,1.0,0.0,263.1412048339844,8564,6,0.0
1790090897.1688297,3,0.18877187371253967,1.0,0.0,263.7084655761719,8592,6,0.0
1790090897.2194245,3,0.1896457076072693,1.0,0.0,264.26312255859375,8626,6,0.0
1790090897.2699728,3,0.19052428007125854,1.0,0.0,264.8099060058594,8665,6,0.0
1790090897.320693,3,0.1913486123085022,1.0,0.0,265.3969421386719,8655,6,0.0
1790090897.3717258,3,0.19222721457481384,1.0,0.0,265.9765930175781,8662,6,0.0
1790090897.4223661,3,0.1931096762418747,1.0,0.0,266.54742431640625,8663,6,-0.0057749999687075615
1790090897.4729714,3,0.19399075210094452,1.0,0.0,267.10791015625,8667,6,-0.014699994586408138
1790090897.523743,3,0.19482441246509552,1.0,0.0,267.6221618652344,8680,6,-0.02309998869895935
1790090897.5745714,3,0.19581274688243866,1.0,0.0,268.1492919921875,8710,6,0.0
1790090897.625607,3,0.1967054009437561,1.0,0.0,268.67095947265625,8743,6,0.0
1790090897.676601,3,0.19759610295295715,1.0,0.0,269.1947937011719,8774,6,0.0
1790090897.727373,3,0.19843612611293793,1.0,0.0,269.71136474609375,8802,6,0.0
1790090897.778169,3,0.1993299275636673,1.0,0.0,270.2483215332031,8793,6,-0.0057749999687075615
1790090897.8290236,3,0.20022396743297577,1.0,0.0,270.7852783203125,8789,6,-0.004724995233118534
1790090897.8795996,3,0.20106907188892365,1.0,0.0,271.29547119140625,8802,6,0.0
1790090897.9305437,3,0.2019662708044052,1.0,0.0,271.8089599609375,8825,6,0.0
1790090897.9810483,3,0.20281930267810822,1.0,0.0,272.3006896972656,8867,6,0.0
1790090898.031783,3,0.20372310280799866,1.0,0.0,272.7882385253906,8895,6,-0.004724999889731407
1790090898.0822883,3,0.20479047298431396,1.0,0.0,273.3201904296875,8866,6,-0.013649995438754559
1790090898.1330016,3,0.20564337074756622,1.0,0.0,273.805908203125,8888,6,0.0
1790090898.1836338,3,0.2065533846616745,1.0,0.0,274.2709655761719,8903,6,0.0
1790090898.234279,3,0.20746393501758575,1.0,0.0,274.7474060058594,8937,6,-0.0015749998856335878
1790090898.2850075,3,0.20832329988479614,1.0,0.0,275.2033386230469,8979,6,-0.01049999799579382
1790090898.3360412,3,0.20923404395580292,1.0,0.0,275.6962890625,8962,6,-0.01942499168217182
1790090898.3868392,3,0.21014904975891113,1.0,0.0,276.1675109863281,8953,6,-0.02834998443722725
1790090898.4374733,3,0.21106593310832977,1.0,0.0,276.1083984375,8723,1,-0.03727499768137932
1790090898.4880455,3,0.21198000013828278,1.0,0.0,275.9517517089844,8190,7,0.0
1790090898.538888,3,0.212837353348732,1.0,0.0,276.3594665527344,7307,7,0.0
1790090898.5895178,3,0.21375355124473572,1.0,0.0,276.7014465332031,7332,7,-0.006300000008195639
1790090898.64043,3,0.21466727554798126,1.0,0.0,277.054931640625,7366,7,-0.015224994160234928
1790090898.6908786,3,0.21558620035648346,1.0,0.0,277.3825988769531,7404,7,-0.02414998784661293
1790090898.741617,3,0.2165033519268036,1.0,0.0,277.7325134277344,7371,7,-0.032549984753131866
1790090898.7924511,3,0.21742314100265503,1.0,0.0,278.07061767578125,7366,7,-0.04147500917315483
1790090898.8428485,3,0.2182893604040146,1.0,0.0,278.37554931640625,7390,7,-0.050400033593177795
1790090898.8934784,3,0.21920831501483917,1.0,0.0,278.6480407714844,7417,7,0.0
1790090898.944316,3,0.22013142704963684,1.0,0.0,278.95892333984375,7410,7,0.0
1790090898.9951732,3,0.2210538685321808,1.0,0.0,279.2524719238281,7396,7,-0.00892499927431345
1790090899.0459142,3,0.22197695076465607,1.0,0.0,279.5071716308594,7404,7,-0.017849992960691452
1790090899.0966809,3,0.2229001522064209,1.0,0.0,279.7633361816406,7406,7,-0.02677498571574688
1790090899.147328,3,0.22382472455501556,1.0,0.0,280.03173828125,7417,7,-0.0356999933719635
1790090899.1981318,3,0.22469517588615417,1.0,0.0,280.2980651855469,7443,7,-0.044625017791986465
1790090899.2489097,3,0.2256201207637787,1.0,0.0,280.5513916015625,7446,7,-0.05355004221200943
1790090899.2996805,3,0.22654776275157928,1.0,0.0,280.78326416015625,7442,7,-0.062475066632032394
1790090899.3505912,3,0.22747524082660675,1.0,0.0,280.94439697265625,7460,7,-0.07087503373622894
1790090899.4010859,3,0.22840219736099243,1.0,0.0,281.0863952636719,7472,7,-0.07846178859472275
1790090899.4518435,3,0.22938349843025208,1.0,0.0,281.1840515136719,7481,7,-0.07843521982431412
1790090899.5027819,3,0.2303139716386795,1.0,0.0,281.2403869628906,7491,7,-0.07841990888118744
1790090899.5534616,3,0.23123900592327118,1.0,0.0,281.2786865234375,7497,7,0.0
1790090899.604355,3,0.23216880857944489,1.0,0.0,281.34136962890625,7547,7,0.0
1790090899.6549294,3,0.2331513613462448,1.0,0.0,281.4588623046875,7511,7,-0.00787500012665987
1790090899.7055867,3,0.23391495645046234,1.0,0.0,281.51568603515625,7482,7,-0.016799993813037872
1790090899.7569807,3,0.2350078523159027,1.0,0.0,281.553466796875,7488,7,-0.0257249865680933
1790090899.8079877,3,0.23588238656520844,1.0,0.0,281.6216125488281,7485,7,-0.03464999049901962
1790090899.8589385,3,0.23681190609931946,1.0,0.0,281.7165832519531,7492,7,-0.04357501491904259
1790090899.910012,3,0.23768606781959534,1.0,0.0,281.8374938964844,7493,7,-0.05250003933906555
1790090899.9611068,3,0.23856140673160553,1.0,0.0,281.9748229980469,7481,7,-0.061425063759088516
1790090900.0118735,3,0.2396039068698883,1.0,0.0,282.11358642578125,7490,7,0.0
1790090900.0627146,3,0.24048012495040894,1.0,0.0,282.31396484375,7495,7,0.0
1790090900.113643,3,0.24141086637973785,1.0,0.0,282.5418701171875,7495,7,0.0
1790090900.1641498,3,0.24228926002979279,1.0,0.0,282.7828369140625,7514,7,0.0
1790090900.2150958,3,0.24333345890045166,1.0,0.0,283.04681396484375,7518,7,-0.0036750000435858965
1790090900.2655907,3,0.24421349167823792,1.0,0.0,283.3221740722656,7487,7,-0.012074996717274189
1790090900.316104,3,0.245094433426857,0.0,0.0,283.3970947265625,7389,7,-0.02099999040365219
1790090900.3670435,3,0.2461397498846054,0.0,0.0,282.8088073730469,7367,7,0.0
1790090900.4176958,3,0.2470705658197403,0.0,0.8435927033424377,280.91693115234375,7175,7,0.0
1790090900.4687076,3,0.24794015288352966,0.0,1.0,278.04046630859375,6986,7,0.0
1790090900.5194511,3,0.24880053102970123,0.0,1.0,274.6337585449219,6859,7,0.0
1790090900.5703437,3,0.2498084306716919,0.0,1.0,271.03765869140625,6839,7,0.0
1790090900.6212366,3,0.25064608454704285,0.0,1.0,267.6053466796875,6810,7,0.0
1790090900.6717906,3,0.25152602791786194,0.0,0.9245383143424988,264.44903564453125,6744,7,0.0
1790090900.7227347,3,0.2523452639579773,0.0,0.7624399662017822,261.84039306640625,6688,7,0.0
1790090900.7731845,3,0.2532069683074951,0.26999998092651367,1.0,259.1529541015625,6549,1,0.0
1790090900.8241777,3,0.2540096938610077,0.0,1.0,255.85813903808594,7086,1,0.0
1790090900.8747125,3,0.25485020875930786,0.0,1.0,252.15432739257812,6786,6,0.0
1790090900.925744,3,0.2557757496833801,0.0,1.0,248.6465301513672,7771,6,0.0
1790090900.9766366,3,0.25659260153770447,0.0,0.8641632199287415,245.4096221923828,7690,6,0.0
1790090901.0271988,3,0.2573530972003937,0.0,0.7694612741470337,242.93673706054688,7621,6,0.0
1790090901.0781026,3,0.2581513524055481,0.0,1.0,240.15708923339844,7451,6,0.0
1790090901.128763,3,0.2588956356048584,0.0,1.0,236.88665771484375,7295,6,0.0
1790090901.1794834,3,0.25967344641685486,0.0,1.0,233.3845977783203,7187,6,0.0
1790090901.2305372,3,0.26052969694137573,0.0,1.0,230.10464477539062,7090,6,0.0
1790090901.2812448,3,0.2612408995628357,0.0,0.9966375827789307,226.9846954345703,7028,6,0.00892499927431345
1790090901.3321905,3,0.26198700070381165,0.0,0.897735059261322,224.21307373046875,6960,6,0.0
1790090901.3827925,3,0.2626805603504181,0.0,1.0,221.42433166503906,6841,6,0.0
1790090901.4333644,3,0.26340875029563904,0.0,1.0,218.33197021484375,7442,1,0.0
1790090901.4840274,3,0.26408252120018005,0.0,1.0,215.10989379882812,7125,1,0.0
1790090901.534625,3,0.26483187079429626,0.0,1.0,211.8983612060547,7963,5,0.0
1790090901.5853148,3,0.2654864192008972,0.0,1.0,208.4535675048828,8015,5,0.0
1790090901.6366403,3,0.26624998450279236,0.0,1.0,205.04722595214844,7884,5,0.0
1790090901.6876533,3,0.2669230103492737,0.0,1.0,201.9487762451172,7846,5,0.0
1790090901.7385712,3,0.26758497953414917,0.0,1.0,198.672607421875,7749,5,0.0
1790090901.7895374,3,0.2682362198829651,0.0,1.0,195.52720642089844,7594,5,0.0
1790090901.84042,3,0.26883938908576965,0.0,1.0,192.4808349609375,7367,5,0.0
1790090901.8909962,3,0.2694709599018097,0.0,0.9444762468338013,189.44760131835938,7225,5,0.0
1790090901.941566,3,0.27005642652511597,0.0,0.9080760478973389,186.6570587158203,7140,5,0.0
1790090901.992414,3,0.2706691324710846,0.8999999761581421,0.9942501187324524,183.85916137695312,7647,1,0.0
1790090902.0432003,3,0.27127334475517273,0.0,1.0,180.8885955810547,7462,1,0.0
1790090902.0941052,3,0.2718327045440674,0.0,1.0,177.89820861816406,7458,4,0.0
1790090902.144922,3,0.2725192904472351,0.0,1.0,174.4923095703125,8097,4,0.0017071496695280075
1790090902.195451,3,0.273056298494339,0.0,1.0,171.13607788085938,8237,4,0.01657225750386715
1790090902.246091,3,0.2736172080039978,0.0,1.0,168.0697479248047,8100,4,0.021672207862138748
1790090902.2965739,3,0.27413731813430786,0.0,1.0,165.2754669189453,7991,4,0.0
1790090902.3473792,3,0.2746772766113281,0.0,1.0,162.22592163085938,7920,4,0.0
1790090902.3982902,3,0.2752099335193634,0.0,1.0,159.21604919433594,7765,4,0.0
1790090902.4487875,3,0.27570122480392456,0.0,1.0,156.09214782714844,7633,4,0.0
1790090902.4993815,3,0.2762129604816437,0.0,1.0,152.99755859375,7521,4,0.0
1790090902.549927,3,0.276684433221817,0.0,1.0,150.02125549316406,7354,4,0.0
1790090902.60075,3,0.27717816829681396,0.0,0.991976261138916,147.1817626953125,7172,4,0.0
1790090902.6516826,3,0.2777453064918518,0.0,1.0,144.25624084472656,7774,1,0.019650986418128014
1790090902.702607,3,0.2781897485256195,0.0,1.0,141.50160217285156,7441,1,0.041244011372327805
1790090902.7533092,3,0.27865272760391235,0.0,0.9304783344268799,138.71363830566406,7865,3,0.0635828748345375
1790090902.803949,3,0.2791072428226471,0.0,1.0,135.82041931152344,8619,3,0.0866982564330101
1790090902.8548925,3,0.2795260548591614,0.0,1.0,133.02540588378906,8472,3,0.11063335090875626
1790090902.9056985,3,0.27996116876602173,0.0,1.0,130.30770874023438,8359,3,0.1339053362607956
1790090902.9563456,3,0.28038737177848816,0.0,0.9906313419342041,127.65401458740234,8211,3,0.15943878889083862
1790090903.0070415,3,0.28078076243400574,0.0,0.921960175037384,125.13450622558594,8062,3,0.17092645168304443
1790090903.0576131,3,0.28119197487831116,0.0,1.0,122.77629089355469,7907,3,0.17402763664722443
1790090903.1081262,3,0.2815934717655182,0.0,0.9112504720687866,120.3879165649414,7688,3,0.1772853285074234
1790090903.1589792,3,0.28198865056037903,0.0,0.8929008841514587,118.00440979003906,7611,3,0.18066030740737915
1790090903.2095106,3,0.28234976530075073,0.0,0.8737546801567078,115.81684875488281,7427,3,0.18387290835380554
1790090903.260502,3,0.2827308177947998,0.0,0.8740202188491821,113.60681915283203,7283,3,0.18723668158054352
1790090903.311461,3,0.2831045389175415,0.0,0.8349261283874512,111.44571685791016,7134,3,0.19064714014530182
1790090903.3620996,3,0.2834912836551666,0.0,0.8427413702011108,109.36280059814453,6991,3,0.19405391812324524
1790090903.4128373,3,0.2838544249534607,0.0,0.9133133292198181,107.20134735107422,6794,3,0.19772028923034668
1790090903.4637468,3,0.28421005606651306,0.0,0.9031818509101868,104.9632568359375,6627,3,0.20166555047035217
1790090903.5142813,3,0.284560889005661,0.675000011920929,0.9081902503967285,102.82650756835938,6771,1,0.20558199286460876
1790090903.56474,3,0.28490719199180603,0.0,0.8764953017234802,100.7144546508789,7048,1,0.20960552990436554
1790090903.6154594,3,0.2852477431297302,0.0,0.8381079435348511,98.70097351074219,6777,2,0.21359075605869293
1790090903.6658618,3,0.2855810821056366,0.0,0.838687002658844,96.44292449951172,7554,2,0.21824420988559723
1790090903.7168355,3,0.2859116494655609,0.0,0.8920496702194214,94.1924819946289,8071,2,0.22308820486068726
1790090903.7674947,3,0.28623226284980774,0.0,0.8692299723625183,92.06282043457031,7954,2,0.2278745174407959
1790090903.818298,3,0.28655189275741577,0.0,0.9097927212715149,89.94857788085938,7758,2,0.23283374309539795
1790090903.8688629,3,0.286844402551651,0.0,0.9083048105239868,87.85570526123047,7552,2,0.2379601150751114
1790090903.9193425,3,0.2871509790420532,0.0,0.9153923392295837,85.89449310302734,7436,2,0.242973193526268
1790090903.9700003,3,0.2874484062194824,0.0,0.8569267988204956,83.82292938232422,7208,2,0.2485029548406601
1790090904.0207193,3,0.28773874044418335,0.0,0.7945044636726379,81.857177734375,7080,2,0.2539881467819214
1790090904.0715725,3,0.28799986839294434,0.0,0.823050320148468,79.90504455566406,6894,2,0.2596803307533264
1790090904.1224663,3,0.2882670760154724,0.0,0.8195431232452393,77.99756622314453,6686,2,0.26549428701400757
1790090904.1729355,3,0.2885285019874573,0.0,0.7989395260810852,76.14981842041016,6510,2,0.27137991786003113
1790090904.2237587,3,0.2887828052043915,0.0,0.8341233730316162,74.27854919433594,6363,2,0.2776125371456146
1790090904.274285,3,0.2890251576900482,0.0,0.8859208226203918,72.39598846435547,6184,2,0.2841784954071045
1790090904.3249469,3,0.28924787044525146,0.0,0.9068651795387268,70.49576568603516,6024,2,0.2911287248134613
1790090904.375392,3,0.28947365283966064,0.0,0.825435996055603,68.73870086669922,5890,2,0.2978648245334625
1790090904.4264963,3,0.2896907925605774,0.0,0.8846433162689209,66.86080932617188,5720,2,0.3054175078868866
1790090904.4773867,3,0.2899245023727417,0.0,0.0,64.85498809814453,5581,2,0.3139195144176483
1790090904.5283322,3,0.2901255488395691,0.0,0.0,63.29472732543945,5712,2,0.32086750864982605
1790090904.57893,3,0.29030799865722656,0.0,0.0,62.04261016845703,5756,2,0.3266697824001312
1790090904.6295485,3,0.29049718379974365,0.0,0.0,60.90453338623047,5723,2,0.332128643989563
1790090904.680427,3,0.29067981243133545,0.0,0.0,59.8205680847168,5656,2,0.3375003933906555
1790090904.7312076,3,0.29085060954093933,0.0,0.0,58.75564956665039,5582,2,0.34294965863227844
1790090904.7820902,3,0.2910192012786865,0.0,0.0,57.7732048034668,5503,2,0.3481352925300598
1790090904.8329802,3,0.29122260212898254,0.0,0.0,56.853275299072266,5423,2,0.35313522815704346
1790090904.884243,3,0.2913796007633209,0.0,0.0,55.93571090698242,5346,2,0.3582674264907837
1790090904.9349825,3,0.2915460169315338,0.0,0.0,55.0430908203125,5279,2,0.3634052574634552
1790090904.9855456,3,0.29170048236846924,0.0,0.0,54.2060661315918,5213,2,0.3683588206768036
1790090905.0362575,3,0.2918493151664734,0.0,0.0,53.39788055419922,5150,2,0.3732715845108032
1790090905.0869596,3,0.2920229434967041,0.0,0.0,52.64897155761719,5078,2,0.3779424726963043
1790090905.1375606,3,0.29217198491096497,0.0,0.0,52.00006103515625,5019,2,0.3820851743221283
1790090905.1886125,3,0.29232069849967957,0.19199998676776886,0.0,51.44145965576172,5052,2,0.385724812746048
1790090905.2392342,3,0.2924709618091583,0.3959999084472656,0.0,51.33835983276367,5131,2,0.38640421628952026
1790090905.2898054,3,0.2926107943058014,0.0,0.0,51.466400146484375,5008,2,0.3855608403682709
1790090905.3409233,3,0.2927631437778473,0.0,0.0,51.0856819152832,4930,2,0.38807931542396545
1790090905.3916755,3,0.29293403029441833,0.0,0.0,50.5771598815918,4872,2,0.3914949595928192
1790090905.442564,3,0.2930727005004883,0.0,0.0,50.020118713378906,4821,2,0.39530616998672485
1790090905.4934561,3,0.29320815205574036,0.0,0.0,49.4628791809082,4769,2,0.39919373393058777
1790090905.5440288,3,0.2933494746685028,0.0,0.0,48.91150665283203,4713,2,0.403116375207901
1790090905.5948164,3,0.2935052514076233,0.0,0.0,48.35890579223633,4660,2,0.407125860452652
1790090905.6453886,3,0.2936439514160156,0.024000000208616257,0.0,47.80793762207031,4610,2,0.4112037122249603
1790090905.6959426,3,0.29377585649490356,0.2279999703168869,0.0,47.3931999206543,4682,2,0.41432756185531616
1790090905.7469282,3,0.2939359247684479,0.43199989199638367,0.0,47.364524841308594,4677,2,0.41454529762268066
1790090905.7977748,3,0.2940741777420044,0.6360001564025879,0.0,47.50099182128906,4754,2,0.41351109743118286
1790090905.8485851,3,0.2942064106464386,0.828000545501709,0.0,47.73965072631836,4772,2,0.4117148220539093
1790090905.8992457,3,0.29436546564102173,0.9600008130073547,0.0,48.06168746948242,4898,2,0.4093154966831207
1790090905.9501731,3,0.29449814558029175,1.0,0.0,48.46246337890625,5025,2,0.4063684046268463
1790090906.0008943,3,0.2946375012397766,1.0,0.0,48.8094367980957,4986,2,0.4038510322570801
1790090906.0515351,3,0.29480046033859253,0.9879999756813049,0.0,49.14509963989258,4946,2,0.4014451503753662
1790090906.1020658,3,0.29493752121925354,1.0,0.0,49.505496978759766,4888,2,0.2965134084224701
1790090906.1529007,3,0.29507896304130554,0.9879999756813049,0.0,49.99380111694336,5022,2,0.13586340844631195
1790090906.2035847,3,0.295240581035614,1.0,0.0,50.710472106933594,5279,2,0.0
1790090906.2543626,3,0.2953788936138153,1.0,0.0,51.55242156982422,5486,2,0.0
1790090906.3051615,3,0.2955564856529236,1.0,0.0,52.8383674621582,5313,2,0.0
1790090906.355765,3,0.29569900035858154,1.0,0.0,54.203147888183594,5494,2,0.0
1790090906.4065397,3,0.2958817780017853,1.0,0.0,55.651126861572266,5856,2,0.015862256288528442
1790090906.4575489,3,0.29604804515838623,1.0,0.0,57.17072677612305,5610,2,0.053932614624500275
1790090906.508142,3,0.2962415814399719,1.0,0.0,58.5123291015625,5707,2,0.09142252057790756
1790090906.5590224,3,0.29641690850257874,1.0,0.0,59.72874450683594,5997,2,0.12836335599422455
1790090906.610211,3,0.29663336277008057,1.0,0.0,60.843814849853516,6326,2,0.16483139991760254
1790090906.6609771,3,0.2968074083328247,1.0,0.0,61.82619094848633,6139,2,0.20088264346122742
1790090906.7118168,3,0.29703134298324585,1.0,0.0,62.636146545410156,6076,2,0.236592099070549
1790090906.762531,3,0.2972240447998047,1.0,0.0,63.25376892089844,6231,2,0.2720208168029785
1790090906.813023,3,0.29741838574409485,1.0,0.0,63.79978942871094,6398,2,0.12289795279502869
1790090906.863798,3,0.2976524233818054,1.0,0.0,64.47542572021484,6538,2,0.0
1790090906.9147015,3,0.2978520095348358,1.0,0.0,65.33365631103516,6803,2,0.0
1790090906.9652386,3,0.29805538058280945,1.0,0.0,66.55670166015625,6736,2,0.0
1790090907.0161157,3,0.2982892096042633,1.0,0.0,67.92276763916016,6864,2,0.0
1790090907.0666938,3,0.29850271344184875,1.0,0.0,69.2871322631836,7116,2,0.0
1790090907.1174502,3,0.29871994256973267,1.0,0.0,70.52825164794922,7328,2,0.0
1790090907.168302,3,0.29898321628570557,1.0,0.0,71.98168182373047,7274,2,0.02087797224521637
1790090907.2190154,3,0.2992134690284729,1.0,0.0,73.32981872558594,7395,2,0.05275883898139
1790090907.269816,3,0.2994735538959503,1.0,0.0,74.68463134765625,7743,2,0.08417599648237228
1790090907.3206358,3,0.29971060156822205,1.0,0.0,76.05245208740234,7705,2,0.11513318866491318
1790090907.371129,3,0.2999516725540161,1.0,0.0,77.33707427978516,7687,2,0.044499464333057404
1790090907.4218216,3,0.3002259433269501,1.0,0.0,78.536865234375,7764,2,0.0
1790090907.4726496,3,0.3004717230796814,1.0,0.0,79.78633117675781,8232,2,0.0
1790090907.5233276,3,0.30077260732650757,1.0,0.0,81.15116882324219,8158,2,0.0
1790090907.5740442,3,0.3010275661945343,1.0,0.0,82.62005615234375,8458,2,0.0
1790090907.6250002,3,0.30128833651542664,1.0,0.0,84.09602355957031,8660,2,0.0
1790090907.675872,3,0.30158624053001404,1.0,0.0,85.36788940429688,8494,2,0.0
1790090907.7270124,3,0.3018549978733063,1.0,0.0,86.7464370727539,8734,2,0.0
1790090907.7778006,3,0.30212825536727905,1.0,0.0,88.21891784667969,9088,2,0.0
1790090907.8284814,3,0.30243998765945435,1.0,0.0,88.55018615722656,8942,1,0.0
1790090907.879297,3,0.30271950364112854,0.9279998540878296,0.0,89.31642150878906,7030,3,0.0
1790090907.9298658,3,0.3030508756637573,1.0,0.0,90.72747039794922,6483,3,0.0
1790090907.98085,3,0.3033199608325958,1.0,0.0,92.27342224121094,6629,3,0.0
1790090908.0316634,3,0.30366551876068115,1.0,0.0,93.87433624267578,6610,3,0.0
1790090908.0825763,3,0.3039410412311554,1.0,0.0,95.3182144165039,6640,3,0.023723363876342773
1790090908.1333556,3,0.3042767345905304,1.0,0.0,96.6518325805664,6762,3,0.048569969832897186
1790090908.184101,3,0.30458053946495056,1.0,0.0,98.00751495361328,6948,3,0.0
1790090908.2349894,3,0.30492547154426575,1.0,0.0,99.35195922851562,7145,3,0.0
1790090908.2859576,3,0.30525583028793335,1.0,0.0,100.7291030883789,7186,3,0.0
1790090908.3365808,3,0.3055717647075653,1.0,0.0,102.16937255859375,7181,3,0.0
1790090908.3874469,3,0.3059135973453522,1.0,0.0,103.69364929199219,7405,3,0.0
1790090908.4381533,3,0.3062590956687927,1.0,0.0,105.25076293945312,7573,3,0.029853858053684235
1790090908.4886897,3,0.30663007497787476,1.0,0.0,106.77546691894531,7569,3,0.06313855946063995
1790090908.5393894,3,0.3069842755794525,1.0,0.0,108.18558502197266,7722,3,0.09395232051610947
1790090908.5900087,3,0.30730125308036804,1.0,0.0,109.73895263671875,7652,3,0.0
1790090908.6405842,3,0.30768969655036926,1.0,0.0,111.20630645751953,7890,3,0.0
1790090908.6912627,3,0.30805957317352295,1.0,0.0,112.64250183105469,7921,3,0.0
1790090908.7418897,3,0.3084346354007721,1.0,0.0,113.91182708740234,8088,3,0.0
1790090908.7926188,3,0.30876925587654114,1.0,0.0,115.31204223632812,8097,3,0.0
1790090908.8434947,3,0.309175044298172,1.0,0.0,116.80451965332031,8249,3,0.0
1790090908.8942695,3,0.3095632493495941,1.0,0.0,118.31324768066406,8366,3,0.0
1790090908.944945,3,0.30995744466781616,1.0,0.0,119.88916778564453,8496,3,0.0
1790090908.9958124,3,0.31037935614585876,1.0,0.0,121.38514709472656,8700,3,0.0
1790090909.046595,3,0.3107793927192688,1.0,0.0,122.75199890136719,8805,3,0.0
1790090909.0975964,3,0.311191588640213,1.0,0.0,124.21536254882812,8902,3,0.0
1790090909.1485054,3,0.3115588426589966,1.0,0.0,125.69486236572266,8976,3,0.0
1790090909.1994271,3,0.3119753301143646,1.0,0.0,127.16558074951172,9044,3,0.0
1790090909.2500935,3,0.31242212653160095,1.0,0.0,128.73793029785156,9187,3,0.007541189435869455
1790090909.3008928,3,0.3128494322299957,1.0,0.0,130.310791015625,9137,3,0.03286483883857727
1790090909.3515346,3,0.3133103549480438,1.0,0.0,131.6207733154297,9103,3,0.035951342433691025
1790090909.4021015,3,0.3137507736682892,1.0,0.0,132.66583251953125,9194,3,0.0
1790090909.4529288,3,0.3141897916793823,1.0,0.0,133.58334350585938,9216,3,0.0
1790090909.5037026,3,0.3145817220211029,1.0,0.0,133.71853637695312,9333,4,0.0
1790090909.5546138,3,0.31502124667167664,1.0,0.0,134.55288696289062,7018,4,0.0
1790090909.6054099,3,0.31547167897224426,1.0,0.0,135.845703125,7214,4,0.0
1790090909.6561482,3,0.31595027446746826,1.0,0.0,137.340576171875,7283,4,0.0
1790090909.7070942,3,0.3164050579071045,1.0,0.0,138.8544158935547,7365,4,0.004002035595476627
1790090909.757689,3,0.3168680667877197,1.0,0.0,140.34188842773438,7482,4,0.026439541950821877
1790090909.8084214,3,0.31733694672584534,1.0,0.0,141.6100616455078,7546,4,0.047202564775943756
1790090909.858959,3,0.31780382990837097,1.0,0.0,142.6539306640625,7684,4,0.0
1790090909.9098217,3,0.31828463077545166,1.0,0.0,143.95506286621094,7722,4,0.0
1790090909.9609036,3,0.3187061548233032,1.0,0.0,145.5092010498047,7716,4,0.0
1790090910.0115287,3,0.31918859481811523,1.0,0.0,147.03688049316406,7744,4,0.0
1790090910.0623562,3,0.3197063207626343,1.0,0.0,148.55056762695312,7797,4,0.0
1790090910.1132185,3,0.3202040493488312,1.0,0.0,150.01206970214844,7906,4,0.0
1790090910.1638806,3,0.32069993019104004,1.0,0.0,151.37457275390625,8080,4,0.0
1790090910.2145548,3,0.32120755314826965,1.0,0.0,152.6821746826172,8115,4,0.0
1790090910.2654223,3,0.32171404361724854,1.0,0.0,153.86314392089844,8237,4,0.0
1790090910.3165288,3,0.32226020097732544,1.0,0.0,155.1080322265625,8279,4,0.0
1790090910.3670702,3,0.3226841986179352,1.0,0.0,156.55455017089844,8296,4,0.0
1790090910.417626,3,0.3232341408729553,1.0,0.0,157.91635131835938,8330,4,0.0
1790090910.4684346,3,0.3237614929676056,1.0,0.0,159.32798767089844,8402,4,0.0
1790090910.5190337,3,0.32432255148887634,1.0,0.0,160.68202209472656,8500,4,0.0
1790090910.5696247,3,0.32479363679885864,1.0,0.0,162.05715942382812,8569,4,0.0
1790090910.620525,3,0.3253335952758789,1.0,0.0,163.3882598876953,8662,4,0.0
1790090910.6710517,3,0.32590728998184204,1.0,0.0,164.7391357421875,8730,4,0.001935429871082306
1790090910.7216437,3,0.3264571726322174,1.0,0.0,166.07484436035156,8793,4,0.01823393814265728
1790090910.772542,3,0.327041894197464,1.0,0.0,167.42568969726562,8843,4,0.023871134966611862
1790090910.8234124,3,0.3274993300437927,1.0,0.0,168.73532104492188,8929,4,0.0
1790090910.8744357,3,0.3280901312828064,1.0,0.0,170.0279541015625,9006,4,0.0
1790090910.9249942,3,0.32865580916404724,1.0,0.0,171.35598754882812,9049,4,0.0
1790090910.9755769,3,0.3292571008205414,1.0,0.0,172.57211303710938,9114,4,0.0
1790090911.0262866,3,0.3298320770263672,1.0,0.0,173.8732147216797,9170,4,0.0
1790090911.0770853,3,0.3304104804992676,1.0,0.0,175.16757202148438,9223,4,0.0
1790090911.127933,3,0.3309953808784485,1.0,0.0,176.34083557128906,9230,4,0.0
1790090911.178738,3,0.33151012659072876,1.0,0.0,177.26971435546875,9157,1,0.0
1790090911.2292385,3,0.3320980370044708,1.0,0.0,177.18145751953125,9161,5,0.0
1790090911.2800114,3,0.33271846175193787,1.0,0.0,178.31918334960938,7390,5,0.0
1790090911.3306596,3,0.33331164717674255,1.0,0.0,179.48353576660156,7419,5,0.0
1790090911.3812697,3,0.33390510082244873,1.0,0.0,180.65379333496094,7471,5,0.0
1790090911.431903,3,0.3344337046146393,1.0,0.0,181.81573486328125,7534,5,0.010169301182031631
1790090911.482908,3,0.3350355625152588,1.0,0.0,182.9741668701172,7598,5,0.023294173181056976
1790090911.5336628,3,0.33567866683006287,1.0,0.0,184.05564880371094,7659,5,0.03546995297074318
1790090911.5842676,3,0.3362880051136017,1.0,0.0,185.18373107910156,7735,5,0.04822303727269173
1790090911.63494,3,0.33690059185028076,1.0,0.0,186.3451690673828,7757,5,0.0
1790090911.6858118,3,0.3375205099582672,1.0,0.0,187.4925537109375,7810,5,0.0
1790090911.736566,3,0.33814188838005066,1.0,0.0,188.64227294921875,7840,5,0.0
1790090911.7871726,3,0.33876579999923706,1.0,0.0,189.81524658203125,7849,5,0.006338892038911581
1790090911.8378646,3,0.3394327163696289,1.0,0.0,190.93748474121094,7904,5,0.01817784085869789
1790090911.8884387,3,0.3399916887283325,1.0,0.0,192.0704803466797,7954,5,0.02984333038330078
1790090911.9393687,3,0.34062808752059937,1.0,0.0,193.1739044189453,8001,5,0.0
1790090911.9905064,3,0.34126803278923035,1.0,0.0,194.33212280273438,8008,5,0.0
1790090912.041344,3,0.34191223978996277,1.0,0.0,195.4626007080078,8048,5,0.0
1790090912.0917528,3,0.3425987958908081,1.0,0.0,196.57496643066406,8107,5,0.0006427491898648441
1790090912.1428015,3,0.3432496190071106,1.0,0.0,197.5824432373047,8187,5,0.010854978114366531
1790090912.19357,3,0.34390395879745483,1.0,0.0,198.6869354248047,8219,5,0.02155728079378605
1790090912.2441208,3,0.3444860875606537,1.0,0.0,199.81320190429688,8231,5,0.0
1790090912.2947848,3,0.34514835476875305,1.0,0.0,200.90760803222656,8277,5,0.0
1790090912.345617,3,0.345813512802124,1.0,0.0,201.99794006347656,8322,5,0.0
1790090912.3962572,3,0.3464832901954651,1.0,0.0,203.08416748046875,8359,5,0.0
1790090912.4467213,3,0.3471958041191101,1.0,0.0,204.14320373535156,8418,5,0.0
1790090912.4975586,3,0.3478725254535675,1.0,0.0,205.23208618164062,8430,5,0.0063398960046470165
1790090912.5480459,3,0.3485535681247711,1.0,0.0,206.29202270507812,8477,5,0.016024073585867882
1790090912.598976,3,0.3492363691329956,1.0,0.0,207.34457397460938,8519,5,0.0
1790090912.6499662,3,0.34992462396621704,1.0,0.0,208.37069702148438,8579,5,0.0
1790090912.7009091,3,0.35053279995918274,1.0,0.0,209.41268920898438,8609,5,0.0
1790090912.751496,3,0.3512673079967499,1.0,0.0,210.391845703125,8633,5,0.0
1790090912.8026032,3,0.3519642651081085,1.0,0.0,211.42027282714844,8676,5,0.0
1790090912.853151,3,0.3526650667190552,1.0,0.0,212.42132568359375,8730,5,0.0
1790090912.9038944,3,0.3533684313297272,1.0,0.0,213.42897033691406,8768,5,0.0005249999812804163
1790090912.95472,3,0.35407525300979614,1.0,0.0,214.43089294433594,8804,5,0.00944999884814024
1790090913.0054877,3,0.3548276126384735,1.0,0.0,215.43606567382812,8828,5,0.0
1790090913.056075,3,0.3554575443267822,1.0,0.0,216.4161834716797,8881,5,0.0
1790090913.1071398,3,0.356174111366272,1.0,0.0,217.37686157226562,8929,5,0.0
1790090913.1577106,3,0.35689404606819153,1.0,0.0,218.36846923828125,8950,5,0.0
1790090913.2083678,3,0.35761702060699463,1.0,0.0,219.32763671875,8995,5,0.0
1790090913.2593267,3,0.35834330320358276,1.0,0.0,220.2865447998047,9028,5,0.0
1790090913.3097787,3,0.3590725362300873,1.0,0.0,221.23231506347656,9078,5,0.0
1790090913.3604681,3,0.359805166721344,1.0,0.0,222.1011199951172,9134,5,0.0
1790090913.4109983,3,0.3605404198169708,1.0,0.0,223.03726196289062,9169,5,0.0
1790090913.4618275,3,0.3612793982028961,1.0,0.0,223.9888458251953,9179,5,0.0
1790090913.5124393,3,0.3620205223560333,1.0,0.0,224.9291229248047,9206,5,0.0
1790090913.5633495,3,0.36276525259017944,1.0,0.0,225.29444885253906,8982,1,0.0
1790090913.6139448,3,0.3635098934173584,1.0,0.0,225.53695678710938,8254,6,0.0
1790090913.6646976,3,0.36425575613975525,1.0,0.0,226.4594268798828,7392,6,0.0
1790090913.715508,3,0.36500588059425354,1.0,0.0,227.28016662597656,7421,6,0.0
1790090913.7665646,3,0.3657565414905548,1.0,0.0,228.1095428466797,7448,6,0.0057749999687075615
1790090913.8170843,3,0.36651134490966797,1.0,0.0,228.9384765625,7478,6,0.014699994586408138
1790090913.867806,3,0.3672696352005005,1.0,0.0,229.7534942626953,7513,6,0.0
1790090913.9182737,3,0.36798644065856934,1.0,0.0,230.5251007080078,7538,6,0.0
1790090913.9690087,3,0.36874842643737793,1.0,0.0,231.3361053466797,7571,6,0.0
1790090914.0194628,3,0.369514524936676,1.0,0.0,232.14822387695312,7594,6,0.0
1790090914.0703504,3,0.37028077244758606,1.0,0.0,232.96990966796875,7612,6,0.0
1790090914.1217318,3,0.37105241417884827,1.0,0.0,233.76161193847656,7655,6,0.0036750000435858965
1790090914.172433,3,0.3718259930610657,1.0,0.0,234.57054138183594,7669,6,0.012599996291100979
1790090914.2232296,3,0.37260353565216064,1.0,0.0,235.37779235839844,7679,6,0.02152498997747898
1790090914.2742033,3,0.37338611483573914,1.0,0.0,236.1680145263672,7703,6,0.0
1790090914.324704,3,0.37416723370552063,1.0,0.0,236.9531707763672,7732,6,0.0
1790090914.3756974,3,0.3749525249004364,1.0,0.0,237.73109436035156,7761,6,0.0
1790090914.4265027,3,0.37574079632759094,1.0,0.0,238.5130157470703,7781,6,0.0
1790090914.477251,3,0.3764834403991699,1.0,0.0,239.2905731201172,7801,6,0.0
1790090914.5282214,3,0.37727558612823486,1.0,0.0,240.06219482421875,7831,6,0.0
1790090914.5791094,3,0.3780704438686371,1.0,0.0,240.82003784179688,7871,6,0.0
1790090914.6301408,3,0.37886545062065125,1.0,0.0,241.5754852294922,7906,6,0.0
1790090914.6810377,3,0.37966740131378174,1.0,0.0,242.3516387939453,7914,6,0.0
1790090914.7317455,3,0.3804211914539337,1.0,0.0,243.12254333496094,7930,6,0.0
1790090914.7823918,3,0.38122642040252686,1.0,0.0,243.84104919433594,7946,6,0.0
1790090914.833368,3,0.38203176856040955,1.0,0.0,244.5892791748047,7977,6,0.0
1790090914.8841844,3,0.3829377591609955,1.0,0.0,245.3399658203125,7999,6,0.0
1790090914.9348986,3,0.3837493360042572,1.0,0.0,246.08328247070312,8023,6,0.0
1790090914.985655,3,0.3845638036727905,1.0,0.0,246.8275146484375,8046,6,0.0
1790090915.0364072,3,0.3853812515735626,1.0,0.0,247.5167694091797,8125,6,0.0
1790090915.0871756,3,0.3861527144908905,1.0,0.0,248.24436950683594,8146,6,0.0
1790090915.1380358,3,0.3870221972465515,1.0,0.0,249.01251220703125,8117,6,0.0
1790090915.1886964,3,0.3877978026866913,1.0,0.0,249.74781799316406,8130,6,0.0
1790090915.239272,3,0.38862648606300354,1.0,0.0,250.47808837890625,8154,6,0.0
1790090915.2897458,3,0.38935551047325134,1.0,0.0,251.17739868164062,8207,6,0.0
1790090915.3408237,3,0.39018651843070984,1.0,0.0,251.8251190185547,8252,6,0.0
1790090915.3915062,3,0.3910679519176483,1.0,0.0,252.5282440185547,8273,6,0.0
1790090915.4421954,3,0.39190390706062317,1.0,0.0,253.2948455810547,8236,6,0.0
1790090915.4933589,3,0.39279142022132874,1.0,0.0,253.98190307617188,8279,6,0.0
1790090915.543949,3,0.3936324417591095,1.0,0.0,254.6769561767578,8320,6,0.0
1790090915.5948029,3,0.3943757116794586,1.0,0.0,255.36447143554688,8349,6,0.0
1790090915.6455746,3,0.39522022008895874,1.0,0.0,256.07452392578125,8354,6,0.0
1790090915.6963553,3,0.39606785774230957,1.0,0.0,256.7782897949219,8371,6,0.0
1790090915.74701,3,0.3969179689884186,1.0,0.0,257.4757080078125,8388,6,-0.0005249999812804163
1790090915.7978265,3,0.39776986837387085,1.0,0.0,258.1673278808594,8408,6,-0.00944999884814024
1790090915.8483992,3,0.39862295985221863,1.0,0.0,258.8358154296875,8450,6,-0.018374992534518242
1790090915.8992546,3,0.3994799554347992,1.0,0.0,259.47210693359375,8515,6,0.0
1790090915.9499776,3,0.4003380537033081,1.0,0.0,260.1613464355469,8520,6,0.0
1790090916.0008717,3,0.40119922161102295,1.0,0.0,260.8837585449219,8491,6,0.0
1790090916.0515206,3,0.4021139144897461,1.0,0.0,261.5226745605469,8505,6,0.0
1790090916.1020558,3,0.40297868847846985,1.0,0.0,262.1963195800781,8530,6,-0.007350000087171793
1790090916.1528883,3,0.4038464426994324,1.0,0.0,262.84521484375,8572,6,-0.016274994239211082
1790090916.2035708,3,0.40471726655960083,1.0,0.0,263.49078369140625,8601,6,-0.02519998699426651
1790090916.2543912,3,0.4054863452911377,1.0,0.0,264.1484680175781,8613,6,-0.034124989062547684
1790090916.3053348,3,0.40636157989501953,1.0,0.0,264.7760009765625,8645,6,-0.04305001348257065
1790090916.3565185,3,0.4072376489639282,1.0,0.0,265.17333984375,8541,1,0.0
1790090916.4073644,3,0.4081127941608429,1.0,0.0,264.9346618652344,8666,7,0.0
1790090916.4578834,3,0.4089895188808441,1.0,0.0,265.6749572753906,7052,7,0.0
1790090916.5085468,3,0.4098691940307617,1.0,0.0,266.1927795410156,7065,7,0.0
1790090916.5594583,3,0.41074857115745544,1.0,0.0,266.7306823730469,7084,7,0.0
1790090916.6099734,3,0.4116843342781067,1.0,0.0,267.2718811035156,7103,7,0.0
1790090916.6604552,3,0.41256779432296753,1.0,0.0,267.8076171875,7110,7,0.0
1790090916.7109613,3,0.41345393657684326,1.0,0.0,268.3849792480469,7126,7,0.0
1790090916.7614923,3,0.41434305906295776,1.0,0.0,268.9404602050781,7158,7,0.0
1790090916.8123415,3,0.4151286482810974,1.0,0.0,269.52935791015625,7158,7,0.0
1790090916.863004,3,0.41602084040641785,1.0,0.0,270.117919921875,7166,7,0.0
1790090916.9136367,3,0.41696539521217346,1.0,0.0,270.6961669921875,7185,7,0.0
1790090916.9645288,3,0.4178617596626282,1.0,0.0,271.2525634765625,7224,7,-0.005249999929219484
1790090917.0151708,3,0.4186553955078125,1.0,0.0,271.8401794433594,7226,7,-0.014174995012581348
1790090917.0659156,3,0.41960909962654114,1.0,0.0,272.42572021484375,7226,7,0.0
1790090917.1164732,3,0.4205124080181122,1.0,0.0,272.9615783691406,7247,7,0.0
1790090917.1676521,3,0.4214700758457184,1.0,0.0,273.5568542480469,7249,7,0.0
1790090917.218365,3,0.4222705066204071,1.0,0.0,274.09954833984375,7262,7,0.0
1790090917.2693276,3,0.4232318103313446,1.0,0.0,274.6795654296875,7280,7,-0.006825000047683716
1790090917.3198586,3,0.4241945445537567,1.0,0.0,275.24371337890625,7303,7,0.0
1790090917.370581,3,0.4249982535839081,1.0,0.0,275.8084411621094,7316,7,0.0
1790090917.4210672,3,0.4259665906429291,1.0,0.0,276.3557434082031,7334,7,-0.006300000008195639
1790090917.4719043,3,0.42688098549842834,1.0,0.0,276.935546875,7335,7,-0.015224994160234928
1790090917.522558,3,0.427690714597702,1.0,0.0,277.4527893066406,7403,7,-0.02414998784661293
1790090917.5732288,3,0.42866232991218567,1.0,0.0,277.95294189453125,7467,7,-0.033074986189603806
1790090917.6239376,3,0.42963647842407227,0.0,0.0,278.0532531738281,7247,7,-0.04200001060962677
1790090917.6746533,3,0.43055471777915955,0.0,0.0,277.7152099609375,7226,7,-0.050400033593177795
1790090917.725381,3,0.4313644766807556,0.0,1.0,277.2044677734375,7097,7,0.0
1790090917.7759633,3,0.43233075737953186,0.0,1.0,274.6131896972656,7042,7,0.0
1790090917.8264596,3,0.43323367834091187,0.0,1.0,272.0191345214844,6893,7,0.0
1790090917.8772666,3,0.43418148159980774,0.0,0.9308723211288452,269.4242858886719,6726,7,0.0
1790090917.9277616,3,0.434964120388031,0.0,0.8154358267784119,266.8868103027344,6559,7,0.0
1790090917.978572,3,0.4358425438404083,0.0,0.9411652684211731,264.140380859375,6451,7,0.0
1790090918.0292172,3,0.43676191568374634,0.0,1.0,261.0184020996094,6470,7,0.0
1790090918.0802586,3,0.4376697242259979,0.0,1.0,257.7875671386719,6460,7,0.0
1790090918.131024,3,0.43841636180877686,0.0,1.0,254.61962890625,6436,7,0.0
1790090918.1818967,3,0.43925362825393677,0.0,1.0,251.6111602783203,6384,7,0.0
1790090918.2327154,3,0.440130352973938,0.0,0.9355631470680237,248.80442810058594,6301,7,0.0
1790090918.283404,3,0.44085192680358887,0.0,1.0,246.20211791992188,6163,7,-0.0031500000040978193
1790090918.3343108,3,0.4417065978050232,0.0,1.0,243.09754943847656,6093,7,-0.012074996717274189
1790090918.385589,3,0.44255331158638,0.0,1.0,239.91470336914062,6051,7,0.0
1790090918.4365203,3,0.4432496130466461,0.0,1.0,236.9486083984375,5961,7,0.0
1790090918.487249,3,0.44407233595848083,0.809999942779541,0.9954031705856323,234.1209259033203,6229,1,0.0
1790090918.5377877,3,0.44488734006881714,0.0,1.0,231.31581115722656,6394,1,0.0
1790090918.5884097,3,0.44555747509002686,0.0,1.0,228.28067016601562,6208,6,0.0
1790090918.6390915,3,0.446351021528244,0.0,1.0,225.0887908935547,6663,6,0.0
1790090918.690013,3,0.44713300466537476,0.0,1.0,222.00714111328125,6790,6,0.0
1790090918.7405345,3,0.44777560234069824,0.0,1.0,219.08758544921875,6706,6,0.0
1790090918.7914803,3,0.44845545291900635,0.0,1.0,216.17929077148438,6614,6,0.0
1790090918.8423529,3,0.4492492079734802,0.0,1.0,213.2079620361328,6544,6,0.0
1790090918.8931608,3,0.449868381023407,0.0,1.0,210.33172607421875,6442,6,0.0
1790090918.9438674,3,0.4506388008594513,0.0,0.9978012442588806,207.5482177734375,6303,6,0.0
1790090918.9946458,3,0.4512811303138733,0.0,0.9726746082305908,205.0209197998047,6152,6,0.0
1790090919.0454197,3,0.45191338658332825,0.0,0.9451412558555603,202.33018493652344,5992,6,0.0
1790090919.0964475,3,0.452619343996048,0.0,1.0,199.51702880859375,5881,6,0.0
1790090919.1474764,3,0.45323505997657776,0.0,1.0,196.64686584472656,5826,6,0.0
1790090919.1982932,3,0.4539567530155182,0.8999999761581421,0.9633088111877441,193.85708618164062,6363,1,0.0
1790090919.2489128,3,0.4545539319515228,0.0,1.0,191.00369262695312,6239,1,0.0
1790090919.2997139,3,0.45518210530281067,0.0,1.0,187.96041870117188,6292,5,0.0
1790090919.3503165,3,0.45576032996177673,0.0,1.0,184.83375549316406,6972,5,0.0
1790090919.400914,3,0.45640289783477783,0.0,1.0,181.88888549804688,6999,5,0.0
1790090919.4514654,3,0.4569658935070038,0.0,1.0,179.08639526367188,6878,5,0.0
1790090919.5022588,3,0.4575887620449066,0.0,1.0,176.37850952148438,6775,5,0.013148589059710503
1790090919.5530043,3,0.45813432335853577,0.0,0.9777941107749939,173.7635040283203,6696,5,0.027589289471507072
1790090919.603514,3,0.4586704671382904,0.0,0.9849591851234436,171.45652770996094,6620,5,0.0
1790090919.6543925,3,0.4592669606208801,0.0,0.9536969065666199,169.02879333496094,7216,1,0.0
1790090919.7049327,3,0.4597887396812439,0.0,1.0,166.4300079345703,6909,1,0.0
1790090919.7558355,3,0.4603695273399353,0.0,1.0,163.72854614257812,7536,4,0.0
1790090919.806514,3,0.46087539196014404,0.0,1.0,160.87155151367188,7520,4,0.0
1790090919.857005,3,0.46143531799316406,0.0,1.0,157.87095642089844,7558,4,0.0
1790090919.9075527,3,0.4619222581386566,0.0,1.0,154.9666748046875,7547,4,0.014037777669727802
1790090919.958398,3,0.46245965361595154,0.0,1.0,152.19229125976562,7389,4,0.03296557068824768
1790090920.0089576,3,0.46292850375175476,0.0,1.0,149.4999542236328,7288,4,0.05254838988184929
1790090920.0596423,3,0.4633919894695282,0.0,0.9821140766143799,147.10134887695312,7196,4,0.07156530022621155
1790090920.1103787,3,0.4639316201210022,0.0,0.9766683578491211,144.70794677734375,7078,4,0.0
1790090920.1608343,3,0.4643779993057251,0.0,1.0,142.2633056640625,7014,4,0.0
1790090920.2116659,3,0.4647890627384186,0.0,1.0,139.87200927734375,6939,4,0.0
1790090920.2626095,3,0.4653029441833496,0.0,0.9943730235099792,137.5355987548828,6799,4,0.00809010025113821
1790090920.3134174,3,0.46573007106781006,0.0,0.9761725068092346,135.15943908691406,6648,4,0.03146211430430412
1790090920.363847,3,0.46622544527053833,0.0,0.9922304153442383,132.77352905273438,6489,4,0.05551360547542572
1790090920.4144797,3,0.46660661697387695,0.13499999046325684,1.0,130.36141967773438,6347,1,0.058416444808244705
1790090920.4655073,3,0.46701180934906006,0.0,0.9906810522079468,127.93790435791016,6924,1,0.0
1790090920.516348,3,0.4674812853336334,0.0,0.9413971304893494,125.80740356445312,6632,3,0.0
1790090920.5669665,3,0.46787145733833313,0.0,0.955595850944519,123.48959350585938,7493,3,0.020599648356437683
1790090920.6179214,3,0.46832314133644104,0.0,0.9402176737785339,120.94169616699219,7376,3,0.04825904965400696
1790090920.6688051,3,0.4686729311943054,0.0,1.0,118.38390350341797,7324,3,0.07675327360630035
1790090920.7197669,3,0.46903982758522034,0.0,0.9904428720474243,115.85783386230469,7266,3,0.1061108261346817
1790090920.770771,3,0.46946531534194946,0.0,1.0,113.44072723388672,7197,3,0.13631321489810944
1790090920.8216305,3,0.46979808807373047,0.0,0.9575390219688416,111.26002502441406,7105,3,0.16550478339195251
1790090920.8720963,3,0.4702070355415344,0.0,0.8697114586830139,109.18087768554688,7051,3,0.1943572461605072
1790090920.9230263,3,0.4705504775047302,0.0,0.8514033555984497,107.29601287841797,6932,3,0.19755682349205017
1790090920.9739835,3,0.4709285795688629,0.0,0.9081361293792725,105.46380615234375,6757,3,0.2007695883512497
1790090921.0248485,3,0.4712620973587036,0.0,0.9320232272148132,103.52970886230469,6590,3,0.2042764127254486
1790090921.0756102,3,0.4716312289237976,0.0,0.9016928672790527,101.53516387939453,6471,3,0.20802348852157593
1790090921.1266332,3,0.4719541072845459,0.0,0.8792626261711121,99.60997009277344,6367,3,0.21177299320697784
1790090921.1774158,3,0.4722757637500763,0.0,0.9439310431480408,97.70723724365234,6207,3,0.2156139761209488
1790090921.2282524,3,0.47263020277023315,0.0,0.9595133662223816,95.79666900634766,6020,3,0.21961356699466705
1790090921.278886,3,0.472940057516098,0.0,0.918935239315033,93.80084991455078,5913,3,0.2239532470703125
1790090921.329633,3,0.4732797145843506,0.0,0.8688529133796692,91.93280792236328,5838,3,0.2281733751296997
1790090921.3802917,3,0.4735751152038574,0.0,0.8590768575668335,90.11042785644531,5738,3,0.23244647681713104
1790090921.4308527,3,0.4739028811454773,0.0,0.8678242564201355,88.35162353515625,5602,3,0.2367251068353653
1790090921.4812667,3,0.47418493032455444,0.0,0.0,86.97811889648438,5759,3,0.24017752707004547
1790090921.5317788,3,0.4744637608528137,0.0,0.0,86.41240692138672,5825,3,0.24162894487380981
1790090921.5824423,3,0.47477418184280396,0.0,0.0,86.0259780883789,5798,3,0.2426305115222931
1790090921.6333039,3,0.47504928708076477,0.0,0.0,85.66151428222656,5770,3,0.2435828000307083
1790090921.684124,3,0.47535693645477295,0.0,0.0,85.2895736694336,5750,3,0.24456234276294708
1790090921.7348006,3,0.4756592810153961,0.0,0.0,84.92151641845703,5729,3,0.24553947150707245
1790090921.7857277,3,0.475909948348999,0.0,0.0,84.57125091552734,5705,3,0.24647660553455353
1790090921.8365545,3,0.4762074947357178,0.0,0.0,84.21935272216797,5685,3,0.247425377368927
1790090921.8873687,3,0.4764683246612549,0.0,0.0,83.88338470458984,5661,3,0.2483379989862442
1790090921.9382412,3,0.4767628312110901,0.0,0.0,83.5617904663086,5636,3,0.2492179572582245
1790090921.9891152,3,0.47700411081314087,0.0,0.0,83.23332214355469,5612,3,0.25012317299842834
1790090922.039766,3,0.4772915840148926,0.0,0.0,82.89318084716797,5592,3,0.25106745958328247
1790090922.0904584,3,0.4775758683681488,0.0,0.0,82.57118225097656,5569,3,0.25196802616119385
1790090922.1413238,3,0.4778267741203308,0.0,0.0,82.2269058227539,5544,3,0.25293806195259094
1790090922.1920164,3,0.4780888855457306,0.0,0.0,81.8910140991211,5517,3,0.2538916766643524
1790090922.2432349,3,0.47836732864379883,0.0,0.0,81.55125427246094,5490,3,0.2548636198043823
1790090922.2942529,3,0.47861167788505554,0.0,0.0,81.19319152832031,5471,3,0.25589603185653687
1790090922.3450277,3,0.4788861572742462,0.17999999225139618,0.0,80.88536834716797,5530,3,0.25679028034210205
1790090922.3958683,3,0.4791128933429718,0.38399991393089294,0.0,80.90686798095703,5652,3,0.2567276060581207
1790090922.4469514,3,0.4793863594532013,0.5880000591278076,0.0,81.33504486083984,5641,3,0.25548604130744934
1790090922.4975665,3,0.4796285927295685,0.0,0.0,81.32960510253906,5506,3,0.25550171732902527
1790090922.5481205,3,0.479898601770401,0.0,0.0,81.05290222167969,5474,3,0.2563028037548065
1790090922.5985327,3,0.48016801476478577,0.0,0.0,80.71833801269531,5447,3,0.2572781443595886
1790090922.649411,3,0.48039019107818604,0.0,0.0,80.35838317871094,5423,3,0.25833582878112793
1790090922.700021,3,0.48065322637557983,0.0,0.0,80.009765625,5398,3,0.25936850905418396
1790090922.7509775,3,0.480871319770813,0.0,0.0,79.68494415283203,5371,3,0.26033815741539
1790090922.8018138,3,0.48113465309143066,0.0,0.0,79.34465026855469,5349,3,0.2613618075847626
1790090922.852434,3,0.4813951551914215,0.0,0.0,78.9959945678711,5333,3,0.2624190151691437
1790090922.9038126,3,0.48163893818855286,0.0,0.0,78.5916748046875,5308,3,0.26365572214126587
1790090922.9543118,3,0.481863409280777,0.0,0.0,78.24505615234375,5280,3,0.26472529768943787
1790090923.005004,3,0.48210421204566956,0.0,0.0,77.88587188720703,5250,3,0.2658427953720093
1790090923.05602,3,0.48234888911247253,0.0,0.0,77.5274658203125,5222,3,0.2669673562049866
1790090923.1067302,3,0.4825538396835327,0.0,0.0,77.15036010742188,5199,3,0.268160879611969
1790090923.1576762,3,0.4828003942966461,0.0,0.0,76.75521087646484,5179,3,0.2694230377674103
1790090923.2085214,3,0.48302802443504333,0.0,0.0,76.37297058105469,5151,3,0.2706553041934967
1790090923.2593415,3,0.4832451343536377,0.12000001221895218,0.0,76.00887298583984,5165,3,0.27183961868286133
1790090923.3102388,3,0.48347270488739014,0.32399994134902954,0.0,75.92089080810547,5258,3,0.2721273601055145
1790090923.3609524,3,0.48372116684913635,0.5279999375343323,0.0,76.17074584960938,5345,3,0.27131181955337524
1790090923.4118178,3,0.4839528501033783,0.7320003509521484,0.0,76.67752838134766,5348,3,0.26967254281044006
1790090923.4625738,3,0.4841756224632263,0.9360007643699646,0.0,77.20121002197266,5433,3,0.2679993510246277
1790090923.513124,3,0.48441535234451294,1.0,0.0,77.78433227539062,5371,3,0.2661604583263397
1790090923.5636995,3,0.48466813564300537,1.0,0.0,78.39715576171875,5586,3,0.2642548680305481
1790090923.6144166,3,0.4848800003528595,1.0,0.0,79.1418228149414,5640,3,0.2619757652282715
1790090923.6651003,3,0.4851419925689697,1.0,0.0,79.89385986328125,5542,3,0.25971367955207825
1790090923.7158275,3,0.48540231585502625,1.0,0.0,80.57390594482422,5850,3,0.25770148634910583
1790090923.7666733,3,0.48562347888946533,1.0,0.0,81.3712158203125,5611,3,0.25538170337677
1790090923.8174624,3,0.4858906865119934,1.0,0.0,82.00996398925781,5884,3,0.2535531520843506
1790090923.8684444,3,0.4861162304878235,1.0,0.0,82.7765121459961,5823,3,0.25139302015304565
1790090923.918923,3,0.48638930916786194,1.0,0.0,83.47269439697266,5863,3,0.2494628131389618
1790090923.9696798,3,0.48666635155677795,1.0,0.0,84.18973541259766,6036,3,0.2475055754184723
1790090924.020422,3,0.48690253496170044,1.0,0.0,84.96177673339844,5826,3,0.24543219804763794
1790090924.0711713,3,0.4871857166290283,1.0,0.0,85.59868621826172,6183,3,0.24374772608280182
1790090924.122417,3,0.4874729812145233,1.0,0.0,86.38642883300781,6026,3,0.24169600009918213
1790090924.1736484,3,0.48771360516548157,1.0,0.0,87.04454803466797,6090,3,0.24000822007656097
1790090924.2245355,3,0.488004595041275,1.0,0.0,87.77497100830078,6100,3,0.23816239833831787
1790090924.2756095,3,0.48830026388168335,1.0,0.0,88.40889739990234,6187,3,0.23658327758312225
1790090924.3267846,3,0.4885799288749695,1.0,0.0,89.041259765625,6289,3,0.23502880334854126
1790090924.3777003,3,0.4888460040092468,1.0,0.0,89.67654418945312,6389,3,0.17718006670475006
1790090924.4285247,3,0.48914921283721924,1.0,0.0,90.36246490478516,6491,3,0.016530025750398636
1790090924.4791892,3,0.4894371032714844,1.0,0.0,91.22806549072266,6506,3,0.0
1790090924.5298164,3,0.48971107602119446,1.0,0.0,92.18701934814453,6680,3,0.0
1790090924.5804815,3,0.49002477526664734,1.0,0.0,93.3111801147461,6556,3,0.015091626904904842
1790090924.631212,3,0.4902910590171814,1.0,0.0,94.57069396972656,6812,3,0.04047967493534088
1790090924.6817913,3,0.49061188101768494,1.0,0.0,95.9397201538086,6612,3,0.06551342457532883
1790090924.7324862,3,0.49090471863746643,1.0,0.0,97.19499969482422,6925,3,0.09019971638917923
1790090924.7833974,3,0.4912393391132355,1.0,0.0,98.52857971191406,6943,3,0.11454479396343231
1790090924.8339255,3,0.49155962467193604,1.0,0.0,99.68211364746094,7128,3,0.1385658234357834
1790090924.8847992,3,0.4918461740016937,1.0,0.0,100.82263946533203,7084,3,0.17128857970237732
1790090924.9354498,3,0.4921940267086029,1.0,0.0,101.8531265258789,7143,3,0.20741695165634155
1790090924.9861653,3,0.4925464987754822,1.0,0.0,102.63691711425781,7197,3,0.07481467723846436
1790090925.0371425,3,0.4928808808326721,1.0,0.0,103.49480438232422,7392,3,0.0
1790090925.0879085,3,0.4931802451610565,1.0,0.0,104.47330474853516,7520,3,0.0
1790090925.1385334,3,0.4935433864593506,1.0,0.0,105.52922821044922,7414,3,0.0
1790090925.1890512,3,0.4938908517360687,1.0,0.0,106.72972106933594,7662,3,0.0
1790090925.2398772,3,0.49426373839378357,1.0,0.0,108.08061218261719,7605,3,0.015364650636911392
1790090925.290641,3,0.49457842111587524,1.0,0.0,109.43151092529297,7590,3,0.0476430244743824
1790090925.3415346,3,0.4949423670768738,1.0,0.0,110.80797576904297,7913,3,0.07942982017993927
1790090925.3923335,3,0.49531012773513794,1.0,0.0,112.30245971679688,7947,3,0.09940654039382935
1790090925.4428897,3,0.4957074224948883,1.0,0.0,113.77409362792969,7979,3,0.0
1790090925.4938014,3,0.496089905500412,1.0,0.0,115.23709106445312,8232,3,0.0
1790090925.5445068,3,0.49647435545921326,1.0,0.0,116.7564468383789,8230,3,0.0
1790090925.595312,3,0.4968228340148926,1.0,0.0,118.30908966064453,8381,3,0.0
1790090925.6461718,3,0.4972194731235504,1.0,0.0,119.96802520751953,8432,3,0.0
1790090925.696898,3,0.49764907360076904,1.0,0.0,121.59549713134766,8680,3,0.0
1790090925.7474768,3,0.49806028604507446,1.0,0.0,123.25098419189453,8794,3,0.006434755399823189
1790090925.798034,3,0.4984828531742096,1.0,0.0,125.01644897460938,8890,3,0.033434223383665085
1790090925.8487413,3,0.49890732765197754,1.0,0.0,126.7620620727539,8979,3,0.05987853556871414
1790090925.8993728,3,0.4993429183959961,1.0,0.0,128.46438598632812,9077,3,0.08578720688819885
1790090925.9503112,3,0.49978262186050415,1.0,0.0,130.09823608398438,9191,3,0.11118848621845245
1790090926.0011008,3,0.5002532005310059,1.0,0.0,131.50584411621094,9267,3,0.13612115383148193
1790090926.0517564,3,0.5007032155990601,1.0,0.0,132.52590942382812,9269,3,0.0
1790090926.102775,3,0.5011559128761292,1.0,0.0,133.10354614257812,9064,1,0.0
1790090926.153406,3,0.5015305280685425,1.0,0.0,133.21461486816406,8384,4,0.0
1790090926.2043126,3,0.5019862651824951,1.0,0.0,134.27374267578125,7171,4,0.0
1790090926.255064,3,0.5024468302726746,1.0,0.0,135.6024932861328,7201,4,0.0
1790090926.305973,3,0.5029410123825073,1.0,0.0,137.0709686279297,7314,4,0.0
1790090926.3570266,3,0.5034118890762329,1.0,0.0,138.6238250732422,7382,4,0.0
1790090926.407806,3,0.503888726234436,1.0,0.0,140.08023071289062,7455,4,0.0
1790090926.458232,3,0.5043718814849854,1.0,0.0,141.61793518066406,7537,4,0.0
1790090926.5088406,3,0.5048630833625793,1.0,0.0,143.15658569335938,7613,4,0.02040128782391548
1790090926.5595522,3,0.5053557753562927,1.0,0.0,144.68255615234375,7682,4,0.04168891906738281
1790090926.6104262,3,0.5058547854423523,1.0,0.0,146.2023162841797,7737,4,0.06258297711610794
1790090926.6611538,3,0.5063547492027283,1.0,0.0,147.68907165527344,7807,4,0.08309359103441238
1790090926.7120183,3,0.5068599581718445,1.0,0.0,149.10281372070312,7907,4,0.06073281541466713
1790090926.7631638,3,0.5073688626289368,1.0,0.0,150.51065063476562,8012,4,0.0
1790090926.8140612,3,0.5078812837600708,1.0,0.0,151.9374542236328,8093,4,0.0
1790090926.8647661,3,0.508396565914154,1.0,0.0,153.30325317382812,8207,4,0.007835563272237778
1790090926.9158106,3,0.5089143514633179,1.0,0.0,154.68812561035156,8268,4,0.026637980714440346
1790090926.9664438,3,0.5094387531280518,1.0,0.0,156.09625244140625,8298,4,0.045114386826753616
1790090927.0171065,3,0.5099668502807617,1.0,0.0,157.3677978515625,8355,4,0.06221618875861168
1790090927.067809,3,0.5104991793632507,1.0,0.0,158.76553344726562,8418,4,0.08113766461610794
1790090927.1185875,3,0.511033833026886,1.0,0.0,159.990966796875,8477,4,0.0
1790090927.1696138,3,0.5115711688995361,1.0,0.0,161.279052734375,8563,4,0.0
1790090927.2204113,3,0.5120514035224915,1.0,0.0,162.5803985595703,8624,4,0.002984600141644478
1790090927.270902,3,0.5126311779022217,1.0,0.0,163.87881469726562,8690,4,0.019733695313334465
1790090927.3213882,3,0.513181209564209,1.0,0.0,165.13790893554688,8765,4,0.03621845692396164
1790090927.3721013,3,0.5137351155281067,1.0,0.0,166.4228973388672,8807,4,0.04204129800200462
1790090927.4232516,3,0.51429283618927,1.0,0.0,167.69863891601562,8852,4,0.0
1790090927.4740417,3,0.5148561000823975,1.0,0.0,168.9818115234375,8897,4,0.0
1790090927.5247276,3,0.5154210329055786,1.0,0.0,170.06942749023438,8840,1,0.0
1790090927.575479,3,0.516023576259613,1.0,0.0,169.9009246826172,8951,5,0.0
1790090927.6260755,3,0.5165929198265076,1.0,0.0,171.19642639160156,7065,5,0.0
1790090927.6769662,3,0.517065167427063,1.0,0.0,172.32666015625,7121,5,0.0008785914978943765
1790090927.7278566,3,0.5176399350166321,1.0,0.0,173.48291015625,7171,5,0.01569901593029499
1790090927.778603,3,0.5182197093963623,1.0,0.0,174.55979919433594,7221,5,0.029450759291648865
1790090927.8294277,3,0.5188337564468384,1.0,0.0,175.70335388183594,7265,5,0.04385550320148468
1790090927.8803296,3,0.5194176435470581,1.0,0.0,176.8296356201172,7309,5,0.058053158223629
1790090927.9312272,3,0.5200045108795166,1.0,0.0,177.90646362304688,7377,5,0.07205181568861008
1790090927.982023,3,0.5206290483474731,1.0,0.0,178.94638061523438,7440,5,0.08586327731609344
1790090928.0326204,3,0.5212204456329346,1.0,0.0,179.9354705810547,7516,5,0.09949508309364319
1790090928.0832489,3,0.5218154191970825,1.0,0.0,180.87147521972656,7590,5,0.11296028643846512
1790090928.134012,3,0.5223076343536377,1.0,0.0,181.67068481445312,7595,5,0.11976166069507599
1790090928.1845233,3,0.5229418277740479,1.0,0.0,182.4468231201172,7560,5,0.07216323912143707
1790090928.2354617,3,0.5235430598258972,1.0,0.0,183.0566864013672,7666,5,0.0
1790090928.2861621,3,0.5241464376449585,1.0,0.0,183.72396850585938,7701,5,0.0
1790090928.336986,3,0.5247877240180969,1.0,0.0,184.4733428955078,7759,5,0.012083442881703377
1790090928.3875391,3,0.5253949761390686,1.0,0.0,185.18849182128906,7794,5,0.024056341499090195
1790090928.4382005,3,0.5260056853294373,1.0,0.0,185.9507293701172,7840,5,0.036656204611063004
1790090928.4889944,3,0.5266168713569641,1.0,0.0,186.6083984375,7853,5,0.049139466136693954
1790090928.539776,3,0.5271591544151306,1.0,0.0,187.22262573242188,7898,5,0.061521727591753006
1790090928.5904994,3,0.5278105139732361,1.0,0.0,187.7873077392578,7856,5,0.07381109893321991
1790090928.6412923,3,0.5284640789031982,1.0,0.0,188.369384765625,7909,5,0.08601044863462448
1790090928.6920898,3,0.5290104150772095,1.0,0.0,188.99810791015625,7934,5,0.09811235219240189
1790090928.7426622,3,0.5296314358711243,1.0,0.0,189.61648559570312,7958,5,0.11011644452810287
1790090928.7935371,3,0.530253529548645,1.0,0.0,190.23831176757812,7962,5,0.11456473171710968
1790090928.844412,3,0.5309152603149414,1.0,0.0,190.9615936279297,8014,5,0.11414657533168793
1790090928.895174,3,0.5315399169921875,1.0,0.0,191.72523498535156,8052,5,0.11370839178562164
1790090928.946046,3,0.5322067737579346,1.0,0.0,192.44189453125,8016,5,0.11330019682645798
1790090928.996653,3,0.5327264070510864,1.0,0.0,193.0887451171875,8128,5,0.11293428391218185
1790090929.0477123,3,0.5333946943283081,1.0,0.0,193.7520751953125,8044,5,0.11256149411201477
1790090929.098187,3,0.5340274572372437,1.0,0.0,194.3574676513672,8165,5,0.11222342401742935
1790090929.1490805,3,0.5346634387969971,1.0,0.0,194.9944305419922,8170,5,0.11186987161636353
1790090929.199924,3,0.5353398323059082,1.0,0.0,195.67919921875,8131,5,0.11149229109287262
1790090929.2506227,3,0.53586745262146,1.0,0.0,196.32473754882812,8236,5,0.11113866418600082
1790090929.3018405,3,0.536547839641571,1.0,0.0,197.04376220703125,8281,5,0.11074740439653397
1790090929.3525834,3,0.5372288823127747,1.0,0.0,197.6416473388672,8307,5,0.11042416095733643
1790090929.4033597,3,0.5378758311271667,1.0,0.0,198.23858642578125,8331,5,0.1101033017039299
1790090929.4544537,3,0.5385622382164001,1.0,0.0,198.8109893798828,8273,5,0.10979737341403961
1790090929.5055819,3,0.5391345620155334,1.0,0.0,199.31329345703125,8367,5,0.10953031480312347
1790090929.5563576,3,0.5397866368293762,1.0,0.0,199.8147430419922,8332,5,0.10926499962806702
1790090929.6070185,3,0.5404780507087708,1.0,0.0,200.35154724121094,8370,5,0.1089823991060257
1790090929.6578903,3,0.5410570502281189,1.0,0.0,200.91690063476562,8381,5,0.10868635773658752
1790090929.708742,3,0.5417516231536865,1.0,0.0,201.46771240234375,8381,5,0.10839945822954178
1790090929.7596474,3,0.542447566986084,1.0,0.0,202.10086059570312,8446,5,0.10807154327630997
1790090929.8103423,3,0.5430701971054077,1.0,0.0,202.73104858398438,8506,5,0.10774712264537811
1790090929.8608575,3,0.5437715649604797,1.0,0.0,203.42286682128906,8503,5,0.10739322006702423
1790090929.9115813,3,0.5443994998931885,1.0,0.0,204.0479736328125,8544,5,0.10707543790340424
1790090929.9625177,3,0.5450300574302673,1.0,0.0,204.69970703125,8588,5,0.04073285683989525
1790090930.013406,3,0.5457406044006348,1.0,0.0,205.4203338623047,8615,5,0.0
1790090930.0638664,3,0.546379029750824,1.0,0.0,206.16664123535156,8652,5,0.0
1790090930.1143682,3,0.5470951795578003,1.0,0.0,206.94296264648438,8656,5,0.0
1790090930.1651676,3,0.5477374792098999,1.0,0.0,207.76953125,8643,5,0.0
1790090930.2168097,3,0.5484601259231567,1.0,0.0,208.5669708251953,8681,5,0.0
1790090930.267819,3,0.549187958240509,1.0,0.0,209.40965270996094,8710,5,0.0
1790090930.3186681,3,0.5497962236404419,1.0,0.0,210.2880096435547,8698,5,0.0
1790090930.3694785,3,0.550528883934021,1.0,0.0,211.19818115234375,8691,5,0.0
1790090930.4204028,3,0.5512653589248657,1.0,0.0,212.10101318359375,8710,5,0.0
1790090930.470911,3,0.5518813133239746,1.0,0.0,212.9962921142578,8744,5,0.0
1790090930.5218835,3,0.5526241660118103,1.0,0.0,213.8845977783203,8788,5,0.0
1790090930.5723925,3,0.5532864928245544,1.0,0.0,214.77305603027344,8823,5,0.0
1790090930.6230326,3,0.5540380477905273,1.0,0.0,215.30230712890625,8686,1,0.0
1790090930.673564,3,0.5546621084213257,1.0,0.0,215.16049194335938,8816,6,0.0
1790090930.724216,3,0.5554139018058777,1.0,0.0,216.21002197265625,7111,6,0.0
1790090930.774827,3,0.5561673045158386,0.0,0.0,216.49343872070312,6933,6,0.0
1790090930.8255978,3,0.556837797164917,0.0,0.0,216.22779846191406,6916,6,0.0
1790090930.8764253,3,0.5575482845306396,0.0,1.0,214.7090606689453,6697,6,0.0
1790090930.9271488,3,0.5582102537155151,0.0,1.0,211.6936492919922,6566,6,0.0
1790090930.9777734,3,0.558944582939148,0.0,1.0,208.6280975341797,6408,6,0.0
1790090931.0284452,3,0.5595860481262207,0.0,1.0,205.6777801513672,6260,6,0.0
1790090931.0793655,3,0.560299813747406,0.0,0.9494109153747559,202.8876953125,6117,6,0.0
1790090931.1301236,3,0.5608866214752197,0.0,0.9626993536949158,200.12205505371094,6056,6,0.0
1790090931.180694,3,0.5616180300712585,0.0,1.0,197.1103515625,6001,6,0.0
1790090931.2313113,3,0.5621898174285889,0.0,1.0,194.2493896484375,5938,6,0.0
1790090931.2822888,3,0.5628688931465149,0.0,1.0,191.24685668945312,6537,1,0.0
1790090931.3327873,3,0.5634602308273315,0.0,1.0,188.2295379638672,6263,1,0.0
1790090931.383452,3,0.5641540288925171,0.0,1.0,185.11898803710938,6744,5,0.0
1790090931.4342148,3,0.5646958947181702,0.0,0.9898927211761475,182.0738525390625,7025,5,0.0
1790090931.484885,3,0.5653699636459351,0.0,1.0,179.2703094482422,6828,5,0.0
1790090931.535904,3,0.5659290552139282,0.0,1.0,176.3778076171875,6653,5,0.0
1790090931.5867581,3,0.5664438605308533,0.0,1.0,173.4157257080078,6530,5,0.0
1790090931.6377425,3,0.567082941532135,0.0,1.0,170.4321746826172,6421,5,0.0
1790090931.6886928,3,0.567609965801239,0.0,1.0,167.49188232421875,6304,5,0.0
1790090931.739453,3,0.5681950449943542,0.0,1.0,164.5489959716797,6184,5,0.0
1790090931.7900095,3,0.5687038898468018,0.0,1.0,161.6152801513672,6094,5,0.0
1790090931.840762,3,0.5692675113677979,0.0,1.0,158.71774291992188,5961,5,0.0
1790090931.8915308,3,0.5697556734085083,0.0,1.0,155.96974182128906,5839,5,0.0
1790090931.9426312,3,0.5702956318855286,0.809999942779541,1.0,152.99183654785156,6116,1,0.0
1790090931.9933114,3,0.5707666277885437,0.0,1.0,150.12803649902344,6283,1,0.0
1790090932.0438902,3,0.571230947971344,0.0,1.0,147.35374450683594,6103,4,0.0
1790090932.0943525,3,0.5717421770095825,0.0,1.0,144.4669952392578,6353,4,0.0
1790090932.1449022,3,0.5721837878227234,0.0,1.0,141.51287841796875,6514,4,0.0
1790090932.1955626,3,0.572675347328186,0.0,1.0,138.54312133789062,6422,4,0.0
1790090932.2460814,3,0.5731024146080017,0.0,1.0,135.61215209960938,6287,4,0.0
1790090932.2969747,3,0.5735726952552795,0.0,1.0,132.91258239746094,6147,4,0.0
1790090932.347882,3,0.5739830136299133,0.0,1.0,129.87095642089844,5984,4,0.0
1790090932.3987806,3,0.5743837356567383,0.0,1.0,127.07525634765625,5817,4,0.0
1790090932.4497147,3,0.5748254656791687,0.0,0.0,125.40103912353516,6336,4,-0.021819334477186203
1790090932.5002494,3,0.575218677520752,0.0,0.0,125.0866928100586,6355,4,-0.04692234843969345
1790090932.550943,3,0.575655996799469,0.0,0.0,124.80611419677734,6339,4,-0.07368258386850357
1790090932.6019702,3,0.5760458707809448,0.08400000631809235,0.0,124.52111053466797,6336,4,-0.10053260624408722
1790090932.6524966,3,0.5764859914779663,0.2879999577999115,0.0,124.42916870117188,6389,4,-0.12744823098182678
1790090932.7031958,3,0.576876699924469,0.49199986457824707,0.0,124.65205383300781,6488,4,-0.15434162318706512
1790090932.753823,3,0.5773192644119263,0.6960002779960632,0.0,125.21525573730469,6637,4,-0.0956154614686966
1790090932.8047583,3,0.5777161121368408,0.9000006914138794,0.0,126.0748291015625,6636,4,0.0
1790090932.855214,3,0.5781668424606323,1.0,0.0,127.02578735351562,6788,4,0.0
1790090932.9059625,3,0.57854825258255,1.0,0.0,128.07537841796875,6872,4,0.0
1790090932.9564817,3,0.5790079236030579,1.0,0.0,129.06512451171875,6933,4,0.0
1790090933.0071485,3,0.5794703364372253,1.0,0.0,130.16123962402344,6984,4,0.0
1790090933.0578225,3,0.5798594355583191,1.0,0.0,131.35171508789062,6973,4,-0.023485345765948296
1790090933.1088066,3,0.5803331136703491,1.0,0.0,132.55043029785156,7113,4,-0.0480949841439724
1790090933.1594865,3,0.5807811617851257,1.0,0.0,133.79248046875,7046,4,-0.072346530854702
1790090933.210527,3,0.5812652111053467,1.0,0.0,134.960205078125,7207,4,-0.09624968469142914
1790090933.2614033,3,0.5816690325737,1.0,0.0,136.1334228515625,7157,4,-0.11981602758169174
1790090933.3118942,3,0.582159698009491,1.0,0.0,137.1812744140625,7357,4,-0.13226278126239777
1790090933.3623445,3,0.5826260447502136,1.0,0.0,138.25823974609375,7368,4,0.0
1790090933.4133492,3,0.5830702185630798,1.0,0.0,139.33592224121094,7431,4,0.0
1790090933.4638956,3,0.5835438370704651,1.0,0.0,140.2556610107422,7438,4,-0.01973620429635048
1790090933.5146987,3,0.5840489268302917,1.0,0.0,141.0094451904297,7483,4,-0.04059550166130066
1790090933.5655625,3,0.5844706892967224,1.0,0.0,141.9402313232422,7564,4,-0.06253848224878311
1790090933.6162095,3,0.5849812030792236,1.0,0.0,143.00172424316406,7527,4,-0.08421037346124649
1790090933.667513,3,0.5854966640472412,1.0,0.0,143.9979248046875,7719,4,-0.10561130195856094
1790090933.7186983,3,0.5859278440475464,1.0,0.0,144.99349975585938,7740,4,-0.1267499178647995
1790090933.7694075,3,0.58644700050354,1.0,0.0,145.8879852294922,7831,4,-0.14775468409061432
1790090933.820097,3,0.5869688391685486,1.0,0.0,146.7726593017578,7902,4,-0.14690575003623962
1790090933.870805,3,0.587408185005188,0.0,0.0,146.99282836914062,7460,4,-0.14669597148895264
1790090933.9214709,3,0.5879320502281189,0.0,0.0,146.61708068847656,7407,4,-0.14705432951450348
1790090933.9720142,3,0.5884217619895935,0.0,0.0,146.1457977294922,7375,4,-0.14750626683235168
1790090934.0224462,3,0.5888811349868774,0.0,0.8697680234909058,144.9312744140625,7095,4,-0.14868387579917908
1790090934.0730789,3,0.5893619656562805,0.0,0.9858360290527344,142.9366912841797,6894,4,-0.15065914392471313
1790090934.1238613,3,0.5898593664169312,0.0,1.0,140.87908935546875,6668,4,-0.1527525931596756
1790090934.1745307,3,0.5902675986289978,0.0,1.0,138.5682830810547,6414,4,-0.1551741361618042
1790090934.225128,3,0.5907477736473083,0.0,0.98531174659729,136.3087158203125,6160,4,-0.15761737525463104
1790090934.2760172,3,0.5912157297134399,0.0,0.9900127649307251,134.07997131347656,6133,4,-0.16010384261608124
1790090934.3267627,3,0.5915992259979248,0.0,0.9896994233131409,131.91835021972656,5996,4,-0.16259154677391052
1790090934.3777716,3,0.592050313949585,0.0,0.9608412384986877,129.75799560546875,5925,4,-0.16515623033046722
1790090934.4289346,3,0.5924906134605408,0.0,0.9614763855934143,127.7004623413086,5809,4,-0.16767524182796478
1790090934.4795263,3,0.5928522944450378,0.0,0.9179386496543884,125.72759246826172,5694,4,-0.1701638251543045
1790090934.5302353,3,0.5932770371437073,0.0,0.8791601657867432,123.906005859375,5577,4,-0.17252807319164276
1790090934.5809855,3,0.593692421913147,0.0,0.0,122.40514373779297,5851,4,-0.17452599108219147
1790090934.6320632,3,0.5940350890159607,0.0,0.0,121.4838638305664,5970,4,-0.1757754683494568
1790090934.6826031,3,0.5944446921348572,0.0,0.0,120.70883178710938,5951,1,-0.17684054374694824
1790090934.7333257,3,0.5948483943939209,0.0,0.0,120.01943969726562,6547,1,-0.17779883742332458
1790090934.7841449,3,0.5951823592185974,0.0,0.0,119.3562240600586,6273,3,-0.1787305772304535
1790090934.8346756,3,0.5955780744552612,0.0,0.0,118.43555450439453,6818,3,-0.18004034459590912
1790090934.885763,3,0.595903754234314,0.0,0.0,117.48424530029297,7098,3,-0.18141399323940277
1790090934.9365492,3,0.5962954163551331,0.0,0.0,116.5326919555664,7183,3,-0.18280914425849915
1790090934.9874494,3,0.596634030342102,0.0,0.0,115.5517349243164,7230,3,-0.18427003920078278
1790090935.037995,3,0.5970125198364258,0.0,0.0,114.50432586669922,7237,3,-0.1858559101819992
1790090935.088776,3,0.5973861217498779,0.0,0.0,113.44585418701172,7199,3,-0.18748648464679718
1790090935.1394491,3,0.5977147221565247,0.0,0.0,112.38800048828125,7137,3,-0.18914496898651123
1790090935.1901653,3,0.5980789661407471,0.0,0.0,111.40036010742188,7057,3,-0.19072005152702332
1790090935.2409275,3,0.5983833074569702,0.0,0.0,110.4771499633789,6968,3,-0.19221629202365875
1790090935.291458,3,0.598738431930542,0.0,0.0,109.55661010742188,6883,3,-0.19373178482055664
1790090935.342449,3,0.599091112613678,0.0,0.0,108.6098861694336,6803,3,-0.19531552493572235
1790090935.393398,3,0.5993793606758118,0.0,0.0,107.62901306152344,6727,3,-0.19698388874530792
1790090935.444404,3,0.5997266173362732,0.0,0.0,106.62700653076172,6651,3,-0.19871792197227478
1790090935.4949214,3,0.6000068783760071,0.0,0.0,105.63142395019531,6573,3,-0.20047134160995483
1790090935.5458002,3,0.6003493070602417,0.0,0.0,104.63002014160156,6495,3,-0.20226649940013885
1790090935.596431,3,0.6006417870521545,0.0,0.0,103.68891143798828,6422,3,-0.2039831280708313
1790090935.6470277,3,0.6009703874588013,0.0,0.0,102.67277526855469,6344,3,-0.2058696299791336
1790090935.6977808,3,0.601262092590332,0.0,0.0,101.65516662597656,6267,3,-0.2077941596508026
1790090935.7485435,3,0.6015890836715698,0.0,0.0,100.62594604492188,6191,3,-0.2097775936126709
1790090935.7992177,3,0.6018547415733337,0.6499999761581421,0.0,99.6534194946289,6715,3,-0.2116868942975998
1790090935.849851,3,0.6021873354911804,0.6499999761581421,0.0,98.91624450683594,6601,3,-0.21315744519233704
1790090935.90055,3,0.6024505496025085,0.6499999761581421,0.0,98.1851577758789,6634,3,-0.10019922256469727
1790090935.9514453,3,0.6027583479881287,0.6499999761581421,0.0,97.4930419921875,6515,3,0.0
1790090936.0020752,3,0.6030892133712769,0.6499999761581421,0.0,96.83417510986328,6415,3,0.0
1790090936.0527132,3,0.6033453941345215,0.6499999761581421,0.0,96.19293212890625,6443,3,-0.011651557870209217
1790090936.1037002,3,0.6036107540130615,0.6499999761581421,0.0,95.58521270751953,6354,3,-0.03506738692522049
1790090936.154156,3,0.6039223074913025,0.6499999761581421,0.0,94.91902923583984,6396,3,-0.06011638790369034
1790090936.2050636,3,0.6041895151138306,0.6499999761581421,0.0,94.2530288696289,6291,3,-0.08534363657236099
1790090936.255518,3,0.6044926047325134,0.6499999761581421,0.0,93.56293487548828,6192,3,-0.11075480282306671
1790090936.306602,3,0.6047543287277222,0.6499999761581421,0.0,92.86822509765625,6222,3,-0.09251366555690765
1790090936.3576994,3,0.6050500273704529,0.6499999761581421,0.0,92.18694305419922,6122,3,0.0
1790090936.4086277,3,0.6053455471992493,0.6499999761581421,0.0,91.5484390258789,6164,3,0.016824286431074142
1790090936.4593806,3,0.6056044101715088,0.6499999761581421,0.0,90.9525146484375,6068,3,0.042966078966856
1790090936.5101967,3,0.6058990955352783,0.6499999761581421,0.0,90.3817138671875,6049,3,0.06927090138196945
1790090936.5613282,3,0.6061526536941528,0.6499999761581421,0.0,89.83773803710938,6025,3,0.09573179483413696
1790090936.6119168,3,0.6064063310623169,0.6499999761581421,0.0,89.30048370361328,5949,3,0.12234613299369812
1790090936.662537,3,0.6066908836364746,0.6499999761581421,0.0,88.7781982421875,5989,3,0.14911073446273804
1790090936.7130284,3,0.6069398522377014,0.6499999761581421,0.0,88.26883697509766,5884,3,0.17602309584617615
1790090936.7639716,3,0.6072225570678711,0.6499999761581421,0.0,87.78727722167969,5900,3,0.20307859778404236
1790090936.8146214,3,0.6074774861335754,0.6499999761581421,0.0,87.34969329833984,5931,3,0.22866688668727875
1790090936.8651536,3,0.6077485084533691,0.6499999761581421,0.0,86.91844940185547,5815,3,0.10843738913536072
1790090936.9158847,3,0.6079984903335571,0.6499999761581421,0.0,86.438720703125,5825,3,0.0327238030731678
1790090936.966734,3,0.6082748174667358,0.6499999761581421,0.0,85.93888092041016,5843,3,0.06031523272395134
1790090937.017675,3,0.6085178256034851,0.6499999761581421,0.0,85.47783660888672,5732,3,0.08804801106452942
1790090937.0688093,3,0.6087873578071594,0.6499999761581421,0.0,85.044921875,5748,3,0.11591428518295288
1790090937.1193733,3,0.6090295910835266,0.6499999761581421,0.0,84.62879943847656,5774,3,0.14390647411346436
1790090937.1700578,3,0.6092675924301147,0.6499999761581421,0.0,84.24171447753906,5733,3,0.17201821506023407
1790090937.220623,3,0.6095375418663025,0.6499999761581421,0.0,83.88348388671875,5677,3,0.2002425193786621
1790090937.2712424,3,0.6097748279571533,0.6499999761581421,0.0,83.5416030883789,5697,3,0.22857293486595154
1790090937.3217325,3,0.6100383996963501,0.6499999761581421,0.0,83.23811340332031,5732,3,0.25010988116264343
1790090937.3730216,3,0.6102784276008606,0.0,0.0,82.97318267822266,5579,3,0.25084471702575684
1790090937.4241645,3,0.6105411052703857,0.0,0.0,82.61146545410156,5418,3,0.2518549859523773
1790090937.4750726,3,0.6107562184333801,0.0,0.0,82.16989135742188,5307,3,0.2530994117259979
1790090937.5261645,3,0.6110163331031799,0.0,0.0,81.6727066040039,5231,3,0.2545153498649597
1790090937.577337,3,0.6112752556800842,0.0,0.0,81.13919830322266,5182,3,0.2560524642467499
1790090937.6283398,3,0.6115038990974426,0.0,0.0,80.60346221923828,5147,3,0.25761476159095764
1790090937.679014,3,0.6117575168609619,0.0,0.0,80.08160400390625,5122,3,0.2591550350189209
1790090937.729967,3,0.6119812726974487,0.0,0.0,79.58067321777344,5100,3,0.26065096259117126
1790090937.7807539,3,0.6122338175773621,0.0,0.0,79.10919952392578,5083,3,0.2620748281478882
1790090937.8312736,3,0.6124535799026489,0.0,0.0,78.69388580322266,5071,3,0.2633419930934906
1790090937.8821898,3,0.6126996278762817,0.0,0.7135897278785706,77.59478759765625,4842,3,0.2667554020881653
1790090937.9330792,3,0.6129145622253418,0.0,0.8374603390693665,75.88346862792969,4630,3,0.2722499370574951
1790090937.983701,3,0.613125205039978,0.0,0.9366834759712219,74.05738830566406,4451,3,0.27836814522743225
1790090938.0345232,3,0.6133570671081543,0.0,0.8938484787940979,72.06179809570312,4360,3,0.2853766679763794
1790090938.0852225,3,0.6135589480400085,0.0,0.0,70.84418487548828,4614,3,0.28982898592948914
1790090938.1361165,3,0.6137970685958862,0.0,0.0,70.44827270507812,4762,3,0.2913067638874054
1790090938.1870525,3,0.6140020489692688,0.07200000435113907,0.0,70.29315185546875,4774,3,0.29188990592956543
1790090938.2378354,3,0.6142079830169678,0.2759999632835388,0.0,70.34617614746094,4839,3,0.29169028997421265
1790090938.288772,3,0.6144405007362366,0.4799998700618744,0.0,70.70445251464844,4984,3,0.1686200052499771
1790090938.3393314,3,0.6146701574325562,0.6840002536773682,0.0,71.28518676757812,5034,3,0.08746232092380524
1790090938.390134,3,0.6148912310600281,0.8880006670951843,0.0,71.93449401855469,5024,3,0.11971273273229599
1790090938.4409754,3,0.6151122450828552,1.0,0.0,72.53767395019531,5218,3,0.0917215347290039
1790090938.4915159,3,0.6153813600540161,1.0,0.0,73.2589111328125,5109,3,-0.016962522640824318
1790090938.5422592,3,0.6156138777732849,1.0,0.0,74.1919174194336,5220,3,-0.048490460962057114
1790090938.592893,3,0.6158493757247925,1.0,0.0,75.34909057617188,5466,3,-0.07965753227472305
1790090938.6434429,3,0.6161074638366699,1.0,0.0,76.7065200805664,5391,3,-0.11040191352367401
1790090938.6943307,3,0.6163812875747681,1.0,0.0,78.05511474609375,5606,3,0.0
1790090938.7449174,3,0.6166496872901917,1.0,0.0,79.52135467529297,5586,3,0.0
1790090938.7954667,3,0.6169058084487915,1.0,0.0,80.98819732666016,5607,3,0.0
1790090938.8464587,3,0.6171651482582092,1.0,0.0,82.56948852539062,5720,3,0.0
1790090938.8973753,3,0.6174816489219666,1.0,0.0,83.94717407226562,5998,3,0.0
1790090938.9483335,3,0.6177530288696289,1.0,0.0,85.40911865234375,6183,3,0.0
1790090938.9989016,3,0.6180267930030823,1.0,0.0,86.92195892333984,6058,3,0.0
1790090939.049734,3,0.6183642148971558,1.0,0.0,88.30819702148438,6145,3,0.0
1790090939.1004772,3,0.6186485886573792,1.0,0.0,89.78968048095703,6359,3,0.0
1790090939.1511838,3,0.6189415454864502,1.0,0.0,91.29035186767578,6557,3,-0.0030749705620110035
1790090939.202163,3,0.6192919611930847,0.9519999027252197,0.0,92.18450164794922,7025,3,-0.029059752821922302
1790090939.2527297,3,0.6195909380912781,0.9879999756813049,0.0,93.4510498046875,6662,3,-0.0547553114593029
1790090939.3036628,3,0.6198959350585938,1.0,0.0,94.9025650024414,6507,3,-0.08008191734552383
1790090939.354321,3,0.6202564239501953,1.0,0.0,96.31378173828125,6752,3,-0.10502367466688156
1790090939.405102,3,0.620553195476532,1.0,0.0,97.65691375732422,6991,3,-0.12960627675056458
1790090939.4559748,3,0.6209301948547363,1.0,0.0,98.8382339477539,7023,3,0.0
1790090939.5068483,3,0.6212316751480103,1.0,0.0,100.0346450805664,6962,3,0.0
1790090939.5576537,3,0.6215962171554565,1.0,0.0,101.23431396484375,7205,3,0.0
1790090939.6083872,3,0.6219276785850525,1.0,0.0,102.58415222167969,7177,3,0.0
1790090939.6589937,3,0.6223031282424927,1.0,0.0,103.97994232177734,7389,3,-0.014066423289477825
1790090939.7097933,3,0.622665286064148,1.0,0.0,105.61343383789062,7589,3,-0.04781782999634743
1790090939.7604394,3,0.6230137944221497,1.0,0.0,107.169677734375,7565,3,-0.07901111245155334
1790090939.811418,3,0.6233820915222168,1.0,0.0,108.71295166015625,7728,3,0.0
1790090939.8621845,3,0.6237802505493164,1.0,0.0,110.16504669189453,7786,3,0.0
1790090939.9130573,3,0.6241154670715332,1.0,0.0,111.80205535888672,7963,3,0.0
1790090939.9640532,3,0.6245254874229431,1.0,0.0,113.50189208984375,8093,3,0.0
1790090940.0147886,3,0.6249422430992126,1.0,0.0,115.17012023925781,8228,3,0.0
1790090940.065761,3,0.6252931356430054,1.0,0.0,116.85423278808594,8336,3,0.0
1790090940.116618,3,0.6257213354110718,1.0,0.0,118.57611083984375,8397,3,-0.015332099981606007
1790090940.167398,3,0.6261532306671143,1.0,0.0,120.29823303222656,8421,3,-0.04386647790670395
1790090940.2183168,3,0.6265647411346436,1.0,0.0,121.899169921875,8553,3,-0.005334373563528061
1790090940.2688456,3,0.6269319653511047,1.0,0.0,123.42379760742188,8734,3,0.0
1790090940.3193905,3,0.6273801326751709,1.0,0.0,124.94322204589844,8897,3,0.0
1790090940.3699195,3,0.6278297901153564,1.0,0.0,126.44107055664062,9057,3,0.0
1790090940.4208426,3,0.6282060742378235,1.0,0.0,127.94966888427734,9003,3,0.0
1790090940.471305,3,0.6286667585372925,1.0,0.0,129.0088348388672,9013,1,0.0
1790090940.522158,3,0.6290557980537415,1.0,0.0,129.2112579345703,8591,4,0.0
1790090940.5729144,3,0.6295205354690552,1.0,0.0,130.74302673339844,6925,4,0.0
1790090940.623434,3,0.6299907565116882,1.0,0.0,132.23780822753906,7114,4,0.0
1790090940.674348,3,0.630385160446167,1.0,0.0,133.9694061279297,7109,4,-0.004245845600962639
1790090940.725176,3,0.6308616995811462,1.0,0.0,135.66127014160156,7183,4,-0.028018051758408546
1790090940.775946,3,0.6313183903694153,1.0,0.0,137.31527709960938,7290,4,-0.051315128803253174
1790090940.8269763,3,0.6317515969276428,1.0,0.0,138.8668975830078,7461,4,0.0
1790090940.877662,3,0.632243275642395,1.0,0.0,140.31265258789062,7545,4,0.0
1790090940.9285107,3,0.6327371001243591,1.0,0.0,141.9469757080078,7604,4,0.0
1790090940.9795244,3,0.6331523656845093,1.0,0.0,143.60496520996094,7635,4,0.0
1790090941.0302608,3,0.6336590051651001,1.0,0.0,145.25135803222656,7685,4,0.0
1790090941.081045,3,0.6341100931167603,1.0,0.0,146.8787384033203,7751,4,0.0
1790090941.1316772,3,0.6346242427825928,1.0,0.0,148.45452880859375,7862,4,0.0
1790090941.1823013,3,0.6350566744804382,1.0,0.0,149.907958984375,7966,4,0.0
1790090941.2329192,3,0.6355797052383423,1.0,0.0,151.4998016357422,8026,4,-0.01609841361641884
1790090941.2836993,3,0.6361093521118164,1.0,0.0,153.0572967529297,8099,4,-0.03530305624008179
1790090941.334562,3,0.6365552544593811,1.0,0.0,154.6134033203125,8153,4,-0.0013876520097255707
1790090941.3854234,3,0.637094259262085,1.0,0.0,156.1453857421875,8230,4,0.0
1790090941.4358995,3,0.6375797986984253,1.0,0.0,157.64227294921875,8319,4,0.0
1790090941.486531,3,0.6381319761276245,1.0,0.0,159.13853454589844,8390,4,0.0
1790090941.5375068,3,0.6385947465896606,1.0,0.0,160.60975646972656,8469,4,0.0
1790090941.587981,3,0.6391876339912415,1.0,0.0,162.0901641845703,8525,4,0.0
1790090941.638754,3,0.6396605968475342,1.0,0.0,163.5345458984375,8608,4,0.0
1790090941.6892815,3,0.6402648091316223,1.0,0.0,164.8905792236328,8674,4,-0.010676063597202301
1790090941.7404819,3,0.6407467722892761,1.0,0.0,166.29156494140625,8760,4,-0.026936395093798637
1790090941.7913148,3,0.6413614153862,1.0,0.0,166.64683532714844,8934,5,-0.042991843074560165
1790090941.8419185,3,0.6418792605400085,1.0,0.0,167.50303649902344,6917,5,-0.017450299113988876
1790090941.8927295,3,0.6424018144607544,1.0,0.0,168.69937133789062,6995,5,0.0
1790090941.9435787,3,0.6429942846298218,1.0,0.0,169.93312072753906,7051,5,-0.0072692702524363995
1790090941.9942226,3,0.643524169921875,1.0,0.0,171.16441345214844,7118,5,-0.022541090846061707
1790090942.044914,3,0.644058346748352,0.0,0.0,171.99813842773438,6906,5,-0.03759012371301651
1790090942.0955043,3,0.6446937322616577,0.0,0.0,171.9049530029297,6886,5,-0.052596695721149445
1790090942.1465535,3,0.645228385925293,0.0,0.0,171.72341918945312,6871,5,-0.06763025373220444
1790090942.1970537,3,0.6458590030670166,0.0,1.0,169.8662567138672,6597,5,-0.08282960206270218
1790090942.2479472,3,0.6463515758514404,0.0,1.0,167.19265747070312,6441,5,-0.09851814806461334
1790090942.2985902,3,0.6468663811683655,0.0,1.0,164.6336669921875,6269,5,-0.05129940062761307
1790090942.3493493,3,0.6474704742431641,0.0,1.0,161.85255432128906,6182,5,0.0
1790090942.4000087,3,0.6479682922363281,0.0,1.0,159.3086700439453,6193,5,0.0
1790090942.450698,3,0.6484612226486206,0.0,1.0,156.881103515625,6131,5,0.0
1790090942.5012488,3,0.6490358114242554,0.0,1.0,154.54298400878906,6774,1,0.0
1790090942.5519357,3,0.64951092004776,0.0,1.0,152.16273498535156,6489,1,0.0
1790090942.6025577,3,0.6499791145324707,0.0,1.0,149.4870147705078,6772,4,0.0
1790090942.653408,3,0.650525689125061,0.0,1.0,146.63055419921875,6872,4,0.0
1790090942.7040782,3,0.6509764194488525,0.0,1.0,143.8199462890625,6762,4,0.0
1790090942.754849,3,0.6514185667037964,0.0,0.9858980178833008,141.01242065429688,6639,4,0.0
1790090942.8056762,3,0.6518531441688538,0.0,1.0,138.11077880859375,6524,4,0.0
1790090942.8566134,3,0.6523582935333252,0.0,1.0,135.36505126953125,6499,4,-0.009669709019362926
1790090942.907152,3,0.6527738571166992,0.0,1.0,132.52247619628906,6461,4,-0.03373616188764572
1790090942.9577181,3,0.6532059907913208,0.0,1.0,129.7983856201172,6304,4,-0.05861552432179451
1790090943.008246,3,0.6536049246788025,0.0,1.0,127.14521026611328,6146,4,-0.08430381864309311
1790090943.0589287,3,0.6540672183036804,0.0,1.0,124.55852508544922,5987,4,-0.11080463975667953
1790090943.1096995,3,0.6544481515884399,0.0,1.0,122.05613708496094,5817,4,-0.13810643553733826
1790090943.1606283,3,0.6547983288764954,0.0,1.0,119.647705078125,5668,4,-0.16620759665966034
1790090943.211456,3,0.6552329659461975,0.0,0.0,117.39654541015625,5828,4,-0.18154168128967285
1790090943.2623193,3,0.6555936336517334,0.0,0.0,116.77581024169922,5944,4,-0.18245065212249756
1790090943.3131258,3,0.655951976776123,0.0,0.0,116.37808990478516,5922,4,-0.18303784728050232
1790090943.3637266,3,0.6563752889633179,0.0,0.0,115.98905181884766,5883,4,-0.18361589312553406
1790090943.41445,3,0.6567081809043884,0.09600000828504562,0.0,115.59545135498047,5882,4,-0.18420442938804626
1790090943.4652047,3,0.6571300029754639,0.2999999523162842,0.0,115.35981750488281,5953,4,-0.10884666442871094
1790090943.5157733,3,0.6574822664260864,0.5039998888969421,0.0,115.5743408203125,6058,4,-0.026650696992874146
1790090943.5666845,3,0.657817006111145,0.7080003023147583,0.0,116.23857879638672,6189,4,-0.05639573559165001
1790090943.617529,3,0.6582406163215637,0.9120007157325745,0.0,117.16703033447266,6300,4,-0.08585494011640549
1790090943.6684062,3,0.6586468815803528,1.0,0.0,118.19775390625,6311,4,-0.11498153954744339
1790090943.7193582,3,0.6590098738670349,1.0,0.0,119.26353454589844,6300,4,-0.14375218749046326
1790090943.7701297,3,0.6594220399856567,1.0,0.0,120.16743469238281,6414,4,-0.17218902707099915
1790090943.8207774,3,0.6597676277160645,1.0,0.0,121.15419006347656,6301,4,-0.17622695863246918
1790090943.8713582,3,0.6601880788803101,1.0,0.0,121.98622131347656,6543,4,-0.1750919371843338
1790090943.9225087,3,0.6605622172355652,1.0,0.0,122.78787231445312,6630,4,-0.17401213943958282
1790090943.9732392,3,0.6609867811203003,1.0,0.0,123.55137634277344,6574,4,-0.17299601435661316
1790090944.0241332,3,0.6613421440124512,1.0,0.0,124.31495666503906,6485,4,-0.17199160158634186
1790090944.0749717,3,0.6617717146873474,0.0,0.0,125.0012435913086,6466,4,-0.1710987538099289
1790090944.1259766,3,0.6622021794319153,0.0,0.0,124.86157989501953,6351,4,-0.1712796986103058
1790090944.1767945,3,0.6625823974609375,0.0,0.0,124.48039245605469,6313,4,-0.17177550494670868
1790090944.2274337,3,0.6629857420921326,0.0,0.0,124.04804229736328,6284,4,-0.17234136164188385
1790090944.2780585,3,0.6633648872375488,0.13200001418590546,0.0,123.57682800292969,6303,4,-0.17296235263347626
1790090944.328841,3,0.6637888550758362,0.3359999358654022,0.0,123.3855972290039,6381,4,-0.05021809786558151
1790090944.3798394,3,0.6642146706581116,0.5399999618530273,0.0,123.70198822021484,6501,4,0.0
1790090944.4308667,3,0.6645948886871338,0.7440003752708435,0.0,124.44530487060547,6643,4,-0.0031676357612013817
1790090944.4814098,3,0.665001630783081,0.9480007886886597,0.0,125.4504623413086,6752,4,-0.029915843158960342
1790090944.5323176,3,0.6653849482536316,1.0,0.0,126.55120849609375,6814,4,-0.056333187967538834
1790090944.5829234,3,0.6658221483230591,1.0,0.0,127.72966766357422,6816,4,-0.08239132910966873
1790090944.6340492,3,0.6662631034851074,1.0,0.0,128.94732666015625,6924,4,-0.10808315128087997
1790090944.6847572,3,0.666634202003479,0.0,0.0,129.57394409179688,6594,4,-0.13345248997211456
1790090944.7355356,3,0.6670798659324646,0.0,0.0,129.34103393554688,6565,4,-0.15881435573101044
1790090944.786442,3,0.6674996614456177,0.0,0.0,128.99143981933594,6537,4,-0.16608582437038422
1790090944.8370562,3,0.6678941249847412,0.0,0.0,128.57603454589844,6516,4,-0.16659396886825562
1790090944.8880353,3,0.6683109402656555,0.0,0.0,128.1222381591797,6492,4,-0.16715262830257416
1790090944.9387748,3,0.6687507629394531,0.0,0.0,127.64550018310547,6469,4,-0.16774357855319977
1790090944.9896777,3,0.6691396832466125,0.0,0.0,127.19090270996094,6440,4,-0.1683109998703003
1790090945.0405905,3,0.6695506572723389,0.0,0.0,126.6842269897461,6408,4,-0.1689479649066925
1790090945.091277,3,0.6699848771095276,0.0,0.0,126.1502914428711,6376,4,-0.1696244329214096
1790090945.1420305,3,0.670344352722168,0.0,0.0,125.59307861328125,6342,4,-0.17033618688583374
1790090945.1931612,3,0.6707736253738403,0.0,0.0,125.01618194580078,6310,4,-0.17107941210269928
1790090945.2440083,3,0.6712014079093933,0.0,0.0,124.42739868164062,6279,4,-0.17184467613697052
1790090945.2945118,3,0.6715551614761353,0.035999998450279236,0.0,123.83448028564453,6250,4,-0.17262224853038788
1790090945.3451147,3,0.6719776391983032,0.23999996483325958,0.0,123.34689331054688,6327,4,-0.17326699197292328
1790090945.3957593,3,0.6723520755767822,0.44399988651275635,0.0,123.19771575927734,6445,4,-0.17346520721912384
1790090945.4463193,3,0.6727515459060669,0.648000180721283,0.0,123.4595718383789,6596,4,-0.17311756312847137
1790090945.4969573,3,0.6731733083724976,0.8520005941390991,0.0,123.85804748535156,6639,4,-0.1725912094116211
1790090945.5475466,3,0.6735265254974365,1.0,0.0,124.225830078125,6656,4,-0.1721082329750061
1790090945.5984755,3,0.6739537715911865,1.0,0.0,124.69434356689453,6696,4,-0.17149686813354492
1790090945.6492257,3,0.6743822693824768,1.0,0.0,125.23430633544922,6698,4,-0.17079764604568481
1790090945.6999595,3,0.6747409701347351,1.0,0.0,125.68242645263672,6768,4,-0.17022167146205902
1790090945.7505767,3,0.6751709580421448,1.0,0.0,126.29821014404297,6721,4,-0.1694364845752716
1790090945.8012886,3,0.6755554676055908,1.0,0.0,126.9627456665039,6645,4,-0.1685972362756729
1790090945.8520558,3,0.6759925484657288,1.0,0.0,127.54559326171875,6835,4,-0.16786795854568481
1790090945.9028642,3,0.6763839721679688,1.0,0.0,128.141845703125,6846,4,-0.16712839901447296
1790090945.9533877,3,0.6768231391906738,1.0,0.0,128.8052520751953,6748,4,-0.16631318628787994
1790090946.0040944,3,0.6772170066833496,1.0,0.0,129.4632110595703,6818,4,-0.16551247239112854
1790090946.0550637,3,0.677636444568634,1.0,0.0,130.21156311035156,6919,4,-0.1646110862493515
1790090946.1058965,3,0.6780860424041748,1.0,0.0,130.95335388183594,7037,4,-0.16372723877429962
1790090946.1567822,3,0.6784876585006714,1.0,0.0,131.5902557373047,7005,4,-0.16297590732574463
1790090946.2074597,3,0.6789385080337524,1.0,0.0,132.21592712402344,6949,4,-0.1622444987297058
1790090946.258092,3,0.6793414950370789,1.0,0.0,132.81398010253906,7145,4,-0.16155149042606354
1790090946.3086376,3,0.6797991394996643,1.0,0.0,133.43545532226562,7094,4,-0.1608375906944275
1790090946.3593678,3,0.6801790595054626,1.0,0.0,134.02975463867188,7024,4,-0.16016077995300293
1790090946.4099915,3,0.6806643009185791,1.0,0.0,134.6029510498047,7182,4,-0.15951336920261383
1790090946.460804,3,0.6810491681098938,1.0,0.0,135.1366424560547,7231,4,-0.15891528129577637
1790090946.511495,3,0.6815119981765747,1.0,0.0,135.6979522705078,7149,4,-0.1582910418510437
1790090946.5623682,3,0.6819257140159607,1.0,0.0,136.19557189941406,7220,4,-0.1577417403459549
1790090946.6130788,3,0.682392418384552,1.0,0.0,136.64144897460938,7320,4,-0.15725277364253998
1790090946.6636739,3,0.6828094124794006,1.0,0.0,137.14797973632812,7235,4,-0.1567009687423706
1790090946.714371,3,0.6832779049873352,1.0,0.0,137.6514434814453,7266,4,-0.15615631639957428
1790090946.764835,3,0.683672308921814,1.0,0.0,138.12498474121094,7409,4,-0.15564747154712677
1790090946.8154993,3,0.6841714978218079,1.0,0.0,138.65101623535156,7342,4,-0.15508611500263214
1790090946.8661683,3,0.6845675110816956,1.0,0.0,139.19569396972656,7324,4,-0.15450911223888397
1790090946.916953,3,0.6850711703300476,1.0,0.0,139.67413330078125,7528,4,-0.15400579571723938
1790090946.967936,3,0.6854982972145081,1.0,0.0,140.16773986816406,7465,4,-0.15348994731903076
1790090947.0184507,3,0.6859002709388733,1.0,0.0,140.71246337890625,7353,4,-0.15292470157146454
1790090947.0690563,3,0.6864134073257446,1.0,0.0,141.18263244628906,7532,4,-0.1524401307106018
1790090947.1197796,3,0.6868182420730591,1.0,0.0,141.65322875976562,7561,4,-0.1519581824541092
1790090947.1703296,3,0.6873341202735901,1.0,0.0,142.1960906982422,7409,4,-0.15140600502490997
1790090947.2208579,3,0.6877709031105042,1.0,0.0,142.68482971191406,7613,4,-0.08497102558612823
1790090947.2715716,3,0.6882629990577698,1.0,0.0,143.25502014160156,7653,4,0.0
1790090947.3226962,3,0.6887035369873047,1.0,0.0,143.9060821533203,7583,4,-0.005015491973608732
1790090947.373203,3,0.6891195178031921,1.0,0.0,144.58883666992188,7639,4,-0.026227274909615517
1790090947.4240072,3,0.6896473169326782,1.0,0.0,145.29197692871094,7622,4,-0.047257184982299805
1790090947.4749007,3,0.6900933384895325,1.0,0.0,146.0145721435547,7753,4,-0.06810899823904037
1790090947.5255332,3,0.6905432343482971,1.0,0.0,146.8108673095703,7800,4,-0.08876069635152817
1790090947.5766551,3,0.6910796761512756,1.0,0.0,147.554931640625,7771,4,-0.10921775549650192
1790090947.627424,3,0.6915633678436279,1.0,0.0,148.29896545410156,7944,4,-0.12948831915855408
1790090947.678111,3,0.6920216083526611,1.0,0.0,149.08395385742188,7771,4,-0.14473314583301544
1790090947.728934,3,0.6925675272941589,1.0,0.0,149.72335815429688,7856,4,-0.14414338767528534
1790090947.7793376,3,0.6930293440818787,1.0,0.0,150.37196350097656,7983,4,-0.06827414035797119
1790090947.8302584,3,0.6934943795204163,1.0,0.0,151.15505981445312,8099,4,0.0
1790090947.8812246,3,0.693962574005127,1.0,0.0,151.95751953125,8077,4,0.0
1790090947.9320495,3,0.6945204138755798,1.0,0.0,152.64541625976562,8166,4,0.0
1790090947.9836497,3,0.6949943900108337,1.0,0.0,153.42190551757812,8151,4,0.0
1790090948.0342872,3,0.6954996585845947,1.0,0.0,154.40538024902344,7975,4,0.008836758323013783
1790090948.0853348,3,0.6960375308990479,1.0,0.0,155.35816955566406,8274,4,0.027450332418084145
1790090948.1363392,3,0.6965504288673401,1.0,0.0,156.57760620117188,8363,4,0.04579249396920204
1790090948.187327,3,0.697037398815155,1.0,0.0,157.84637451171875,8292,4,0.06385164707899094
1790090948.238373,3,0.6975288391113281,1.0,0.0,159.02685546875,8463,4,0.08164358884096146
1790090948.2889104,3,0.698120653629303,1.0,0.0,160.18019104003906,8555,4,0.09917137026786804
1790090948.3397567,3,0.6986217498779297,1.0,0.0,161.05992126464844,8436,4,0.0
1790090948.3903768,3,0.6991239786148071,1.0,0.0,161.90911865234375,8686,4,0.0
1790090948.4412067,3,0.6996600031852722,1.0,0.0,162.756103515625,8673,4,0.0019841163884848356
1790090948.491943,3,0.7002312541007996,1.0,0.0,163.70895385742188,8552,4,0.018736660480499268
1790090948.5426626,3,0.7007737159729004,1.0,0.0,164.48463439941406,8568,4,0.03531660884618759
1790090948.5934343,3,0.7012869119644165,1.0,0.0,165.15771484375,8733,4,0.05173823982477188
1790090948.6442132,3,0.7018991708755493,1.0,0.0,165.8484649658203,8885,4,0.06802070140838623
1790090948.6949544,3,0.7024164199829102,1.0,0.0,166.69989013671875,8665,4,0.08414828032255173
1790090948.7455716,3,0.7029358744621277,1.0,0.0,167.49386596679688,8766,4,0.09916835278272629
1790090948.7964938,3,0.7034606337547302,1.0,0.0,168.33457946777344,8901,4,0.11495727300643921
1790090948.8474176,3,0.7040862441062927,1.0,0.0,169.1056365966797,8980,4,0.03728073462843895
1790090948.8980823,3,0.704616367816925,1.0,0.0,169.92672729492188,8848,4,0.0
1790090948.9489348,3,0.705181896686554,1.0,0.0,170.08580017089844,8816,1,0.0
1790090948.9998217,3,0.7057146430015564,1.0,0.0,170.144287109375,7387,5,0.0
1790090949.0504582,3,0.7063493132591248,1.0,0.0,170.66354370117188,7205,5,0.0
1790090949.1017203,3,0.7068864703178406,1.0,0.0,171.3590545654297,7162,5,0.0035618518013507128
1790090949.1522563,3,0.7074587345123291,1.0,0.0,172.13954162597656,7226,5,0.018605703487992287
1790090949.2027597,3,0.7079991102218628,1.0,0.0,172.8345184326172,7278,5,0.033495597541332245
1790090949.2534015,3,0.7086437940597534,1.0,0.0,173.60118103027344,7213,5,0.04826965555548668
1790090949.3041873,3,0.7091894745826721,1.0,0.0,174.52745056152344,7322,5,0.06287465989589691
1790090949.3552744,3,0.7097384929656982,1.0,0.0,175.5897674560547,7319,5,0.07728928327560425
1790090949.4064293,3,0.7103240489959717,1.0,0.0,176.337890625,7250,5,0.09154421836137772
1790090949.457321,3,0.7109799385070801,1.0,0.0,177.02740478515625,7330,5,0.10566643625497818
1790090949.5082211,3,0.7115343809127808,1.0,0.0,177.5466766357422,7490,5,0.12243503332138062
1790090949.5590186,3,0.7120903134346008,1.0,0.0,178.0454864501953,7441,5,0.12210536003112793
1790090949.6094785,3,0.7126476764678955,1.0,0.0,178.5900421142578,7440,5,0.1217474713921547
1790090949.6603885,3,0.7133114337921143,1.0,0.0,179.20066833496094,7520,5,0.12134863436222076
1790090949.7112372,3,0.713871955871582,1.0,0.0,179.93408203125,7542,5,0.026633694767951965
1790090949.761934,3,0.7144350409507751,1.0,0.0,180.64527893066406,7486,5,0.0
1790090949.8126016,3,0.7149994373321533,1.0,0.0,181.3754425048828,7560,5,0.004701463505625725
1790090949.8633406,3,0.7156733870506287,1.0,0.0,182.2225341796875,7659,5,0.017931045964360237
1790090949.914222,3,0.7162431478500366,1.0,0.0,183.1361846923828,7701,5,0.031009798869490623
1790090949.9650192,3,0.7168157696723938,1.0,0.0,184.07699584960938,7720,5,0.04393188655376434
1790090950.0159302,3,0.7174993753433228,1.0,0.0,185.02261352539062,7739,5,0.056698016822338104
1790090950.0664196,3,0.7180771231651306,1.0,0.0,185.95750427246094,7775,5,0.06931042671203613
1790090950.117088,3,0.7186582088470459,1.0,0.0,186.86502075195312,7828,5,0.08177363872528076
1790090950.167551,3,0.7193514704704285,1.0,0.0,187.72854614257812,7859,5,0.093370221555233
1790090950.21828,3,0.7199382185935974,1.0,0.0,188.62680053710938,7895,5,0.10555236786603928
1790090950.2692301,3,0.7205273509025574,1.0,0.0,189.49655151367188,7940,5,0.1149967610836029
1790090950.3198452,3,0.7212297320365906,1.0,0.0,190.35653686523438,7984,5,0.11449617892503738
1790090950.370401,3,0.7218241691589355,1.0,0.0,191.06214904785156,7993,5,0.11408869177103043
1790090950.421054,3,0.7224206924438477,1.0,0.0,191.86288452148438,8015,5,0.11362975090742111
1790090950.471629,3,0.7231317162513733,1.0,0.0,192.6192626953125,8036,5,0.009524546563625336
1790090950.5223217,3,0.7237329483032227,1.0,0.0,193.2619171142578,8073,5,0.0
1790090950.5739198,3,0.7243359088897705,1.0,0.0,194.0145263671875,8160,5,0.0
1790090950.6248999,3,0.7250173091888428,1.0,0.0,194.8590545654297,8173,5,0.011230511590838432
1790090950.675645,3,0.7256259322166443,1.0,0.0,195.7166290283203,8189,5,0.022338051348924637
1790090950.7266974,3,0.7263510823249817,1.0,0.0,196.5112762451172,8238,5,0.03332775831222534
1790090950.7772958,3,0.7269259095191956,1.0,0.0,197.38885498046875,8193,5,0.044198211282491684
1790090950.8281093,3,0.727580189704895,1.0,0.0,198.22418212890625,8205,5,0.0549469031393528
1790090950.878879,3,0.728314220905304,1.0,0.0,199.04393005371094,8233,5,0.06558030098676682
1790090950.9300067,3,0.7288959622383118,1.0,0.0,199.86253356933594,8266,5,0.07610068470239639
1790090950.9809573,3,0.7295575141906738,1.0,0.0,200.66827392578125,8315,5,0.08651018142700195
1790090951.0318758,3,0.7301822304725647,1.0,0.0,201.44166564941406,8384,5,0.09681209176778793
1790090951.0824454,3,0.7309267520904541,1.0,0.0,202.14784240722656,8432,5,0.10804729163646698
1790090951.1332924,3,0.7315554022789001,1.0,0.0,202.88616943359375,8465,5,0.10766756534576416
1790090951.1840148,3,0.7322258353233337,1.0,0.0,203.56930541992188,8513,5,0.10731859505176544
1790090951.2349367,3,0.7328588962554932,1.0,0.0,204.23472595214844,8539,5,0.10698085278272629
1790090951.2860813,3,0.7334932088851929,1.0,0.0,204.85018920898438,8585,5,0.10667034983634949
1790090951.337185,3,0.7342884540557861,1.0,0.0,205.42909240722656,8615,5,0.1063799262046814
1790090951.3879735,3,0.7349661588668823,1.0,0.0,205.9715118408203,8637,5,0.07780307531356812
1790090951.4386392,3,0.7356065511703491,1.0,0.0,206.56797790527344,8629,5,0.0
1790090951.4895644,3,0.73628830909729,1.0,0.0,207.148193359375,8716,5,0.0
1790090951.5404727,3,0.7369319796562195,1.0,0.0,207.77647399902344,8727,5,0.0
1790090951.5916348,3,0.7376171350479126,1.0,0.0,208.30455017089844,8766,5,0.0
1790090951.6423032,3,0.7383435368537903,1.0,0.0,208.69276428222656,8759,5,0.0076929437927901745
1790090951.6931412,3,0.7390722632408142,1.0,0.0,209.1036376953125,8719,5,0.016990747302770615
1790090951.7437475,3,0.7397212386131287,1.0,0.0,209.6969757080078,8665,5,0.026227526366710663
1790090951.794264,3,0.7403734922409058,1.0,0.0,210.22628784179688,8716,5,0.0
1790090951.845131,3,0.7410270571708679,1.0,0.0,210.93353271484375,8716,5,0.0
1790090951.8956923,3,0.741806149482727,1.0,0.0,211.66806030273438,8630,5,0.0
1790090951.946436,3,0.7424643635749817,1.0,0.0,212.29722595214844,8750,5,0.0
1790090951.9973907,3,0.7431665062904358,1.0,0.0,213.10462951660156,8768,5,-0.0036750000435858965
1790090952.047927,3,0.743871808052063,1.0,0.0,213.937744140625,8792,5,-0.012599996291100979
1790090952.0986772,3,0.7445793747901917,1.0,0.0,214.7877655029297,8834,5,0.0
1790090952.1492035,3,0.7452483177185059,1.0,0.0,215.61834716796875,8888,5,0.0
1790090952.1997912,3,0.7460033893585205,1.0,0.0,216.48297119140625,8912,5,-0.002624999964609742
1790090952.2506487,3,0.7467203736305237,1.0,0.0,217.36068725585938,8894,5,-0.0115499971434474
1790090952.3016348,3,0.7474826574325562,1.0,0.0,218.19723510742188,8930,1,0.0
1790090952.3525703,3,0.7482028007507324,1.0,0.0,217.97181701660156,9355,6,0.0
1790090952.4033802,3,0.748881459236145,1.0,0.0,218.71694946289062,7128,6,0.0
1790090952.453936,3,0.749605119228363,1.0,0.0,219.42999267578125,7153,6,0.0
1790090952.5045621,3,0.7503315210342407,1.0,0.0,220.1121063232422,7182,6,-0.0057749999687075615
1790090952.555235,3,0.7510597109794617,1.0,0.0,220.78155517578125,7275,6,-0.014699994586408138
1790090952.606081,3,0.7517474889755249,1.0,0.0,221.4471435546875,7341,6,-0.02362498827278614
1790090952.6569266,3,0.7524802088737488,1.0,0.0,222.17315673828125,7330,6,0.0
1790090952.7077196,3,0.7532158493995667,1.0,0.0,222.91734313964844,7326,6,0.0
1790090952.7586064,3,0.7539529800415039,1.0,0.0,223.66192626953125,7308,6,0.0
1790090952.8091457,3,0.7546935677528381,1.0,0.0,224.3784637451172,7319,6,-0.00787500012665987
1790090952.8599582,3,0.7554798126220703,1.0,0.0,225.08493041992188,7344,6,-0.016799993813037872
1790090952.9105933,3,0.7560931444168091,1.0,0.0,225.76602172851562,7387,6,-0.0257249865680933
1790090952.9614644,3,0.7568839192390442,1.0,0.0,226.42465209960938,7432,6,-0.03464999049901962
1790090953.0122762,3,0.7576764822006226,1.0,0.0,227.0885009765625,7452,6,-0.04357501491904259
1790090953.063345,3,0.7584272027015686,1.0,0.0,227.74810791015625,7480,6,0.0
1790090953.113999,3,0.7590929269790649,1.0,0.0,228.40200805664062,7509,6,0.0
1790090953.1646194,3,0.7598475813865662,1.0,0.0,229.02122497558594,7535,6,0.0
1790090953.2153058,3,0.7606500387191772,1.0,0.0,229.67202758789062,7570,6,0.0
1790090953.2658734,3,0.7614099383354187,1.0,0.0,230.3416290283203,7579,6,0.0
1790090953.316816,3,0.7620826959609985,1.0,0.0,231.04074096679688,7566,6,0.0
1790090953.3673618,3,0.7629361748695374,1.0,0.0,231.7261505126953,7578,6,0.0
1790090953.4179084,3,0.7637487053871155,1.0,0.0,232.40771484375,7593,6,0.0
1790090953.4685333,3,0.764427125453949,1.0,0.0,233.08013916015625,7630,6,0.0
1790090953.5191383,3,0.7652432918548584,1.0,0.0,233.75294494628906,7664,6,-0.0010499999625608325
1790090953.5696175,3,0.76592618227005,1.0,0.0,234.39193725585938,7682,6,-0.00944999884814024
1790090953.6207423,3,0.7667921781539917,1.0,0.0,235.07379150390625,7709,6,0.0
1790090953.6714735,3,0.7674784064292908,1.0,0.0,235.75753784179688,7730,6,0.0
1790090953.7221563,3,0.76835036277771,1.0,0.0,236.44752502441406,7747,6,0.0
1790090953.772854,3,0.7690404057502747,1.0,0.0,237.1369171142578,7765,6,0.0
1790090953.823623,3,0.769917368888855,1.0,0.0,237.8250732421875,7780,6,-0.0031500000040978193
1790090953.8742588,3,0.770658016204834,1.0,0.0,238.51675415039062,7793,6,-0.012074996717274189
1790090953.9253073,3,0.7714009284973145,1.0,0.0,239.18527221679688,7828,6,-0.02099999040365219
1790090953.9764795,3,0.7722392678260803,1.0,0.0,239.8607635498047,7847,6,0.0
1790090954.0275576,3,0.7729861736297607,1.0,0.0,240.54971313476562,7855,6,0.002099999925121665
1790090954.078576,3,0.7737352252006531,1.0,0.0,241.20587158203125,7911,6,0.01102499756962061
1790090954.1292963,3,0.7746745944023132,1.0,0.0,241.8385772705078,7970,6,0.01994999125599861
1790090954.1803722,3,0.7754272222518921,1.0,0.0,242.54754638671875,7941,6,0.02887498401105404
1790090954.231102,3,0.7761827111244202,1.0,0.0,243.2503662109375,7931,6,0.03779999911785126
1790090954.2818685,3,0.7769393920898438,1.0,0.0,243.88906860351562,7992,6,0.04672502353787422
1790090954.332601,3,0.7777456641197205,1.0,0.0,244.52366638183594,8013,6,0.0
1790090954.3833654,3,0.7786493897438049,1.0,0.0,245.16311645507812,8035,6,0.0
1790090954.434304,3,0.7794132232666016,1.0,0.0,245.84547424316406,7998,6,0.0
1790090954.4851918,3,0.7802743315696716,1.0,0.0,246.43544006347656,8044,6,0.0
1790090954.5357947,3,0.7810415029525757,1.0,0.0,247.05303955078125,8089,6,0.0
1790090954.5865638,3,0.7818102240562439,1.0,0.0,247.64759826660156,8129,6,0.0
1790090954.6371446,3,0.7827253341674805,1.0,0.0,248.21044921875,8216,6,-0.002099999925121665
1790090954.6878679,3,0.7834987044334412,1.0,0.0,248.90159606933594,8192,6,-0.01102499756962061
1790090954.7389956,3,0.7842245697975159,1.0,0.0,249.6368408203125,8144,6,0.0
1790090954.789546,3,0.7851476073265076,1.0,0.0,250.3210906982422,8139,6,0.0
1790090954.8400426,3,0.7859262824058533,1.0,0.0,250.9489288330078,8194,6,0.0
1790090954.8907363,3,0.7868545055389404,1.0,0.0,251.61270141601562,8214,6,0.0
1790090954.9415638,3,0.7875893115997314,1.0,0.0,252.2931365966797,8204,6,0.0
1790090954.9927268,3,0.7883738875389099,1.0,0.0,252.9317169189453,8235,6,-0.00839999970048666
1790090955.0433037,3,0.7893096804618835,1.0,0.0,253.57081604003906,8264,6,-0.017324993386864662
1790090955.0937798,3,0.7900485992431641,1.0,0.0,254.17745971679688,8321,6,0.0
1790090955.144626,3,0.790988564491272,1.0,0.0,254.72886657714844,8391,6,0.0
1790090955.1956449,3,0.7917318344116211,1.0,0.0,255.39866638183594,8408,6,0.0
1790090955.246561,3,0.7926263213157654,1.0,0.0,256.01849365234375,8380,6,0.0
1790090955.2971773,3,0.7934234738349915,1.0,0.0,256.6888122558594,8366,6,0.0
1790090955.3477323,3,0.7943226099014282,1.0,0.0,257.3429870605469,8371,6,0.0
1790090955.398256,3,0.7951237559318542,1.0,0.0,257.9447021484375,8430,6,0.0
1790090955.4488885,3,0.7960275411605835,1.0,0.0,258.56658935546875,8462,6,0.0
1790090955.499612,3,0.7968322038650513,1.0,0.0,259.18939208984375,8474,6,0.0
1790090955.5503445,3,0.7977405190467834,1.0,0.0,259.8442687988281,8459,1,0.0
1790090955.601208,3,0.7984976768493652,1.0,0.0,259.59576416015625,9260,7,0.0
1790090955.6521487,3,0.7994063496589661,1.0,0.0,260.16656494140625,6936,7,0.0
1790090955.7027807,3,0.8003175854682922,1.0,0.0,260.7124938964844,6920,7,-0.004724999889731407
1790090955.753516,3,0.8010786771774292,1.0,0.0,261.2629089355469,6928,7,-0.013649995438754559
1790090955.8042777,3,0.8019934892654419,1.0,0.0,261.8107604980469,6943,7,-0.02257498912513256
1790090955.8551993,3,0.8029107451438904,1.0,0.0,262.3328857421875,6981,7,-0.03149998188018799
1790090955.9061735,3,0.803676187992096,1.0,0.0,262.8464050292969,7012,7,-0.04042500630021095
1790090955.9570735,3,0.8045969605445862,1.0,0.0,263.379638671875,7002,7,-0.009450025856494904
1790090956.0077443,3,0.8055191040039062,0.0,0.0,263.65765380859375,6888,7,0.0031500000040978193
1790090956.0583873,3,0.8062871098518372,0.0,0.0,263.32720947265625,6859,7,0.012074996717274189
1790090956.1091268,3,0.8072071075439453,0.0,0.734980583190918,262.1313781738281,6742,7,0.02099999040365219
1790090956.1598434,3,0.8081205487251282,0.0,0.9724799394607544,260.02899169921875,6610,7,0.0
1790090956.2107306,3,0.8088751435279846,0.0,1.0,257.4501037597656,6472,7,0.0
1790090956.2616856,3,0.8097221851348877,0.0,0.9510470628738403,254.5178985595703,6303,7,0.0
1790090956.3125427,3,0.8106070160865784,0.0,1.0,251.19622802734375,6328,7,0.0
1790090956.3632493,3,0.8113357424736023,0.0,1.0,247.9533233642578,6321,7,0.0
1790090956.4140365,3,0.8121989369392395,0.8999999761581421,0.8549495935440063,245.0720672607422,7021,1,0.0
1790090956.4649634,3,0.8130534887313843,0.0,0.7078698873519897,242.95953369140625,6724,1,0.0
1790090956.5156915,3,0.8137595057487488,0.0,0.9167470335960388,240.8900909423828,6767,6,0.0
1790090956.5664086,3,0.8145979046821594,0.0,1.0,237.8986053466797,7038,6,0.0
1790090956.6169925,3,0.8152875304222107,0.0,1.0,234.69284057617188,7240,6,0.006300000008195639
1790090956.6682217,3,0.8161495923995972,0.0,1.0,231.5904998779297,7173,6,0.015224994160234928
1790090956.719052,3,0.8169547319412231,0.0,1.0,228.6836700439453,7020,6,0.014174988493323326
1790090956.7699528,3,0.8175744414329529,0.0,0.7251083850860596,225.87460327148438,6954,6,0.0
1790090956.8207848,3,0.8183606266975403,0.0,1.0,223.12124633789062,6874,6,0.0
1790090956.8714871,3,0.8191372752189636,0.0,1.0,220.25704956054688,6747,6,0.0
1790090956.9227462,3,0.8197755813598633,0.0,1.0,217.22569274902344,6722,6,0.00839999970048666
1790090956.9736447,3,0.820531964302063,0.0,1.0,214.30892944335938,6667,6,0.017324993386864662
1790090957.0244818,3,0.8212765455245972,0.0,1.0,211.4599151611328,6556,6,0.02625812403857708
1790090957.0754058,3,0.822011411190033,0.0,1.0,208.72474670410156,6462,6,0.03541972115635872
1790090957.1259868,3,0.8226168155670166,0.8999999761581421,1.0,206.05747985839844,7025,1,0.04491516575217247
1790090957.1766741,3,0.8233339190483093,0.0,1.0,203.52520751953125,6871,1,0.05473828688263893
1790090957.2276585,3,0.8239240050315857,0.0,1.0,200.82472229003906,6893,5,0.06490302085876465
1790090957.2782402,3,0.8246603012084961,0.0,1.0,197.76206970214844,7560,5,0.07546386122703552
1790090957.328971,3,0.8252337574958801,0.0,1.0,195.09632873535156,7528,5,0.08642653375864029
1790090957.3798912,3,0.8259496688842773,0.0,0.9299464821815491,192.62893676757812,7434,5,0.09775914251804352
1790090957.4304414,3,0.8265082240104675,0.0,0.8139238953590393,190.61566162109375,7365,5,0.10874130576848984
1790090957.4809906,3,0.8272079825401306,0.0,0.8770735263824463,188.56393432617188,7170,5,0.11554460972547531
1790090957.5317671,3,0.827754020690918,0.0,1.0,186.26812744140625,7074,5,0.11691572517156601
1790090957.5824163,3,0.8284364342689514,0.0,0.997935950756073,183.81727600097656,7007,5,0.11841581016778946
1790090957.6333427,3,0.8289677500724792,0.0,1.0,181.38186645507812,6893,5,0.11994507908821106
1790090957.683973,3,0.8295267820358276,0.0,0.9406068921089172,179.07119750976562,6843,5,0.12143298238515854
1790090957.7346373,3,0.8301809430122375,0.0,0.9406471848487854,176.93882751464844,6684,5,0.12283919751644135
1790090957.7856724,3,0.83072429895401,0.0,0.9404885172843933,174.72364807128906,6600,5,0.12433494627475739
1790090957.8363194,3,0.831260621547699,0.675000011920929,0.9669011235237122,172.48605346679688,6769,1,0.12588326632976532
1790090957.8872159,3,0.8318862318992615,0.0,0.9600946307182312,170.3511962890625,7046,1,0.1273968666791916
1790090957.9379501,3,0.8324061036109924,0.0,0.9290118217468262,168.2527618408203,6774,4,0.1289205551147461
1790090957.9887207,3,0.832918107509613,0.0,0.9122452735900879,166.064208984375,7379,4,0.13054898381233215
1790090958.0393946,3,0.8335157036781311,0.0,0.8624522089958191,164.0994415283203,7631,4,0.13204635679721832
1790090958.089981,3,0.8340126276016235,0.0,0.895193874835968,162.11795043945312,7504,4,0.1335916668176651
1790090958.1404877,3,0.8344992995262146,0.0,0.9875333905220032,160.07913208007812,7299,4,0.13521990180015564
1790090958.1915026,3,0.8350735306739807,0.0,1.0,157.9141845703125,7175,4,0.13699288666248322
1790090958.2423906,3,0.8355180025100708,0.0,1.0,155.671142578125,7087,4,0.13887952268123627
1790090958.293501,3,0.8359832763671875,0.0,0.9732409119606018,153.45947265625,6952,4,0.1407913714647293
1790090958.3442743,3,0.8365275263786316,0.0,0.9276848435401917,151.3669891357422,6827,4,0.14264929294586182
1790090958.3949385,3,0.8369495868682861,0.0,0.8979806303977966,149.4171600341797,6758,4,0.14442521333694458
1790090958.4455638,3,0.8374791741371155,0.0,0.9100269079208374,147.52952575683594,6644,4,0.14618714153766632
1790090958.4963536,3,0.8378807902336121,0.0,0.9017031192779541,145.62286376953125,6528,4,0.1480110138654709
1790090958.5472472,3,0.8383905291557312,0.0,0.7499494552612305,143.84059143066406,6437,4,0.1497575342655182
1790090958.5982432,3,0.8387889862060547,0.0,0.8656272888183594,142.177978515625,6310,4,0.151424378156662
1790090958.6489534,3,0.8392806649208069,0.0,0.8794279098510742,140.56085205078125,6256,4,0.15308159589767456
1790090958.6998012,3,0.8396700024604797,0.0,0.8093985319137573,138.86602783203125,6170,4,0.1548578143119812
1790090958.7508764,3,0.8401239514350891,0.0,0.7939793467521667,137.25523376464844,6073,4,0.15658462047576904
1790090958.8015409,3,0.8405239582061768,0.0,0.7941817045211792,135.7967529296875,5994,4,0.15818168222904205
1790090958.8524206,3,0.8409895300865173,0.0,0.8753966689109802,134.2525177001953,5905,4,0.15990856289863586
1790090958.9034467,3,0.8413796424865723,0.0,1.0,132.5308837890625,5820,4,0.1618787944316864
1790090958.953989,3,0.8417666554450989,0.0,1.0,130.5640869140625,5706,4,0.16418986022472382
1790090959.0047114,3,0.842144250869751,0.0,0.8813338279724121,128.53543090820312,5649,4,0.16664378345012665
1790090959.0553973,3,0.8425979018211365,0.0,0.6755790114402771,126.74143981933594,5529,4,0.1688757985830307
1790090959.10599,3,0.8429641127586365,0.0,0.7125325798988342,125.13346099853516,6203,1,0.17092779278755188
1790090959.1567235,3,0.8433604836463928,0.0,0.0,123.64055633544922,5946,1,0.17287810146808624
1790090959.2074692,3,0.8436864018440247,0.0,0.0,122.42496490478516,6616,3,0.17449931800365448
1790090959.2585893,3,0.8440799713134766,0.0,0.0,121.13017272949219,6995,3,0.17625993490219116
1790090959.3095317,3,0.8444750905036926,0.0,0.0,119.98347473144531,7040,3,0.17784911394119263
1790090959.3603168,3,0.8447807431221008,0.6499999761581421,0.0,118.88070678710938,7296,3,0.17940467596054077
1790090959.411234,3,0.8451587557792664,0.6499999761581421,0.0,118.01237487792969,7872,3,0.1806488186120987
1790090959.4618764,3,0.8454688787460327,0.6499999761581421,0.0,117.22687530517578,7841,3,0.18178923428058624
1790090959.5125263,3,0.8458629250526428,0.6499999761581421,0.0,116.46931457519531,7702,3,0.18290282785892487
1790090959.5630155,3,0.8461681008338928,0.6499999761581421,0.0,115.6571273803711,7671,3,0.18411196768283844
1790090959.6140063,3,0.8465492129325867,0.6499999761581421,0.0,114.82909393310547,7652,3,0.18536125123500824
1790090959.664715,3,0.8468738198280334,0.6499999761581421,0.0,114.0775375366211,7507,3,0.18650995194911957
1790090959.7154782,3,0.8472379446029663,0.6499999761581421,0.0,113.29383850097656,7498,3,0.18772301077842712
1790090959.76621,3,0.8475574254989624,0.6499999761581421,0.0,112.48185729980469,7487,3,0.18899662792682648
1790090959.8169618,3,0.8479183316230774,0.6499999761581421,0.0,111.72425079345703,7348,3,0.05690470710396767
1790090959.8679764,3,0.8482016324996948,0.6499999761581421,0.0,111.03550720214844,7366,3,-0.005548390094190836
1790090959.9188073,3,0.8485504388809204,0.6499999761581421,0.0,110.36679077148438,7260,3,-0.03713074326515198
1790090959.9697094,3,0.8489011526107788,0.6499999761581421,0.0,109.72772979736328,7215,3,-0.06894949823617935
1790090960.0204952,3,0.8492046594619751,0.6499999761581421,0.0,109.05892181396484,7163,3,-0.10100774466991425
1790090960.0711818,3,0.8495264053344727,0.6499999761581421,0.0,108.34947204589844,7053,3,-0.13331785798072815
1790090960.1220522,3,0.8498691916465759,0.6499999761581421,0.0,107.59492492675781,7072,3,-0.1658952236175537
1790090960.172937,3,0.8501445651054382,0.6499999761581421,0.0,106.74354553222656,6933,3,-0.1985146850347519
1790090960.2237995,3,0.8504769206047058,0.6499999761581421,0.0,105.97405242919922,6894,3,-0.1998644322156906
1790090960.2748442,3,0.8507987856864929,0.6499999761581421,0.0,105.2724609375,6899,3,-0.20111116766929626
1790090960.3253844,3,0.851128339767456,0.0,0.0,104.7103271484375,6830,3,-0.20212136209011078
1790090960.3763378,3,0.8514055609703064,0.0,0.0,104.06925201416016,6622,3,-0.20328585803508759
1790090960.4269745,3,0.8517096638679504,0.0,0.0,103.3486328125,6421,3,-0.20461100339889526
1790090960.4779007,3,0.8520408272743225,0.0,0.0,102.47982025146484,6232,3,-0.20623180270195007
1790090960.5286703,3,0.8523682355880737,0.0,0.0,101.43281555175781,6079,3,-0.1684703379869461
1790090960.5796804,3,0.8526755571365356,0.0,0.0,100.32791900634766,5949,3,0.0104979258030653
1790090960.6303265,3,0.8529801368713379,0.0,0.0,99.2100830078125,5837,3,0.03783952072262764
1790090960.681022,3,0.8532235026359558,0.6499999761581421,0.0,98.12030792236328,6443,3,-0.0047641354613006115
1790090960.7316923,3,0.853523850440979,0.6499999761581421,0.0,97.17817687988281,6341,3,-0.02918368950486183
1790090960.7825966,3,0.8538293838500977,0.6499999761581421,0.0,96.22708892822266,6246,3,-0.053848348557949066
1790090960.8334203,3,0.8541264533996582,0.0,0.0,95.20105743408203,6022,3,-0.07877428829669952
1790090960.8840919,3,0.85441654920578,0.0,0.0,94.06888580322266,5826,3,-0.10399284213781357
1790090960.9350293,3,0.8547175526618958,0.0,0.0,92.94171905517578,5650,3,-0.1295160949230194
1790090960.9855955,3,0.8549945950508118,0.0,0.0,91.8670654296875,5508,3,-0.15382328629493713
1790090961.0362608,3,0.8552752733230591,0.0,0.0,90.7282943725586,5383,3,-0.17995566129684448
1790090961.0869043,3,0.8555483818054199,0.0,0.0,89.67646789550781,5277,3,-0.20639309287071228
1790090961.1375937,3,0.8558191061019897,0.0,0.0,88.5610580444336,5184,3,-0.23620736598968506
1790090961.1880891,3,0.8560895323753357,0.0,0.0,87.3685531616211,5103,3,-0.23918591439723969
1790090961.2388685,3,0.8563535213470459,0.0,0.0,86.09107971191406,5031,3,-0.2424612194299698
1790090961.2897966,3,0.8566151857376099,0.0,0.0,84.76692962646484,4955,3,-0.24595218896865845
1790090961.3404026,3,0.8568519949913025,0.0,0.0,83.54193115234375,4882,3,-0.24927249550819397
1790090961.3915823,3,0.8571237325668335,0.0,0.0,82.50965881347656,4814,3,-0.2521408200263977
1790090961.4423785,3,0.8573752045631409,0.0,0.0,81.52598571777344,4750,3,-0.25493624806404114
1790090961.4930654,3,0.8575781583786011,0.0,0.0,80.470947265625,4693,3,-0.25800415873527527
1790090961.544039,3,0.8578211069107056,0.0,0.0,79.3615951538086,4636,3,-0.2613106667995453
1790090961.5948513,3,0.8580693602561951,0.0,0.0,78.27723693847656,4580,3,-0.264625608921051
1790090961.6455982,3,0.858305811882019,0.0,0.6755030155181885,77.16860961914062,4425,3,-0.26810288429260254
1790090961.696248,3,0.8585528135299683,0.0,0.7082924842834473,75.59071350097656,4134,3,-0.27321261167526245
1790090961.7472246,3,0.8587751984596252,0.0,0.7656528949737549,74.05175018310547,4023,3,-0.2783874571323395
1790090961.798111,3,0.8589690923690796,0.0,0.8213450908660889,72.56333923339844,3944,3,-0.28358224034309387
1790090961.8489482,3,0.8591805696487427,0.0,0.7939013242721558,71.10183715820312,3846,3,-0.2888753116130829
1790090961.8994167,3,0.8594009280204773,0.0,1.0,69.38025665283203,3719,3,-0.295369416475296
1790090961.9503932,3,0.8596088886260986,0.0,0.4390158951282501,67.88540649414062,3683,3,-0.3012498617172241
1790090962.0016618,3,0.8597718477249146,0.0,0.4466865360736847,66.73802947998047,3604,3,-0.305924654006958
1790090962.052326,3,0.8599741458892822,0.0,0.0,65.67122650146484,3622,3,-0.3104032874107361
1790090962.1029189,3,0.8601717948913574,0.0,0.0,64.37928009033203,3622,3,-0.31600579619407654
1790090962.1535819,3,0.860352098941803,0.0,0.0,63.3996467590332,3599,3,-0.32039064168930054
1790090962.2044978,3,0.8605109453201294,0.6499999761581421,0.0,62.34298324584961,4659,1,-0.3252587914466858
1790090962.2551165,3,0.8606921434402466,0.6499999761581421,0.0,61.37569808959961,6111,1,-0.32984670996665955
1790090962.3058114,3,0.8608595132827759,0.0,0.0,60.74633026123047,6025,2,-0.3329019546508789
1790090962.356562,3,0.8610314726829529,0.0,0.0,60.226192474365234,5984,2,-0.335470050573349
1790090962.4074106,3,0.8611711263656616,0.0,0.0,59.876861572265625,5652,2,-0.33721715211868286
1790090962.4580014,3,0.8613359332084656,0.0,0.0,59.480712890625,5404,2,-0.3392205536365509
1790090962.5087512,3,0.861486554145813,0.0,0.0,58.815101623535156,5177,2,-0.34264078736305237
1790090962.5596201,3,0.8616392612457275,0.0,0.0,58.0728759765625,5006,2,-0.3465369939804077
1790090962.610466,3,0.8617801666259766,0.0,0.0,57.14449691772461,4871,2,-0.35153695940971375
1790090962.6612983,3,0.8619120717048645,0.0,0.0,56.20914077758789,4767,2,-0.35672250390052795
1790090962.7122781,3,0.8620303869247437,0.0,0.0,55.37366485595703,4685,2,-0.36148545145988464
1790090962.7629654,3,0.8621507883071899,0.0,0.0,54.59889602661133,4620,2,-0.3660173714160919
1790090962.813591,3,0.8622646331787109,0.0,0.0,53.84442138671875,4567,2,-0.37054112553596497
1790090962.864449,3,0.8623658418655396,0.0,0.0,53.07945251464844,4526,2,-0.3752433955669403
1790090962.9150977,3,0.862462043762207,0.0,0.0,52.312923431396484,4490,2,-0.3800765573978424
1790090962.9661982,3,0.8625741600990295,0.0,0.0,51.567989349365234,4454,2,-0.38489434123039246
1790090963.0167947,3,0.8626537322998047,0.0,0.0,50.8537483215332,4419,2,-0.3896297514438629
1790090963.0673728,3,0.8627398014068604,0.0,0.0,50.20991134643555,4387,2,-0.3939993381500244
1790090963.1181471,3,0.8628159165382385,0.0,0.0,49.55662155151367,4353,2,-0.3985344171524048
1790090963.168686,3,0.8628749251365662,0.0,0.6562560796737671,48.75012969970703,4226,2,-0.40427908301353455
1790090963.219364,3,0.8629452586174011,0.0,0.775230884552002,47.04264450073242,3954,2,-0.4170052409172058
1790090963.270305,3,0.8629974126815796,0.0,0.8610554337501526,45.23350143432617,3741,2,-0.4313933849334717
1790090963.320931,3,0.8630478382110596,0.0,0.8875281810760498,43.668434143066406,3600,2,-0.4446660578250885
1790090963.3716223,3,0.8631013631820679,0.0,0.7407191395759583,41.946407318115234,3555,2,-0.46024659276008606
1790090963.4222057,3,0.863138735294342,0.0,0.7419553399085999,40.52661895751953,3483,2,-0.4739381968975067
1790090963.4728637,3,0.863178551197052,0.0,0.8753949403762817,38.83224105834961,3411,2,-0.4913831353187561
1790090963.523589,3,0.8632060289382935,0.0,0.9000324010848999,37.147823333740234,3348,2,-0.5100468397140503
1790090963.5743258,3,0.8632458448410034,0.0,0.9381806254386902,35.310752868652344,3313,2,-0.5320881605148315
1790090963.6250653,3,0.8632829785346985,0.0,0.871481716632843,33.7470588684082,3107,2,-0.5524076223373413
1790090963.6758773,3,0.8633148670196533,0.0,0.8668065667152405,32.2845573425293,2880,2,-0.5728687047958374
1790090963.7266688,3,0.8633584976196289,0.0,0.9107273817062378,30.59646224975586,2763,2,-0.5984545946121216
1790090963.7776906,3,0.8633894324302673,0.0,0.0,29.38458251953125,2916,2,-0.6182786822319031
1790090963.8284152,3,0.8634405732154846,0.0,0.0,29.285430908203125,2816,2,-0.6199588775634766
1790090963.879968,3,0.8635017275810242,0.0,0.0,29.13780403137207,2804,2,-0.6224775314331055
1790090963.9308906,3,0.8635649681091309,0.0,0.0,29.023990631103516,2787,2,-0.6244333386421204
1790090963.9815674,3,0.863635778427124,0.0,0.0,28.92241859436035,2768,2,-0.6261892318725586
1790090964.0322275,3,0.8636890649795532,0.0,0.0,28.81034278869629,2760,2,-0.6281380653381348
1790090964.0828812,3,0.8637570738792419,0.0,0.0,28.706937789916992,2751,2,-0.6299469470977783
1790090964.1337886,3,0.8638423085212708,0.09600000828504562,0.0,28.6138973236084,2770,2,-0.6315835118293762
1790090964.184501,3,0.8639166355133057,0.2999999523162842,0.0,28.793012619018555,2824,2,-0.6284404993057251
1790090964.2353766,3,0.8640030026435852,0.5039998888969421,0.0,29.361709594726562,2975,2,-0.6186654567718506
1790090964.2859216,3,0.8640793561935425,0.6499999761581421,0.0,30.34212875366211,3171,2,-0.6025089025497437
1790090964.3366442,3,0.8641802072525024,0.6499999761581421,0.0,31.376022338867188,3296,2,-0.5863608121871948
1790090964.3875313,3,0.8642765879631042,0.6499999761581421,0.0,32.459373474121094,3435,2,-0.570343554019928
1790090964.438346,3,0.8643726706504822,0.6499999761581421,0.0,33.47914505004883,3621,2,-0.5560457706451416
1790090964.4893548,3,0.8644932508468628,0.6499999761581421,0.0,34.5570182800293,3756,2,-0.5416926145553589
1790090964.5400217,3,0.8645862340927124,0.6499999761581421,0.0,35.6586799621582,3876,2,-0.527768611907959
1790090964.590763,3,0.8647218346595764,0.6620000004768372,0.0,36.5950927734375,3507,2,-0.5164840817451477
1790090964.6416178,3,0.8648449778556824,0.7700002193450928,0.0,37.038047790527344,3630,2,-0.5113124847412109
1790090964.6923842,3,0.8649657964706421,0.9020004868507385,0.0,37.5282096862793,3654,2,-0.505709171295166
1790090964.7430408,3,0.8650878071784973,0.9399998784065247,0.0,38.10212326049805,3696,2,-0.49930256605148315
1790090964.7938652,3,0.8652384877204895,0.9279998540878296,0.0,38.64911651611328,3793,2,-0.4933457672595978
1790090964.8447087,3,0.8653870224952698,0.9399998784065247,0.0,39.22000503540039,3878,2,-0.48727840185165405
1790090964.895406,3,0.8655232191085815,0.9519999027252197,0.0,39.7706298828125,3981,2,-0.4815661907196045
1790090964.9459376,3,0.8656938672065735,0.9639999270439148,0.0,40.322513580322266,4074,2,-0.4759736955165863
1790090964.99648,3,0.8658384680747986,0.9879999756813049,0.0,40.81016159057617,4213,2,-0.47113916277885437
1790090965.047005,3,0.8659840226173401,0.9879999756813049,0.0,41.323368072509766,4325,2,-0.46615615487098694
1790090965.0978706,3,0.8661272525787354,1.0,0.0,41.81778335571289,4418,2,-0.4249183237552643
1790090965.1488702,3,0.8662931323051453,1.0,0.0,42.37346267700195,4525,2,-0.2054682970046997
1790090965.1995618,3,0.8664211630821228,1.0,0.0,43.21537399291992,4527,2,0.007141539826989174
1790090965.2503848,3,0.8665727972984314,1.0,0.0,44.25350570678711,4597,2,0.05122407525777817
1790090965.3015497,3,0.8667142987251282,1.0,0.0,45.760372161865234,4603,2,0.0
1790090965.3525386,3,0.8669005632400513,1.0,0.0,47.2879753112793,4894,2,0.0
1790090965.4032547,3,0.8670656681060791,1.0,0.0,48.88731384277344,4929,2,0.0
1790090965.453928,3,0.8672457933425903,1.0,0.0,50.406517028808594,5045,2,0.0
1790090965.5047853,3,0.867408037185669,1.0,0.0,51.96562576293945,5127,2,0.0
1790090965.5558605,3,0.867572009563446,1.0,0.0,53.53618240356445,5199,2,0.0
1790090965.6066945,3,0.8677642345428467,1.0,0.0,55.0931282043457,5401,2,-0.032066553831100464
1790090965.6575701,3,0.8679324388504028,1.0,0.0,56.628761291503906,5613,2,-0.07038701325654984
1790090965.7084186,3,0.8681530952453613,1.0,0.0,57.98583984375,5947,2,-0.10807448625564575
1790090965.7590153,3,0.8683382272720337,1.0,0.0,59.35185623168945,6246,2,-0.14519138634204865
1790090965.8097105,3,0.8685293793678284,1.0,0.0,60.653717041015625,5964,2,-0.18176333606243134
1790090965.8603632,3,0.8687231540679932,1.0,0.0,61.631954193115234,6242,2,-0.21577009558677673
1790090965.9112308,3,0.8689146637916565,1.0,0.0,62.57497787475586,6507,2,-0.055120039731264114
1790090965.9619057,3,0.8691340684890747,1.0,0.0,63.66313171386719,6310,2,0.0
1790090966.0125058,3,0.8693224191665649,1.0,0.0,64.71614837646484,6615,2,0.0
1790090966.0631785,3,0.8695018291473389,1.0,0.0,65.95690155029297,6890,2,0.0
1790090966.1141737,3,0.8697106242179871,1.0,0.0,67.20059967041016,6902,2,0.0
1790090966.1648855,3,0.8699063658714294,1.0,0.0,68.46973419189453,6792,2,0.0
1790090966.2155998,3,0.8701378703117371,1.0,0.0,69.7217788696289,7176,2,0.03313615918159485
1790090966.2664196,3,0.8703455328941345,1.0,0.0,71.0654067993164,7125,2,0.0658000037074089
1790090966.3170688,3,0.8705509901046753,1.0,0.0,72.3351821899414,7355,2,0.09801243245601654
1790090966.3676105,3,0.8708000183105469,1.0,0.0,73.43970489501953,7363,2,0.12794381380081177
1790090966.4183648,3,0.8710300326347351,1.0,0.0,74.4423599243164,7523,2,0.1593797504901886
1790090966.4693923,3,0.8712462186813354,1.0,0.0,75.38370513916016,7686,2,0.19049644470214844
1790090966.5199847,3,0.8714710474014282,1.0,0.0,76.1822738647461,7719,2,0.18753916025161743
1790090966.5707877,3,0.8717284798622131,1.0,0.0,76.89373016357422,7571,2,0.026889115571975708
1790090966.6218004,3,0.8719602823257446,1.0,0.0,77.73566436767578,7976,2,0.0
1790090966.6725085,3,0.8722168803215027,1.0,0.0,78.91424560546875,7958,2,0.0
1790090966.7232263,3,0.8724536299705505,1.0,0.0,80.343017578125,8241,2,0.0
1790090966.774081,3,0.8726940155029297,1.0,0.0,81.89766693115234,8253,2,0.0
1790090966.825081,3,0.8729759454727173,1.0,0.0,83.37688446044922,8626,2,0.0
1790090966.8761408,3,0.873225748538971,1.0,0.0,84.94731140136719,8458,2,0.0
1790090966.927323,3,0.8735091090202332,1.0,0.0,86.53036499023438,8740,2,0.0
1790090966.9779167,3,0.8737701177597046,1.0,0.0,88.14006042480469,8982,2,0.0
1790090967.028502,3,0.8740329146385193,1.0,0.0,89.78178405761719,9196,2,0.0
1790090967.079319,3,0.8743534684181213,1.0,0.0,90.2784423828125,9367,3,0.0
1790090967.1304538,3,0.8746217489242554,0.9159998297691345,0.0,91.20132446289062,7145,3,0.0
1790090967.1814406,3,0.87494295835495,1.0,0.0,92.63275909423828,6657,3,0.0
1790090967.232272,3,0.8752261996269226,1.0,0.0,94.02965545654297,6737,3,0.0
1790090967.2831264,3,0.8754952549934387,1.0,0.0,95.5302505493164,6585,3,0.0
1790090967.333774,3,0.8758425116539001,1.0,0.0,97.09209442138672,6716,3,0.0
1790090967.3846579,3,0.8761357069015503,1.0,0.0,98.73959350585938,6958,3,0.0
1790090967.4354608,3,0.8764525651931763,1.0,0.0,100.42914581298828,7072,3,0.0
1790090967.4867914,3,0.8768057823181152,1.0,0.0,102.13655853271484,7274,3,0.0
1790090967.5374968,3,0.877116858959198,1.0,0.0,103.77666473388672,7308,3,0.0
1790090967.5882752,3,0.8774545192718506,1.0,0.0,105.22122192382812,7500,3,0.0
1790090967.6389806,3,0.8777785301208496,1.0,0.0,106.6481704711914,7654,3,0.0
1790090967.6895742,3,0.8781705498695374,1.0,0.0,108.33114624023438,7779,3,0.015331278555095196
1790090967.7403076,3,0.8785038590431213,1.0,0.0,110.10987854003906,7846,3,0.047426987439394
1790090967.7909465,3,0.8788610696792603,1.0,0.0,112.05331420898438,7961,3,0.07884570211172104
1790090967.8414536,3,0.8792048096656799,1.0,0.0,113.91127014160156,7942,3,0.109583780169487
1790090967.891954,3,0.879578709602356,1.0,0.0,115.36614990234375,8229,3,0.1397433876991272
1790090967.942857,3,0.8799417614936829,1.0,0.0,116.46138000488281,8169,3,0.1694592535495758
1790090967.9937034,3,0.880374014377594,1.0,0.0,117.42285919189453,8205,3,0.18150335550308228
1790090968.0444841,3,0.8807662129402161,0.0,0.0,118.21610260009766,8153,3,0.18035537004470825
1790090968.095299,3,0.8811349868774414,0.0,0.0,118.1881103515625,7952,3,0.18039563298225403
1790090968.1460018,3,0.8815258145332336,0.0,0.0,117.85812377929688,7896,3,0.1808716207742691
1790090968.196597,3,0.881898820400238,0.0,0.0,117.50128936767578,7850,3,0.1813891977071762
1790090968.2475548,3,0.8822908997535706,0.0,0.0,117.10049438476562,7811,3,0.03022146224975586
1790090968.2981772,3,0.8827224969863892,0.0,0.0,116.76712799072266,7793,3,0.010386498644948006
1790090968.3488636,3,0.8830878138542175,0.0,0.0,116.38976287841797,7785,3,0.039899006485939026
1790090968.3996162,3,0.8834747672080994,0.0,0.0,116.00567626953125,7769,3,0.06954360753297806
1790090968.4504995,3,0.8838405609130859,0.0,0.0,115.64714050292969,7744,3,0.09931688755750656
1790090968.5011017,3,0.8842020034790039,0.0,0.0,115.30064392089844,7717,3,0.12921008467674255
1790090968.5517504,3,0.8845860958099365,0.0,0.0,114.9266128540039,7703,3,0.15922774374485016
1790090968.6026912,3,0.8850123882293701,0.0,0.0,114.54450225830078,7692,3,0.18579457700252533
1790090968.6536186,3,0.8853918313980103,0.0,0.0,114.14207458496094,7664,3,0.18641075491905212
1790090968.7047489,3,0.8857479691505432,0.0,0.0,113.73796081542969,7637,3,0.18703363835811615
1790090968.7554142,3,0.8861016035079956,0.0,0.0,113.33844757080078,7606,3,0.1876535564661026
1790090968.8062112,3,0.886519730091095,0.0,0.0,112.92706298828125,7574,3,0.18829618394374847
1790090968.85726,3,0.8868685960769653,0.0,0.0,112.49818420410156,7543,3,0.18897084891796112
1790090968.908117,3,0.8872160315513611,0.0,0.0,112.05169677734375,7509,3,0.189678356051445
1790090968.9590414,3,0.8876051902770996,0.0,0.0,111.5892105102539,7476,3,0.1904168576002121
1790090969.0098271,3,0.8879490494728088,0.0,0.0,111.1036148071289,7441,3,0.1911984533071518
1790090969.0604644,3,0.8883558511734009,0.0,0.0,110.6082534790039,7406,3,0.19200238585472107
1790090969.1114016,3,0.8886728286743164,0.0,0.0,110.1076889038086,7368,3,0.1928216814994812
1790090969.16203,3,0.8890112638473511,0.0,0.0,109.6083984375,7330,3,0.1936458945274353
1790090969.212909,3,0.8894113898277283,0.0,0.0,109.1096420288086,7293,3,0.19447629153728485
1790090969.26364,3,0.8897439241409302,0.0,0.0,108.63246154785156,7256,3,0.19527746737003326
1790090969.3145459,3,0.8901185989379883,0.0,0.0,108.2088851928711,7216,3,0.19599416851997375
1790090969.3653357,3,0.8904468417167664,0.0,0.0,107.81303405761719,7180,3,0.19666874408721924
1790090969.4162583,3,0.8908388018608093,0.0,0.0,107.40399169921875,7157,3,0.19737069308757782
1790090969.4670835,3,0.8911622762680054,0.0,0.0,106.9549331665039,7148,3,0.19814708828926086
1790090969.5178862,3,0.8914680480957031,0.0,0.0,106.46197509765625,7140,3,0.19900646805763245
1790090969.5687485,3,0.8918455243110657,0.0,0.0,105.96871948242188,7120,3,0.19987384974956512
1790090969.6194196,3,0.8921677470207214,0.0,0.0,105.44351196289062,7095,3,0.20080575346946716
1790090969.6699991,3,0.8924850225448608,0.0,0.0,104.93836975097656,7065,3,0.20171032845973969
1790090969.720724,3,0.8928589224815369,0.0,0.0,104.44744110107422,7037,3,0.2025972604751587
1790090969.7716048,3,0.8931704163551331,0.0,0.0,103.94670867919922,7005,3,0.20351000130176544
1790090969.8225791,3,0.8934860229492188,0.04800000041723251,0.0,103.43323516845703,6987,3,0.20445454120635986
1790090969.8733664,3,0.8938502073287964,0.25199997425079346,0.0,103.1113052368164,7046,3,0.2050512135028839
1790090969.9239206,3,0.8941663503646851,0.45599988102912903,0.0,103.22465515136719,7155,3,0.204840749502182
1790090969.9743826,3,0.8944815993309021,0.660000205039978,0.0,103.8155288696289,7329,3,0.20375049114227295
1790090970.0251677,3,0.8948323130607605,0.8640006184577942,0.0,104.71481323242188,7378,3,0.20211325585842133
1790090970.075941,3,0.8951511383056641,1.0,0.0,105.62606048583984,7368,3,0.2004808783531189
1790090970.1264734,3,0.895473837852478,1.0,0.0,106.40809631347656,7619,3,0.19910083711147308
1790090970.1772287,3,0.8958573341369629,1.0,0.0,107.28418731689453,7557,3,0.19757720828056335
1790090970.2279336,3,0.8961644768714905,1.0,0.0,108.06298065185547,7546,3,0.19624225795269012
1790090970.278936,3,0.8965535759925842,1.0,0.0,108.83565521240234,7536,3,0.19493550062179565
1790090970.3298838,3,0.8968644738197327,1.0,0.0,109.64281463623047,7805,3,0.19358886778354645
1790090970.3806899,3,0.8972628712654114,1.0,0.0,110.36495208740234,7769,3,0.1923997551202774
1790090970.431572,3,0.8975944519042969,1.0,0.0,111.00053405761719,7791,3,0.19136519730091095
1790090970.4821303,3,0.8979753255844116,1.0,0.0,111.63772583007812,7781,3,0.1903390884399414
1790090970.532998,3,0.8983173370361328,1.0,0.0,112.26398468017578,7875,3,0.18934132158756256
1790090970.583702,3,0.8986386656761169,1.0,0.0,112.8544692993164,7978,3,0.18841002881526947
1790090970.6344252,3,0.8990461826324463,1.0,0.0,113.42262268066406,8076,3,0.18752257525920868
1790090970.6849668,3,0.8993920683860779,1.0,0.0,114.0084228515625,8145,3,0.18661630153656006
1790090970.7357504,3,0.8997868299484253,1.0,0.0,114.58882141113281,8136,3,0.18572694063186646
1790090970.7862906,3,0.9001368880271912,1.0,0.0,115.0980453491211,8184,3,0.07210838794708252
1790090970.837012,3,0.9004881381988525,1.0,0.0,115.75870513916016,8156,3,0.0
1790090970.887938,3,0.9009119868278503,1.0,0.0,116.13990783691406,7988,1,0.0
1790090970.9386463,3,0.9012678265571594,1.0,0.0,116.21788024902344,8107,4,0.0
1790090970.9894207,3,0.9016221165657043,1.0,0.0,117.27474975585938,6207,4,0.0
1790090971.0400395,3,0.9020330905914307,1.0,0.0,118.1771240234375,6312,4,0.011944017373025417
1790090971.0907674,3,0.9023948311805725,1.0,0.0,119.36058807373047,6353,4,0.040708091109991074
1790090971.141556,3,0.9028339982032776,1.0,0.0,120.55181121826172,6466,4,0.06906735897064209
1790090971.192468,3,0.9032058715820312,1.0,0.0,121.7364501953125,6499,4,0.09703215956687927
1790090971.2431607,3,0.903562068939209,1.0,0.0,122.92815399169922,6505,4,0.12460996210575104
1790090971.2938836,3,0.9040148258209229,1.0,0.0,124.11680603027344,6685,4,0.15180571377277374
1790090971.3445492,3,0.9044002294540405,1.0,0.0,125.06951141357422,6529,4,0.17101043462753296
1790090971.395206,3,0.9047878980636597,1.0,0.0,125.9052963256836,6707,4,0.07610780000686646
1790090971.4458516,3,0.9052274227142334,1.0,0.0,126.79862213134766,6791,4,0.0
1790090971.4963934,3,0.905622124671936,1.0,0.0,127.79987335205078,6814,4,0.0
1790090971.5470436,3,0.9060457348823547,1.0,0.0,128.8395233154297,6863,4,0.0
1790090971.597583,3,0.9064969420433044,1.0,0.0,130.01304626464844,6983,4,0.0
1790090971.6485448,3,0.9069023132324219,1.0,0.0,131.13742065429688,6978,4,0.0
1790090971.6994169,3,0.9073123931884766,1.0,0.0,132.39329528808594,7051,4,0.0
1790090971.7499917,3,0.9078040719032288,1.0,0.0,133.72283935546875,7141,4,0.0
1790090971.8006763,3,0.9082249402999878,1.0,0.0,135.2760467529297,7191,4,0.012580063194036484
1790090971.8511875,3,0.9087011814117432,1.0,0.0,136.76593017578125,7224,4,0.03463362902402878
1790090971.9021714,3,0.9091314077377319,1.0,0.0,138.28033447265625,7319,4,0.03606206178665161
1790090971.9529026,3,0.9095636606216431,1.0,0.0,139.79055786132812,7416,4,0.0
1790090972.0033996,3,0.9100609421730042,1.0,0.0,141.27207946777344,7521,4,0.0
1790090972.0542958,3,0.9105355143547058,1.0,0.0,142.8023223876953,7571,4,0.0
1790090972.1051502,3,0.9110415577888489,1.0,0.0,144.34909057617188,7618,4,0.0
1790090972.1557834,3,0.9114722609519958,1.0,0.0,145.74217224121094,7786,4,0.0
1790090972.206704,3,0.9120226502418518,1.0,0.0,147.19944763183594,7873,4,0.01330828107893467
1790090972.2576234,3,0.9124566912651062,1.0,0.0,148.6787109375,7922,4,0.03357326239347458
1790090972.3080733,3,0.9129279851913452,1.0,0.0,150.17999267578125,7953,4,0.05346563085913658
1790090972.3586328,3,0.9134653210639954,1.0,0.0,151.5408477783203,8019,4,0.0
1790090972.4095135,3,0.9140095710754395,1.0,0.0,152.98948669433594,8086,4,0.0
1790090972.4601095,3,0.9144902229309082,1.0,0.0,154.4078369140625,8165,4,0.008838760666549206
1790090972.5108492,3,0.914977490901947,1.0,0.0,155.7998809814453,8256,4,0.027380574494600296
1790090972.5614965,3,0.9155279994010925,1.0,0.0,157.15725708007812,8342,4,0.045609571039676666
1790090972.6120405,3,0.9160840511322021,1.0,0.0,158.52090454101562,8407,4,0.0
1790090972.6627378,3,0.9165520668029785,1.0,0.0,159.8664093017578,8485,4,0.0
1790090972.7133305,3,0.9171186089515686,1.0,0.0,161.20114135742188,8552,4,0.0
1790090972.763926,3,0.9176242351531982,1.0,0.0,162.5648956298828,8585,4,0.0
1790090972.8144479,3,0.9181973338127136,1.0,0.0,163.82916259765625,8635,4,0.0
1790090972.8650427,3,0.9186833500862122,1.0,0.0,165.15122985839844,8706,4,0.0
1790090972.9158583,3,0.9192665219306946,1.0,0.0,166.4304656982422,8802,4,0.0
1790090972.9668486,3,0.9197562336921692,1.0,0.0,167.74407958984375,8847,4,0.0
1790090973.0174267,3,0.9203786849975586,1.0,0.0,169.0816650390625,8874,4,0.0
1790090973.0683715,3,0.9209065437316895,1.0,0.0,170.37567138671875,8950,4,0.0
1790090973.1190772,3,0.9215078353881836,1.0,0.0,171.62423706054688,9040,4,0.0
1790090973.1698663,3,0.9220436215400696,1.0,0.0,172.7191925048828,8986,1,0.0
1790090973.2207272,3,0.9226489663124084,1.0,0.0,172.58929443359375,8918,5,0.0
1790090973.2715213,3,0.9231854677200317,1.0,0.0,173.77818298339844,7189,5,0.0
1790090973.3224385,3,0.9237953424453735,1.0,0.0,174.92152404785156,7219,5,0.0
1790090973.3730314,3,0.9243409037590027,1.0,0.0,176.06080627441406,7276,5,0.008409837260842323
1790090973.4237943,3,0.9249565601348877,1.0,0.0,177.13922119140625,7325,5,0.021715890616178513
1790090973.4747617,3,0.9255080223083496,1.0,0.0,178.31869506835938,7407,5,0.03646980971097946
1790090973.525458,3,0.9261325597763062,1.0,0.0,179.3706817626953,7451,5,0.04939916357398033
1790090973.5758944,3,0.9266911149024963,1.0,0.0,180.48558044433594,7484,5,0.06294646114110947
1790090973.6264894,3,0.9272522330284119,1.0,0.0,181.56356811523438,7534,5,0.07630370557308197
1790090973.677138,3,0.927817165851593,1.0,0.0,182.59088134765625,7601,5,0.028150618076324463
1790090973.728272,3,0.9284936189651489,1.0,0.0,183.62442016601562,7663,5,0.0
1790090973.77892,3,0.9290643930435181,1.0,0.0,184.6551055908203,7720,5,0.0
1790090973.829792,3,0.9296387434005737,1.0,0.0,185.66957092285156,7764,5,0.0
1790090973.88047,3,0.930327296257019,1.0,0.0,186.73419189453125,7763,5,0.0
1790090973.931188,3,0.9309102892875671,1.0,0.0,187.75209045410156,7810,5,0.0
1790090973.9819071,3,0.9314954876899719,1.0,0.0,188.80128479003906,7841,5,0.0
1790090974.0325112,3,0.9321947693824768,1.0,0.0,189.80682373046875,7869,5,-0.009877869859337807
1790090974.0832207,3,0.9327870607376099,1.0,0.0,190.8681182861328,7915,5,-0.011581618338823318
1790090974.133776,3,0.9334567189216614,1.0,0.0,191.95240783691406,7941,5,0.0
1790090974.184558,3,0.9340548515319824,1.0,0.0,193.03684997558594,7980,5,0.0
1790090974.235174,3,0.9346582889556885,1.0,0.0,194.12147521972656,8012,5,0.0
1790090974.2859335,3,0.9353765845298767,1.0,0.0,195.20742797851562,8047,5,0.0
1790090974.3365161,3,0.9359846711158752,1.0,0.0,196.27853393554688,8085,5,0.0
1790090974.3873732,3,0.9365965723991394,1.0,0.0,197.34474182128906,8124,5,-0.005105332471430302
1790090974.4380262,3,0.9372885227203369,1.0,0.0,198.37844848632812,8193,5,-0.015844961628317833
1790090974.4885705,3,0.9379448890686035,1.0,0.0,199.34396362304688,8241,5,-0.02582285739481449
1790090974.539208,3,0.9385667443275452,1.0,0.0,200.3838653564453,8274,5,0.0
1790090974.5898085,3,0.9391912817955017,1.0,0.0,201.39747619628906,8325,5,0.0
1790090974.6406505,3,0.9399368762969971,1.0,0.0,202.44119262695312,8341,5,0.0
1790090974.6916049,3,0.940568208694458,1.0,0.0,203.4553985595703,8378,5,-0.007079795002937317
1790090974.7425141,3,0.9412017464637756,1.0,0.0,204.4714813232422,8407,5,-0.01699584163725376
1790090974.79344,3,0.941959798336029,1.0,0.0,205.4630126953125,8452,5,-0.016760094091296196
1790090974.8441327,3,0.9426000118255615,1.0,0.0,206.43942260742188,8500,5,0.0
1790090974.8948815,3,0.9432435631752014,1.0,0.0,207.4136505126953,8548,5,0.0
1790090974.945829,3,0.9438896775245667,1.0,0.0,208.37484741210938,8602,5,0.0
1790090974.9966877,3,0.9446612596511841,1.0,0.0,209.34982299804688,8626,5,0.0
1790090975.0474153,3,0.9453138709068298,1.0,0.0,210.3463134765625,8634,5,-0.005925005301833153
1790090975.09833,3,0.9459695219993591,1.0,0.0,211.30926513671875,8675,5,-0.014985439367592335
1790090975.14916,3,0.9467512369155884,1.0,0.0,212.24313354492188,8733,5,0.0
1790090975.1999898,3,0.9474545121192932,1.0,0.0,213.17791748046875,8784,5,0.0
1790090975.2505257,3,0.9481186866760254,1.0,0.0,214.07630920410156,8802,5,0.0
1790090975.3011508,3,0.9487861394882202,1.0,0.0,215.02273559570312,8835,5,0.0
1790090975.3525476,3,0.9495822787284851,1.0,0.0,215.9578857421875,8869,5,0.0
1790090975.4031165,3,0.9502553343772888,1.0,0.0,216.8892059326172,8906,5,0.0
1790090975.454058,3,0.950973391532898,1.0,0.0,217.81259155273438,8943,5,0.0
1790090975.504637,3,0.9516522288322449,1.0,0.0,218.72958374023438,8985,5,0.0
1790090975.5553422,3,0.9523763060569763,1.0,0.0,219.62774658203125,9031,5,0.0
1790090975.6065013,3,0.9531888365745544,1.0,0.0,220.54627990722656,9059,5,0.0
1790090975.657211,3,0.9538767337799072,1.0,0.0,221.4486846923828,9096,5,0.0
1790090975.70833,3,0.9545663595199585,1.0,0.0,222.35794067382812,9115,5,0.0
1790090975.7590992,3,0.9552600979804993,1.0,0.0,223.2547607421875,9150,5,0.0
1790090975.8098834,3,0.9560853242874146,1.0,0.0,224.14320373535156,9186,5,0.0
1790090975.86091,3,0.9568283557891846,1.0,0.0,225.01153564453125,9237,5,0.0
1790090975.9114368,3,0.9575292468070984,1.0,0.0,225.76466369628906,9253,5,0.0
1790090975.962527,3,0.958276093006134,1.0,0.0,226.3822479248047,9142,5,0.0
1790090976.0134485,3,0.9591132402420044,1.0,0.0,226.87832641601562,9258,5,0.0
1790090976.0641983,3,0.9598194360733032,1.0,0.0,227.3362579345703,9203,5,0.0
1790090976.1149323,3,0.9605278372764587,1.0,0.0,227.19895935058594,9296,6,0.0
1790090976.1657789,3,0.9612786769866943,1.0,0.0,227.8301544189453,7468,6,0.0
1790090976.2164767,3,0.9619892835617065,1.0,0.0,228.57754516601562,7469,6,0.0
1790090976.2670572,3,0.9627453088760376,1.0,0.0,229.36041259765625,7491,6,0.0
1790090976.3180826,3,0.9635941982269287,1.0,0.0,230.15049743652344,7502,6,0.0
1790090976.368694,3,0.9643558263778687,1.0,0.0,230.93299865722656,7526,6,0.0
1790090976.419591,3,0.965076208114624,1.0,0.0,231.69956970214844,7568,6,0.0
1790090976.4701982,3,0.965842604637146,1.0,0.0,232.4578399658203,7602,6,0.0
1790090976.5210052,3,0.9666118621826172,1.0,0.0,233.2255401611328,7628,6,0.0
1790090976.5714676,3,0.9673833847045898,1.0,0.0,233.9813690185547,7658,6,0.0
1790090976.6220636,3,0.9681581258773804,1.0,0.0,234.75088500976562,7672,6,0.0
1790090976.6727965,3,0.9689362049102783,1.0,0.0,235.5192108154297,7679,6,0.0
1790090976.72367,3,0.9697152972221375,1.0,0.0,236.22988891601562,7704,6,0.0
1790090976.7743032,3,0.9704978466033936,1.0,0.0,236.96490478515625,7739,6,0.0
1790090976.8251703,3,0.9712824821472168,1.0,0.0,237.71627807617188,7753,6,0.0
1790090976.8760157,3,0.972069501876831,1.0,0.0,238.45030212402344,7786,6,0.0
1790090976.927032,3,0.9728583693504333,1.0,0.0,239.17620849609375,7827,6,0.0
1790090976.9776664,3,0.9736502170562744,1.0,0.0,239.8920135498047,7863,6,0.0
1790090977.0285406,3,0.9744444489479065,1.0,0.0,240.65109252929688,7859,6,0.0
1790090977.0794873,3,0.9752410054206848,1.0,0.0,241.37303161621094,7891,6,0.0
1790090977.1301594,3,0.9759940505027771,1.0,0.0,242.11436462402344,7899,6,0.0
1790090977.1808968,3,0.9767956733703613,1.0,0.0,242.842041015625,7921,6,0.0
1790090977.2313614,3,0.9775993824005127,1.0,0.0,243.5653839111328,7945,6,0.0
1790090977.2824225,3,0.978405237197876,1.0,0.0,244.2758026123047,7980,6,0.0
1790090977.332942,3,0.979213535785675,1.0,0.0,244.97882080078125,8006,6,0.0
1790090977.3837898,3,0.9800235629081726,1.0,0.0,245.7066192626953,8013,6,0.0
1790090977.4344578,3,0.9807881712913513,1.0,0.0,246.37493896484375,8041,6,0.0
1790090977.485063,3,0.9816535711288452,1.0,0.0,247.0623779296875,8082,6,0.0
1790090977.5358217,3,0.9824230074882507,1.0,0.0,247.76312255859375,8106,6,0.0
1790090977.5864744,3,0.9832422137260437,1.0,0.0,248.4802703857422,8101,6,0.0
1790090977.637341,3,0.9840654730796814,1.0,0.0,249.18600463867188,8118,6,0.0
1790090977.687813,3,0.9848899245262146,1.0,0.0,249.8720245361328,8140,6,0.0
1790090977.7384713,3,0.9857175946235657,1.0,0.0,250.5663604736328,8155,6,0.0
1790090977.7890074,3,0.9865462779998779,1.0,0.0,251.2327880859375,8194,6,0.0
1790090977.8398852,3,0.9873782992362976,1.0,0.0,251.90309143066406,8226,6,0.0
1790090977.8905857,3,0.9881622791290283,1.0,0.0,252.52474975585938,8258,6,0.0
1790090977.941568,3,0.9889983534812927,1.0,0.0,253.18638610839844,8294,6,0.0
1790090977.9924352,3,0.9898358583450317,1.0,0.0,253.8567657470703,8299,6,0.0
1790090978.0433068,3,0.9906764626502991,1.0,0.0,254.55628967285156,8284,6,0.0
1790090978.0941331,3,0.9915186762809753,1.0,0.0,255.2239532470703,8302,6,0.0
1790090978.144862,3,0.9923632144927979,1.0,0.0,255.87969970703125,8327,6,0.0
1790090978.1958323,3,0.9932106137275696,1.0,0.0,256.5270080566406,8356,6,0.0
1790090978.246342,3,0.9940589070320129,1.0,0.0,257.1664733886719,8393,6,-0.0036750000435858965
1790090978.2971096,3,0.9949101805686951,1.0,0.0,257.79595947265625,8426,6,-0.012599996291100979
1790090978.347849,3,0.9957627058029175,1.0,0.0,258.4368591308594,8446,6,0.0
1790090978.3983607,3,0.9966186285018921,1.0,0.0,259.0925598144531,8449,6,0.0
1790090978.4489758,3,0.9974762201309204,1.0,0.0,259.73699951171875,8456,6,0.0
1790090978.499464,3,0.9983356595039368,1.0,0.0,260.3411560058594,8457,6,0.0
1790090978.550217,3,0.999196469783783,1.0,0.0,260.9775390625,8464,6,0.0
1790090978.600762,3,0.9999904632568359,1.0,0.0,261.56475830078125,8531,6,0.0
1790090978.6515841,4,0.0008543983567506075,1.0,0.0,262.1595764160156,8581,6,0.0
1790090978.7027287,4,0.0017231703968718648,1.0,0.0,262.7691345214844,8587,6,0.0
1790090978.7536755,4,0.002592736389487982,1.0,0.0,263.4140319824219,8563,6,0.0
1790090978.8041792,4,0.0034655588679015636,1.0,0.0,264.0249938964844,8577,6,0.0
1790090978.8552449,4,0.004339543171226978,1.0,0.0,264.63006591796875,8605,6,0.0
1790090978.90615,4,0.00521578174084425,1.0,0.0,265.2063293457031,8655,6,0.0
1790090978.9567804,4,0.006093938834965229,1.0,0.0,265.7995300292969,8665,6,0.0
1790090979.0075946,4,0.006920954678207636,1.0,0.0,266.4130554199219,8662,6,0.0
1790090979.0580719,4,0.007803949527442455,1.0,0.0,267.0058898925781,8676,6,0.0
1790090979.108789,4,0.008698593825101852,1.0,0.0,267.58099365234375,8705,6,0.0
1790090979.1594453,4,0.009478798136115074,1.0,0.0,268.1299133300781,8715,6,0.0
1790090979.210337,4,0.010406436398625374,1.0,0.0,268.70196533203125,8736,6,0.0
1790090979.2608652,4,0.011400644667446613,1.0,0.0,269.2712097167969,8754,6,-0.00787500012665987
1790090979.3115942,4,0.012291112914681435,1.0,0.0,269.8310241699219,8773,6,0.0
1790090979.3625274,4,0.01313114631921053,1.0,0.0,270.3978271484375,8779,6,0.0
1790090979.4133072,4,0.014026446267962456,1.0,0.0,270.9457702636719,8804,6,0.0
1790090979.4640727,4,0.014922520145773888,1.0,0.0,271.4807434082031,8841,6,0.0
1790090979.5149612,4,0.01576807349920273,1.0,0.0,272.02093505859375,8860,6,0.0
1790090979.565845,4,0.01666676625609398,1.0,0.0,272.5730895996094,8867,6,0.0
1790090979.6164026,4,0.017516620457172394,1.0,0.0,273.1109619140625,8881,6,0.0
1790090979.6671062,4,0.0184195376932621,1.0,0.0,273.6582336425781,8880,6,-0.0057749999687075615
1790090979.7179081,4,0.019430574029684067,1.0,0.0,274.1867980957031,8892,6,-0.014699994586408138
1790090979.76872,4,0.020337413996458054,1.0,0.0,274.70751953125,8910,6,0.0
1790090979.819723,4,0.021191732957959175,1.0,0.0,275.2132873535156,8937,6,0.0
1790090979.8704875,4,0.022104064002633095,1.0,0.0,275.6865539550781,8954,6,0.0
1790090979.9211905,4,0.022961637005209923,1.0,0.0,276.19439697265625,8968,6,0.0
1790090979.9720628,4,0.02398204803466797,1.0,0.0,276.6986389160156,8981,6,0.0
1790090980.022836,4,0.024843750521540642,1.0,0.0,276.4826354980469,9287,7,0.0
1790090980.073565,4,0.02570403926074505,1.0,0.0,276.7359924316406,7344,7,0.0
1790090980.124258,4,0.02661997638642788,1.0,0.0,277.1609191894531,7358,7,0.0
1790090980.1752589,4,0.027644384652376175,1.0,0.0,277.5841369628906,7378,7,0.0
1790090980.2259421,4,0.028507579118013382,1.0,0.0,278.0423889160156,7355,7,0.0
1790090980.2767801,4,0.029428616166114807,1.0,0.0,278.4714660644531,7363,7,0.0031500000040978193
1790090980.3275416,4,0.030350403860211372,1.0,0.0,278.9064025878906,7364,7,0.002099997363984585
1790090980.3785064,4,0.03121764212846756,0.0,0.0,279.3001708984375,7302,7,0.0
1790090980.4290757,4,0.03208624944090843,0.0,0.0,278.9268798828125,7268,7,0.0
1790090980.4799223,4,0.03311515599489212,0.0,1.0,277.23779296875,7083,7,0.0
1790090980.5306354,4,0.034028276801109314,0.0,1.0,274.1820983886719,6984,7,0.0
1790090980.5814774,4,0.03487620875239372,0.0,1.0,270.76141357421875,6891,7,0.0
1790090980.6322217,4,0.03581787273287773,0.0,1.0,267.48651123046875,6799,7,0.0
1790090980.6828144,4,0.036645784974098206,0.0,1.0,264.3255920410156,6708,1,0.0
1790090980.7337065,4,0.03756369650363922,0.0,1.0,261.2733154296875,7289,1,0.0
1790090980.7841988,4,0.03837374597787857,0.0,1.0,258.0776062011719,6979,6,0.0
1790090980.8351018,4,0.03912416100502014,0.0,1.0,254.606201171875,7830,6,0.0
1790090980.8858833,4,0.04006000980734825,0.0,1.0,251.2118377685547,7842,6,0.0
1790090980.936857,4,0.04083642736077309,0.0,1.0,247.9891357421875,7707,6,0.0
1790090980.9874923,4,0.041747283190488815,0.0,1.0,244.78868103027344,7631,6,0.0
1790090981.0380495,4,0.04245588555932045,0.0,1.0,241.53237915039062,7535,6,0.0
1790090981.0890107,4,0.04325074702501297,0.0,1.0,238.31124877929688,7438,6,0.0
1790090981.1398253,4,0.04407903179526329,0.0,1.0,235.38116455078125,7331,6,0.0
1790090981.1908379,4,0.04480656236410141,0.0,1.0,232.1321563720703,7211,6,0.0
1790090981.241428,4,0.045524369925260544,0.0,1.0,229.16802978515625,7082,6,0.0
1790090981.2922478,4,0.046365704387426376,0.0,1.0,225.75653076171875,7007,6,0.0
1790090981.3429475,4,0.04706282541155815,0.8999999761581421,1.0,222.53750610351562,7558,1,0.0
1790090981.393586,4,0.04775012657046318,0.0,1.0,219.43280029296875,7377,1,0.0
1790090981.4443235,4,0.048554789274930954,0.0,0.9842875599861145,216.52452087402344,7376,5,0.0
1790090981.4951534,4,0.04922512546181679,0.0,1.0,213.30657958984375,8112,5,0.0
1790090981.5456927,4,0.04988271743059158,0.0,1.0,210.04501342773438,8111,5,0.0
1790090981.5965934,4,0.05061246082186699,0.0,1.0,206.67178344726562,8047,5,0.0
1790090981.647232,4,0.051290493458509445,0.0,1.0,203.45045471191406,7938,5,0.0
1790090981.698044,4,0.05192019045352936,0.0,0.9880200624465942,200.42503356933594,7840,5,0.0
1790090981.7486372,4,0.05253947526216507,0.0,0.9482195377349854,197.75982666015625,7669,5,0.0
1790090981.7992284,4,0.053189605474472046,0.0,0.938356339931488,195.01336669921875,7487,5,0.0
1790090981.8497462,4,0.05390634760260582,0.0,0.8979910612106323,192.06283569335938,7353,5,0.0
1790090981.9003956,4,0.05449805408716202,0.0,1.0,189.01657104492188,7210,5,0.0
1790090981.9511075,4,0.05504677817225456,0.0,1.0,185.8266143798828,7117,5,-0.006585218012332916
1790090982.001767,4,0.05572698637843132,0.0,1.0,182.70361328125,7081,5,-0.019417136907577515
1790090982.0526693,4,0.056291788816452026,0.0,0.9872295260429382,179.7491455078125,6938,5,-0.032772865146398544
1790090982.1036842,4,0.05695038661360741,0.0,0.9079181551933289,176.70672607421875,6811,5,0.0
1790090982.1544116,4,0.05746212974190712,0.0,0.9167220592498779,173.78570556640625,6690,5,0.0
1790090982.204996,4,0.057998914271593094,0.0,1.0,170.81085205078125,6532,5,0.0
1790090982.255578,4,0.0585930272936821,0.0,1.0,167.8514862060547,6488,5,0.00919762160629034
1790090982.306335,4,0.05911107733845711,0.0,1.0,164.78981018066406,6371,5,0.0253338310867548
1790090982.3568392,4,0.05971497669816017,0.0,1.0,161.8102264404297,6968,1,0.04210170358419418
1790090982.4073403,4,0.06018189340829849,0.0,1.0,159.01280212402344,6673,1,0.0594857819378376
1790090982.4583163,4,0.060764942318201065,0.0,1.0,156.11355590820312,7268,4,0.07748742401599884
1790090982.5089343,4,0.06121586263179779,0.0,1.0,153.07679748535156,7225,4,0.09617921710014343
1790090982.5602598,4,0.0617755688726902,0.0,1.0,150.110107421875,7239,4,0.0
1790090982.6110284,4,0.06220987066626549,0.0,1.0,147.281982421875,7243,4,0.0
1790090982.6620862,4,0.06272191554307938,0.0,0.959898829460144,144.7796630859375,7157,4,0.013512763194739819
1790090982.7128077,4,0.06316833943128586,0.0,0.970789909362793,142.33871459960938,7029,4,0.03492451459169388
1790090982.7635467,4,0.06366250663995743,0.0,0.9014716744422913,139.8111114501953,6891,4,0.05699537694454193
1790090982.8144352,4,0.06409371644258499,0.0,0.9489244222640991,137.3793487548828,6769,4,0.07973957806825638
1790090982.8651881,4,0.06457027047872543,0.0,0.9727174639701843,134.9042205810547,6573,4,0.10316933691501617
1790090982.9159415,4,0.06495978683233261,0.0,0.9728751182556152,132.4129638671875,7197,1,0.12731415033340454
1790090982.9667506,4,0.06544359028339386,0.0,0.9794335961341858,130.03109741210938,6891,1,0.15217013657093048
1790090983.0174735,4,0.06581651419401169,0.0,0.9588125944137573,127.78759765625,7411,3,0.16756699979305267
1790090983.068187,4,0.06625568121671677,0.0,0.9858229160308838,125.23290252685547,7602,3,0.17079944908618927
1790090983.1189265,4,0.06668490916490555,0.0,1.0,122.67221069335938,7515,3,0.17416711151599884
1790090983.1694498,4,0.06705422699451447,0.0,0.9613311886787415,120.18135070800781,7403,3,0.1775728315114975
1790090983.2206488,4,0.06745970994234085,0.0,0.8923693895339966,117.83229064941406,7299,3,0.18090899288654327
1790090983.2714515,4,0.06779465824365616,0.0,0.8459075689315796,115.6854019165039,7135,3,0.18406960368156433
1790090983.3222373,4,0.06818252056837082,0.0,0.8280625343322754,113.72090148925781,6955,3,0.18706001341342926
1790090983.3728697,4,0.06851881742477417,0.0,0.8256847858428955,111.78412628173828,6794,3,0.1901049166917801
1790090983.423796,4,0.06889115273952484,0.0,0.8489128351211548,109.892333984375,6636,3,0.19317632913589478
1790090983.474804,4,0.06921237707138062,0.0,0.8490530252456665,107.99893951416016,6461,3,0.19635134935379028
1790090983.5256047,4,0.06958327442407608,0.0,0.8294492959976196,106.11360168457031,6370,3,0.19961829483509064
1790090983.5765357,4,0.06988853216171265,0.0,0.8904815316200256,104.23162078857422,6181,3,0.20298966765403748
1790090983.6272087,4,0.07017042487859726,0.0,0.9502328634262085,102.31112670898438,6077,3,0.2065494805574417
1790090983.6778424,4,0.07049888372421265,0.0,0.9051185846328735,100.33565521240234,6005,3,0.21034389734268188
1790090983.7283702,4,0.07078108936548233,0.0,0.8461417555809021,98.51693725585938,5873,3,0.21396256983280182
1790090983.7790656,4,0.07110606878995895,0.0,0.9104465246200562,96.59381103515625,5729,3,0.21792693436145782
1790090983.8298144,4,0.07135631889104843,0.0,0.0,94.71314239501953,5689,3,0.22194848954677582
1790090983.8806362,4,0.07167002558708191,0.0,0.0,93.27369689941406,5848,3,0.22512823343276978
1790090983.9318385,4,0.07192396372556686,0.0,0.0,92.0312728881836,5876,3,0.22794696688652039
1790090983.9825902,4,0.07220692187547684,0.0,0.0,90.89330291748047,5836,3,0.23059135675430298
1790090984.0332603,4,0.07245558500289917,0.0,0.0,89.83882904052734,5768,3,0.23309706151485443
1790090984.0839555,4,0.07272575050592422,0.0,0.0,88.80187225341797,5690,3,0.2356148511171341
1790090984.1345603,4,0.07296247035264969,0.0,0.0,87.73323822021484,5618,3,0.23826710879802704
1790090984.1853914,4,0.07319950312376022,0.0,0.0,86.64818572998047,5554,3,0.24102188646793365
1790090984.23623,4,0.07343009114265442,0.0,0.0,85.4945068359375,5488,3,0.24402166903018951
1790090984.2868729,4,0.07370058447122574,0.0,0.0,84.3404769897461,5412,3,0.24709798395633698
1790090984.3378682,4,0.07392649352550507,0.0,0.0,83.230224609375,5333,3,0.2501317262649536
1790090984.388448,4,0.0741799920797348,0.0,0.0,82.21102905273438,5262,3,0.2529829740524292
1790090984.4391353,4,0.07442024350166321,0.0,0.0,81.17574310302734,5194,3,0.255946546792984
1790090984.4898686,4,0.07463772594928741,0.0,0.0,80.1729965209961,5125,3,0.2588839530944824
1790090984.54053,4,0.07486320286989212,0.0,0.0,79.1446762084961,5060,3,0.26196712255477905
1790090984.591541,4,0.07508109509944916,0.0,0.0,78.1102294921875,4999,3,0.26514366269111633
1790090984.6425126,4,0.07529422640800476,0.0,0.0,77.07022094726562,4937,3,0.2684158980846405
1790090984.6932461,4,0.0755438357591629,0.0,0.0,76.01080322265625,4875,3,0.27183330059051514
1790090984.7437918,4,0.07576774805784225,0.0,0.0,74.97402954101562,4817,3,0.2752629518508911
1790090984.7943904,4,0.07598461955785751,0.0,0.0,73.98342895507812,4758,3,0.27862173318862915
1790090984.8449142,4,0.07618854939937592,0.6499999761581421,0.0,73.15186309814453,5053,3,0.28150519728660583
1790090984.8953538,4,0.07640881091356277,0.6499999761581421,0.0,72.46467590332031,4982,3,0.28393346071243286
1790090984.9459107,4,0.07662342488765717,0.6499999761581421,0.0,71.66960144042969,4887,3,0.28679579496383667
1790090984.9967914,4,0.07682640850543976,0.6499999761581421,0.0,71.04314422607422,4897,3,0.2890920042991638
1790090985.0476024,4,0.07707744091749191,0.6499999761581421,0.0,70.50370788574219,4905,3,0.291098952293396
1790090985.098496,4,0.07729502022266388,0.6499999761581421,0.0,69.92263793945312,4804,3,0.29329216480255127
1790090985.149531,4,0.0775114968419075,0.6499999761581421,0.0,69.22117614746094,4839,3,0.17099790275096893
1790090985.2003798,4,0.07770233601331711,0.6499999761581421,0.0,68.76692962646484,5090,3,-0.01141448225826025
1790090985.2509143,4,0.07791160047054291,0.6499999761581421,0.0,68.38471984863281,4699,3,-0.04473502188920975
1790090985.3019395,4,0.0781189575791359,0.6499999761581421,0.0,67.91456604003906,4664,3,-0.06680077314376831
1790090985.352734,4,0.07832521945238113,0.6499999761581421,0.0,67.57440948486328,4786,3,0.0
1790090985.403311,4,0.07853081822395325,0.6499999761581421,0.0,67.38040161132812,4680,3,0.0
1790090985.4539804,4,0.07873218506574631,0.6499999761581421,0.0,67.42659759521484,4673,3,0.0
1790090985.5046108,4,0.07893200218677521,0.6499999761581421,0.0,67.34660339355469,4833,3,0.0
1790090985.555561,4,0.07913508266210556,0.6499999761581421,0.0,67.27534484863281,4789,3,0.0
1790090985.6063643,4,0.07933317124843597,0.6499999761581421,0.0,67.19617462158203,4766,3,0.0
1790090985.6570687,4,0.0795254334807396,0.6499999761581421,0.0,67.28447723388672,4748,3,-0.027847038581967354
1790090985.707915,4,0.07972012460231781,0.7700002193450928,0.0,67.58334350585938,4789,3,-0.061590809375047684
1790090985.7584121,4,0.07991258800029755,0.9740006327629089,0.0,68.28677368164062,4695,3,-0.09515463560819626
1790090985.8093302,4,0.08011346310377121,1.0,0.0,69.23571014404297,4948,3,-0.12840908765792847
1790090985.8599005,4,0.08032042533159256,1.0,0.0,69.87418365478516,4879,1,-0.16134710609912872
1790090985.910762,4,0.0805189311504364,1.0,0.0,69.63162231445312,5841,4,-0.05761765316128731
1790090985.9621637,4,0.08073129504919052,0.8679997324943542,0.0,70.81781768798828,3552,4,0.0
1790090986.0133128,4,0.08098592609167099,1.0,0.0,71.55306243896484,4240,1,0.0
1790090986.063857,4,0.08119375258684158,1.0,0.0,71.23342895507812,6632,1,0.0
1790090986.1146355,4,0.08141356706619263,1.0,0.0,70.99787902832031,9087,3,0.0
1790090986.1653273,4,0.08162311464548111,0.9159998297691345,0.0,71.65374755859375,7218,3,0.0
1790090986.2159224,4,0.0818457379937172,0.7119994163513184,0.0,73.0040512084961,5338,3,0.0
1790090986.2668054,4,0.08208076655864716,0.8919997811317444,0.0,73.83052825927734,5295,3,0.0
1790090986.317665,4,0.0823139175772667,1.0,0.0,74.94918823242188,5315,3,0.0
1790090986.3685708,4,0.08253854513168335,1.0,0.0,75.82276916503906,5521,3,0.0
1790090986.4191713,4,0.08278337866067886,1.0,0.0,76.70237731933594,5345,3,-0.0017960767727345228
1790090986.4699445,4,0.08303046971559525,1.0,0.0,77.75655364990234,5551,3,-0.032148778438568115
1790090986.5204792,4,0.08327973634004593,1.0,0.0,78.71338653564453,5724,3,-0.06217079237103462
1790090986.5710526,4,0.08353420346975327,1.0,0.0,79.52522277832031,5740,3,-0.09189239144325256
1790090986.622213,4,0.0837777629494667,1.0,0.0,80.80986022949219,5790,3,-0.11012646555900574
1790090986.6730857,4,0.08404161781072617,1.0,0.0,81.99664306640625,5683,3,0.0
1790090986.723986,4,0.08435486257076263,1.0,0.0,82.97352600097656,5945,3,0.0
1790090986.7746146,4,0.08462589979171753,1.0,0.0,83.40185546875,6663,3,0.0
1790090986.825273,4,0.084901362657547,0.9759999513626099,0.0,84.39002227783203,5884,3,0.0
1790090986.876104,4,0.08516202121973038,1.0,0.0,85.4863510131836,6089,3,0.0
1790090986.9270735,4,0.08544594794511795,1.0,0.0,87.0462646484375,6212,3,-0.021024739369750023
1790090986.9777446,4,0.08573422580957413,1.0,0.0,88.60382843017578,6379,3,-0.048112817108631134
1790090987.0282862,4,0.08600959181785583,1.0,0.0,89.81814575195312,6254,3,-0.07323864102363586
1790090987.0795393,4,0.08630722761154175,1.0,0.0,90.95301818847656,6473,3,-0.03363098204135895
1790090987.1303062,4,0.08660896867513657,1.0,0.0,91.89837646484375,6623,3,0.0
1790090987.1812444,4,0.08689507097005844,1.0,0.0,93.01335144042969,6376,3,0.0
1790090987.2322206,4,0.08720344305038452,1.0,0.0,94.00682067871094,6759,3,0.0
1790090987.282784,4,0.08751393854618073,1.0,0.0,95.2972183227539,6686,3,0.0
1790090987.3333712,4,0.08783048391342163,1.0,0.0,96.44148254394531,6887,3,-0.016062255948781967
1790090987.3841128,4,0.08815103024244308,1.0,0.0,97.77671813964844,6740,3,-0.040607474744319916
1790090987.4348178,4,0.08849438279867172,1.0,0.0,98.92852783203125,7052,3,0.0
1790090987.4857354,4,0.08882258832454681,1.0,0.0,100.16935729980469,7079,3,0.0
1790090987.5366752,4,0.08915526419878006,1.0,0.0,101.51703643798828,7035,3,-0.01239257026463747
1790090987.587716,4,0.08947218209505081,1.0,0.0,102.8613052368164,7368,3,-0.04715856537222862
1790090987.6383464,4,0.08981406688690186,1.0,0.0,104.27289581298828,7247,3,0.0
1790090987.688889,4,0.09013808518648148,1.0,0.0,105.41287231445312,7548,3,0.0
1790090987.7393682,4,0.09053121507167816,1.0,0.0,106.57760620117188,7701,3,0.0
1790090987.7902925,4,0.09088394790887833,1.0,0.0,107.92330932617188,7603,3,0.0
1790090987.8408055,4,0.09122125059366226,1.0,0.0,109.37583923339844,7817,3,0.0
1790090987.8913527,4,0.09158580005168915,1.0,0.0,110.86054229736328,7883,3,0.0
1790090987.9423594,4,0.0919305682182312,1.0,0.0,112.34458923339844,7968,3,0.0
1790090987.9929326,4,0.09230290353298187,1.0,0.0,113.84750366210938,8115,3,0.0
1790090988.0434163,4,0.09265940636396408,1.0,0.0,115.3670425415039,8232,3,0.0
1790090988.0941498,4,0.09304098039865494,1.0,0.0,116.88712310791016,8338,3,0.0
1790090988.1449823,4,0.09347674250602722,1.0,0.0,118.39112854003906,8439,3,0.0
1790090988.1958456,4,0.09386929124593735,1.0,0.0,119.89579772949219,8525,3,0.0
1790090988.2464285,4,0.09424430876970291,1.0,0.0,121.29325103759766,8597,3,0.0
1790090988.2970033,4,0.09464620053768158,1.0,0.0,122.79838562011719,8651,3,0.0
1790090988.3478816,4,0.09505527466535568,1.0,0.0,124.26093292236328,8815,3,-0.014341768808662891
1790090988.3984957,4,0.0954652652144432,1.0,0.0,125.70234680175781,8990,3,-0.008043594658374786
1790090988.449041,4,0.095860056579113,1.0,0.0,126.04647064208984,9157,4,0.0
1790090988.5000293,4,0.09627702832221985,1.0,0.0,126.82356262207031,6843,4,0.0
1790090988.550728,4,0.09669866412878036,1.0,0.0,128.12147521972656,6834,4,0.0
1790090988.601567,4,0.09709741920232773,1.0,0.0,129.5889892578125,6915,4,0.0
1790090988.652347,4,0.09752842038869858,1.0,0.0,131.10308837890625,6998,4,0.0
1790090988.7033541,4,0.0980142131447792,1.0,0.0,132.61692810058594,7091,4,0.0
1790090988.75423,4,0.09845459461212158,1.0,0.0,134.1162872314453,7179,4,0.0
1790090988.8051002,4,0.0989002138376236,1.0,0.0,135.68206787109375,7210,4,0.0
1790090988.8559296,4,0.09934957325458527,1.0,0.0,137.1655731201172,7318,4,0.0
1790090988.9067347,4,0.09977957606315613,1.0,0.0,138.56088256835938,7400,4,0.0
1790090988.957807,4,0.10024118423461914,1.0,0.0,140.1055145263672,7501,4,0.0
1790090989.008524,4,0.1007058247923851,1.0,0.0,141.50152587890625,7561,4,-0.020811403170228004
1790090989.0592735,4,0.10114862769842148,1.0,0.0,142.9525146484375,7648,4,0.0
1790090989.1102977,4,0.10162358731031418,1.0,0.0,144.41299438476562,7716,4,0.0
1790090989.1610093,4,0.10210228711366653,1.0,0.0,145.8874053955078,7770,4,0.0
1790090989.2117708,4,0.10255950689315796,1.0,0.0,147.33001708984375,7849,4,0.0
1790090989.262626,4,0.10313396155834198,1.0,0.0,148.77565002441406,7919,4,0.0
1790090989.3132596,4,0.10362713038921356,1.0,0.0,150.19610595703125,8000,4,-0.012823888100683689
1790090989.3641646,4,0.10412773489952087,1.0,0.0,151.65431213378906,8024,4,-0.03235660865902901
1790090989.4149148,4,0.10460039228200912,1.0,0.0,153.10292053222656,8082,4,0.0
1790090989.4656765,4,0.10510953515768051,1.0,0.0,154.4467315673828,8213,4,0.0
1790090989.5163918,4,0.10562341660261154,1.0,0.0,155.7908172607422,8301,4,0.0
1790090989.5670455,4,0.10613870620727539,1.0,0.0,157.23484802246094,8300,4,0.0
1790090989.6177897,4,0.10666141659021378,1.0,0.0,158.50680541992188,8386,4,0.0
1790090989.6685045,4,0.10718584805727005,1.0,0.0,159.8292694091797,8480,4,0.0
1790090989.7192745,4,0.1077190414071083,1.0,0.0,161.1530303955078,8555,4,0.0
1790090989.769929,4,0.10822165757417679,1.0,0.0,162.4907989501953,8608,4,0.0
1790090989.8207433,4,0.10876213014125824,1.0,0.0,163.82156372070312,8658,4,0.0
1790090989.8712785,4,0.10930429399013519,1.0,0.0,165.1643829345703,8698,4,0.0
1790090989.9220326,4,0.10985013097524643,1.0,0.0,166.47169494628906,8768,4,0.0
1790090989.9730635,4,0.11040445417165756,1.0,0.0,167.7327880859375,8869,4,0.0
1790090990.0237515,4,0.11092761904001236,1.0,0.0,168.99183654785156,8947,4,0.0
1790090990.0744298,4,0.11148824542760849,1.0,0.0,170.28268432617188,8990,4,0.0
1790090990.1250553,4,0.11205241829156876,1.0,0.0,171.56103515625,9039,4,0.0
1790090990.1757379,4,0.11262086033821106,1.0,0.0,172.8405303955078,9086,4,0.0
1790090990.226581,4,0.11319435387849808,1.0,0.0,174.00759887695312,9156,4,0.0
1790090990.2772665,4,0.1137368306517601,1.0,0.0,175.23880004882812,9227,4,0.0
1790090990.3281274,4,0.1143183708190918,1.0,0.0,176.33389282226562,9259,4,0.0
1790090990.3790061,4,0.11489982157945633,1.0,0.0,177.26319885253906,9178,4,0.0
1790090990.4295871,4,0.115487240254879,1.0,0.0,177.49842834472656,9099,1,0.0
1790090990.4803998,4,0.11607588827610016,1.0,0.0,178.0041046142578,7417,5,0.0
1790090990.5309732,4,0.1166645810008049,1.0,0.0,179.14776611328125,7402,5,0.0
1790090990.5815392,4,0.117256298661232,1.0,0.0,180.27684020996094,7432,5,0.0
1790090990.6322594,4,0.11785553395748138,1.0,0.0,181.39944458007812,7485,5,0.0
1790090990.6830268,4,0.11845454573631287,1.0,0.0,182.50778198242188,7548,5,0.0
1790090990.7338243,4,0.11906025558710098,1.0,0.0,183.61492919921875,7605,5,0.011472219601273537
1790090990.7845187,4,0.11966857314109802,1.0,0.0,184.65074157714844,7650,5,0.0
1790090990.835553,4,0.1202826127409935,1.0,0.0,185.77398681640625,7680,5,0.0
1790090990.8861496,4,0.12089607119560242,1.0,0.0,186.8878631591797,7718,5,0.0
1790090990.9370065,4,0.12151485681533813,1.0,0.0,187.97998046875,7772,5,0.0
1790090990.988169,4,0.12213877588510513,1.0,0.0,189.065673828125,7824,5,0.0
1790090991.038796,4,0.12276633083820343,1.0,0.0,190.1563720703125,7865,5,0.0
1790090991.0894113,4,0.12335813790559769,1.0,0.0,191.24681091308594,7904,5,0.0
1790090991.1401472,4,0.1239914745092392,1.0,0.0,192.34356689453125,7925,5,0.006817521061748266
1790090991.1909952,4,0.12463197857141495,1.0,0.0,193.42918395996094,7958,5,0.018276669085025787
1790090991.2417285,4,0.12527106702327728,1.0,0.0,194.49957275390625,7999,5,0.0
1790090991.2926836,4,0.12591561675071716,1.0,0.0,195.55645751953125,8046,5,0.0
1790090991.3438866,4,0.12656483054161072,1.0,0.0,196.5908660888672,8107,5,0.0
1790090991.3944702,4,0.1272158920764923,1.0,0.0,197.63668823242188,8135,5,0.0
1790090991.4453464,4,0.12787047028541565,1.0,0.0,198.6721649169922,8176,5,0.010699342004954815
1790090991.4958963,4,0.1285274624824524,1.0,0.0,199.68975830078125,8220,5,0.021256474778056145
1790090991.5464203,4,0.12918968498706818,1.0,0.0,200.63185119628906,8269,5,0.03106572851538658
1790090991.5971217,4,0.12981478869915009,1.0,0.0,201.62522888183594,8312,5,0.0
1790090991.6481814,4,0.13052231073379517,1.0,0.0,202.62062072753906,8347,5,0.0
1790090991.6986847,4,0.1311940997838974,1.0,0.0,203.6123046875,8384,5,0.0
1790090991.7494695,4,0.13186906278133392,1.0,0.0,204.59205627441406,8415,5,0.0
1790090991.800361,4,0.1325068175792694,1.0,0.0,205.574951171875,8451,5,0.0
1790090991.8509474,4,0.1331874579191208,1.0,0.0,206.5382080078125,8494,5,0.0
1790090991.901741,4,0.13387124240398407,1.0,0.0,207.48416137695312,8547,5,0.0
1790090991.952309,4,0.1345594823360443,1.0,0.0,208.45681762695312,8554,5,0.0
1790090992.002964,4,0.1352083384990692,1.0,0.0,209.4092254638672,8592,5,0.0
1790090992.0538135,4,0.1359032839536667,1.0,0.0,210.34280395507812,8641,5,0.005383279174566269
1790090992.1047242,4,0.13668127357959747,1.0,0.0,211.26861572265625,8683,5,0.0144469840452075
1790090992.1557646,4,0.1373807042837143,1.0,0.0,212.1295928955078,8725,5,0.02287857048213482
1790090992.2067733,4,0.13804258406162262,1.0,0.0,213.11297607421875,8741,5,0.0
1790090992.2572541,4,0.13874855637550354,1.0,0.0,213.98106384277344,8767,5,0.0
1790090992.3082879,4,0.13941626250743866,1.0,0.0,214.8758087158203,8811,5,0.0
1790090992.3589685,4,0.1401268094778061,1.0,0.0,215.77711486816406,8848,5,0.0
1790090992.40952,4,0.1408412605524063,1.0,0.0,216.64175415039062,8910,5,0.005249999929219484
1790090992.4599786,4,0.14151643216609955,1.0,0.0,217.50418090820312,8958,5,0.014174995012581348
1790090992.511364,4,0.14236438274383545,1.0,0.0,218.40003967285156,8961,5,0.02309998869895935
1790090992.5619178,4,0.1430463343858719,1.0,0.0,219.27365112304688,8989,5,0.0
1790090992.612713,4,0.1437714546918869,1.0,0.0,220.12681579589844,9028,5,0.0
1790090992.6634579,4,0.1445002555847168,1.0,0.0,220.62600708007812,8882,1,0.0
1790090992.714187,4,0.1451868861913681,1.0,0.0,220.52865600585938,8558,6,0.0
1790090992.7648387,4,0.14591766893863678,1.0,0.0,221.48670959472656,7251,6,0.0
1790090992.8153667,4,0.14660733938217163,1.0,0.0,222.20220947265625,7269,6,0.002624999964609742
1790090992.8661544,4,0.14734317362308502,1.0,0.0,222.97250366210938,7284,6,0.0115499971434474
1790090992.9167929,4,0.14808131754398346,1.0,0.0,223.74073791503906,7300,6,0.0204749908298254
1790090992.9675004,4,0.1487783044576645,1.0,0.0,224.49778747558594,7324,6,0.0
1790090993.0182254,4,0.14952091872692108,1.0,0.0,225.24853515625,7356,6,0.0
1790090993.0688229,4,0.1503979116678238,1.0,0.0,225.98672485351562,7390,6,0.0
1790090993.1194153,4,0.15114600956439972,1.0,0.0,226.72836303710938,7413,6,0.0010499999625608325
1790090993.1703365,4,0.15185223519802094,1.0,0.0,227.47567749023438,7434,6,0.00997499842196703
1790090993.221038,4,0.15260471403598785,1.0,0.0,228.1927490234375,7475,6,0.018899992108345032
1790090993.2717392,4,0.15331578254699707,1.0,0.0,228.9176025390625,7498,6,0.02782498486340046
1790090993.3224351,4,0.15407253801822662,1.0,0.0,229.60276794433594,7514,6,0.0
1790090993.3731675,4,0.1547875553369522,1.0,0.0,230.31861877441406,7547,6,0.0
1790090993.4240017,4,0.15554878115653992,1.0,0.0,231.0384063720703,7566,6,0.0031500000040978193
1790090993.4743855,4,0.15631325542926788,1.0,0.0,231.7572479248047,7586,6,0.012074996717274189
1790090993.5251648,4,0.1571703404188156,1.0,0.0,232.46099853515625,7613,6,0.02099999040365219
1790090993.5762079,4,0.15789423882961273,1.0,0.0,233.1851348876953,7609,6,0.02992498315870762
1790090993.6268878,4,0.1586659550666809,1.0,0.0,233.8685760498047,7636,6,0.038850001990795135
1790090993.67775,4,0.15939480066299438,1.0,0.0,234.52511596679688,7671,6,0.0
1790090993.7283924,4,0.1601235270500183,1.0,0.0,235.1863250732422,7718,6,0.0
1790090993.7788844,4,0.16090092062950134,1.0,0.0,235.80715942382812,7744,6,0.0
1790090993.8296354,4,0.16177383065223694,1.0,0.0,236.5000457763672,7743,6,0.0
1790090993.880298,4,0.16255532205104828,1.0,0.0,237.16641235351562,7761,6,0.0
1790090993.9309726,4,0.16329559683799744,1.0,0.0,237.85923767089844,7759,6,0.0
1790090993.981418,4,0.16408084332942963,1.0,0.0,238.5395965576172,7783,6,0.0
1790090994.0321383,4,0.1648695021867752,1.0,0.0,239.21209716796875,7822,6,0.0
1790090994.0829976,4,0.16561566293239594,1.0,0.0,239.8875732421875,7859,6,0.0
1790090994.1338186,4,0.1664077788591385,1.0,0.0,240.5690460205078,7877,6,0.0
1790090994.1846867,4,0.16720405220985413,1.0,0.0,241.280029296875,7874,6,0.0
1790090994.235548,4,0.16800111532211304,1.0,0.0,241.96807861328125,7889,6,0.0
1790090994.2863846,4,0.16875500977039337,1.0,0.0,242.64772033691406,7919,6,0.0
1790090994.3371665,4,0.1695583313703537,1.0,0.0,243.31939697265625,7952,6,0.0
1790090994.3882852,4,0.17036151885986328,1.0,0.0,243.98178100585938,7991,6,0.0
1790090994.4388368,4,0.1712649166584015,1.0,0.0,244.6534881591797,8018,6,0.0
1790090994.4896464,4,0.17207372188568115,1.0,0.0,245.29075622558594,8025,6,0.0
1790090994.5403311,4,0.17288553714752197,1.0,0.0,245.9910430908203,8018,6,0.0
1790090994.5910532,4,0.17369960248470306,1.0,0.0,246.66600036621094,8030,6,0.0
1790090994.642245,4,0.1745162159204483,1.0,0.0,247.33181762695312,8049,6,0.0
1790090994.6930633,4,0.1752864122390747,1.0,0.0,247.9866943359375,8074,6,0.0
1790090994.7437956,4,0.17610538005828857,1.0,0.0,248.63238525390625,8103,6,0.0
1790090994.7943773,4,0.17692869901657104,1.0,0.0,249.26272583007812,8149,6,0.0
1790090994.844962,4,0.17775297164916992,1.0,0.0,249.88465881347656,8191,6,0.0
1790090994.8956368,4,0.17853017151355743,1.0,0.0,250.53024291992188,8205,6,0.0
1790090994.9465358,4,0.17935873568058014,1.0,0.0,251.1907958984375,8194,6,0.0
1790090994.9971824,4,0.18018992245197296,1.0,0.0,251.84107971191406,8205,6,0.0
1790090995.0476627,4,0.1810229867696762,1.0,0.0,252.44430541992188,8224,6,0.0
1790090995.0985332,4,0.1818106323480606,1.0,0.0,253.06802368164062,8256,6,0.0
1790090995.149477,4,0.1826474517583847,1.0,0.0,253.68678283691406,8281,6,0.0
1790090995.2003458,4,0.18348442018032074,1.0,0.0,254.32192993164062,8291,6,0.0
1790090995.2515342,4,0.18432720005512238,1.0,0.0,254.9443359375,8306,6,0.0
1790090995.3023195,4,0.18527249991893768,1.0,0.0,255.56588745117188,8325,6,0.0
1790090995.3531017,4,0.18611544370651245,1.0,0.0,256.1731872558594,8350,6,0.0
1790090995.403598,4,0.18696530163288116,1.0,0.0,256.7756652832031,8377,6,0.0
1790090995.4542823,4,0.187813863158226,1.0,0.0,257.3906555175781,8382,6,0.0
1790090995.5048976,4,0.18861687183380127,1.0,0.0,257.9960021972656,8403,6,0.0
1790090995.5557559,4,0.18946941196918488,1.0,0.0,258.5821228027344,8438,6,0.0
1790090995.6065738,4,0.1903294026851654,1.0,0.0,259.1601257324219,8478,6,0.0
1790090995.657506,4,0.19113512337207794,1.0,0.0,259.7613220214844,8481,6,0.0
1790090995.708502,4,0.19199597835540771,1.0,0.0,260.36663818359375,8489,6,0.0
1790090995.7593133,4,0.1928590089082718,1.0,0.0,260.96478271484375,8497,6,0.0
1790090995.810382,4,0.19367246329784393,1.0,0.0,261.5637512207031,8490,6,0.0
1790090995.8612115,4,0.19463816285133362,1.0,0.0,262.13824462890625,8502,6,0.0
1790090995.9119356,4,0.19550688564777374,1.0,0.0,262.7034912109375,8526,6,-0.00787500012665987
1790090995.9629314,4,0.19637702405452728,1.0,0.0,263.2564392089844,8566,6,-0.016799993813037872
1790090996.013543,4,0.19719931483268738,1.0,0.0,263.76641845703125,8602,6,0.0
1790090996.0640879,4,0.19807228446006775,1.0,0.0,264.3089904785156,8632,6,-0.0005249999812804163
1790090996.1152549,4,0.1988973319530487,1.0,0.0,264.8658447265625,8637,6,-0.00944999884814024
1790090996.1661558,4,0.19977262616157532,1.0,0.0,265.4367980957031,8618,6,-0.018374992534518242
1790090996.217097,4,0.20075780153274536,1.0,0.0,265.9623107910156,8642,6,-0.02729998528957367
1790090996.2679958,4,0.20163707435131073,1.0,0.0,266.4879455566406,8649,6,-0.03622499480843544
1790090996.3187234,4,0.20246802270412445,1.0,0.0,266.9725646972656,8686,6,-0.015225015580654144
1790090996.3694863,4,0.20335248112678528,1.0,0.0,267.4411315917969,8737,6,0.0
1790090996.4200761,4,0.2041858732700348,1.0,0.0,267.9207763671875,8749,6,0.0
1790090996.4708393,4,0.20507410168647766,1.0,0.0,268.4285888671875,8731,6,-0.00892499927431345
1790090996.5214858,4,0.2059134989976883,1.0,0.0,268.8984069824219,8745,6,-0.017849992960691452
1790090996.5723135,4,0.20691004395484924,1.0,0.0,269.3664245605469,8766,6,-0.02677498571574688
1790090996.6229022,4,0.20779949426651,1.0,0.0,269.7914733886719,8809,6,0.0
1790090996.6736822,4,0.20869462192058563,1.0,0.0,270.2691955566406,8818,6,0.0
1790090996.7243564,4,0.20953798294067383,1.0,0.0,270.7735290527344,8791,6,-0.00419999985024333
1790090996.7752512,4,0.21043309569358826,1.0,0.0,271.2352600097656,8790,6,-0.013124995864927769
1790090996.8264444,4,0.21128088235855103,1.0,0.0,271.6774597167969,8799,6,-0.02204998955130577
1790090996.8776314,4,0.212178573012352,1.0,0.0,272.1320495605469,8793,1,-0.0309749823063612
1790090996.9285698,4,0.21318554878234863,1.0,0.0,271.66796875,9219,7,-0.039900004863739014
1790090996.97919,4,0.2140834480524063,1.0,0.0,272.0442199707031,7223,7,-0.04882502928376198
1790090997.029891,4,0.2149830162525177,1.0,0.0,272.33465576171875,7282,7,-0.05775005370378494
1790090997.0803573,4,0.21583208441734314,1.0,0.0,272.6031188964844,7302,7,-0.06667505204677582
1790090997.1310108,4,0.2167331874370575,1.0,0.0,272.8487548828125,7264,7,-0.0556500144302845
1790090997.1817331,4,0.21763662993907928,1.0,0.0,273.02325439453125,7276,7,0.0
1790090997.2322404,4,0.21848691999912262,1.0,0.0,273.2172546386719,7305,7,0.0
1790090997.2831423,4,0.2193918079137802,1.0,0.0,273.4258117675781,7321,7,0.0
1790090997.3339038,4,0.22029656171798706,1.0,0.0,273.6357116699219,7302,7,-0.00892499927431345
1790090997.384428,4,0.2212546467781067,1.0,0.0,273.82696533203125,7271,7,0.0
1790090997.43488,4,0.22210805118083954,1.0,0.0,274.01190185546875,7276,7,0.0
1790090997.4857588,4,0.22301413118839264,1.0,0.0,274.2433776855469,7273,7,0.0
1790090997.5366483,4,0.22392304241657257,1.0,0.0,274.53436279296875,7278,7,-0.006300000008195639
1790090997.5874581,4,0.22483064234256744,1.0,0.0,274.86334228515625,7296,7,-0.015224994160234928
1790090997.6384227,4,0.2257399708032608,1.0,0.0,275.2030334472656,7297,7,-0.02414998784661293
1790090997.688885,4,0.22665031254291534,1.0,0.0,275.5534973144531,7286,7,-0.033074986189603806
1790090997.7397833,4,0.2276175171136856,1.0,0.0,275.86968994140625,7312,7,-0.04200001060962677
1790090997.790392,4,0.2283693104982376,1.0,0.0,276.1797790527344,7317,7,-0.050925035029649734
1790090997.8409045,4,0.22933925688266754,1.0,0.0,276.4425354003906,7333,7,-0.0598500594496727
1790090997.8914964,4,0.23025469481945038,1.0,0.0,276.6506042480469,7339,7,-0.04830005019903183
1790090997.9422214,4,0.23117409646511078,1.0,0.0,276.8587951660156,7353,7,0.0
1790090997.993206,4,0.23214493691921234,1.0,0.0,277.0442810058594,7398,7,0.0
1790090998.0439546,4,0.23295581340789795,1.0,0.0,277.28973388671875,7384,7,0.0
1790090998.0946178,4,0.23392806947231293,1.0,0.0,277.5193786621094,7351,7,0.0
1790090998.1451783,4,0.23484903573989868,1.0,0.0,277.7369689941406,7390,7,0.0
1790090998.1960504,4,0.23582293093204498,1.0,0.0,278.03314208984375,7367,7,0.0
1790090998.2471178,4,0.23674559593200684,1.0,0.0,278.23486328125,7477,7,0.0
1790090998.297709,4,0.2375045120716095,1.0,0.0,278.54254150390625,7412,7,0.0
1790090998.3486235,4,0.23842762410640717,1.0,0.0,278.89031982421875,7373,7,0.0
1790090998.3995886,4,0.23940490186214447,1.0,0.0,279.1791687011719,7397,7,-0.002624999964609742
1790090998.4505994,4,0.24027736485004425,1.0,0.0,279.52130126953125,7373,7,-0.0115499971434474
1790090998.5018032,4,0.2412598878145218,1.0,0.0,279.72894287109375,7501,7,-0.0204749908298254
1790090998.5524514,4,0.24213333427906036,1.0,0.0,280.08154296875,7522,7,-0.02939998358488083
1790090998.603227,4,0.2430594116449356,1.0,0.0,280.34259033203125,7566,7,-0.038325000554323196
1790090998.6537292,4,0.2439899891614914,1.0,0.0,280.7161865234375,7463,7,0.0
1790090998.7045784,4,0.24502961337566376,1.0,0.0,280.9891052246094,7436,7,0.0
1790090998.755286,4,0.2459617704153061,1.0,0.0,281.2643127441406,7417,7,0.0
1790090998.8063521,4,0.24689356982707977,0.0,0.0,281.5171813964844,7401,7,0.0
1790090998.8574178,4,0.24776804447174072,0.0,0.0,281.101318359375,7321,7,0.0
1790090998.908304,4,0.24864421784877777,0.0,0.9208042025566101,279.8858337402344,7167,7,0.0
1790090998.9587898,4,0.24956956505775452,0.0,1.0,276.81103515625,6972,7,-0.00419999985024333
1790090999.0094912,4,0.2505868673324585,0.0,1.0,273.10760498046875,6965,7,-0.013124995864927769
1790090999.060429,4,0.25143206119537354,0.0,1.0,269.6031188964844,6912,7,-0.02204998955130577
1790090999.1109195,4,0.2523195445537567,0.0,0.6946194171905518,266.7445983886719,6845,7,0.0
1790090999.1616852,4,0.2531501054763794,0.0,0.839487612247467,264.6401062011719,6764,7,0.0
1790090999.212587,4,0.2540222108364105,0.0,1.0,261.696044921875,6647,7,0.0005249999812804163
1790090999.2635922,4,0.2548311650753021,0.0,1.0,258.0829162597656,6563,7,0.00944999884814024
1790090999.3147502,4,0.2557789385318756,0.0,1.0,254.57286071777344,6489,7,0.018374992534518242
1790090999.365903,4,0.2566142976284027,0.0,1.0,251.30543518066406,6415,7,0.0
1790090999.4166608,4,0.25739336013793945,0.0,0.8192882537841797,248.50765991210938,6353,7,0.0
1790090999.4674273,4,0.2581635117530823,0.0,0.9630246162414551,245.85267639160156,7002,1,0.0
1790090999.5184665,4,0.2590678930282593,0.0,1.0,242.75460815429688,6706,1,0.0
1790090999.5694582,4,0.2598642408847809,0.0,1.0,239.40280151367188,7233,6,0.0
1790090999.6199663,4,0.2606041729450226,0.0,1.0,235.87904357910156,7130,6,0.0
1790090999.6708567,4,0.26138073205947876,0.0,1.0,232.47695922851562,7189,6,0.0
1790090999.7216148,4,0.26209935545921326,0.0,0.9883389472961426,229.6369171142578,7779,1,0.0
1790090999.7720585,4,0.26285481452941895,0.0,1.0,226.7690887451172,7445,1,0.0
1790090999.8227787,4,0.26360026001930237,0.0,1.0,223.44898986816406,8245,5,0.0
1790090999.873635,4,0.26433342695236206,0.0,1.0,219.71507263183594,8367,5,0.0
1790090999.9246182,4,0.26513829827308655,0.0,1.0,216.2589874267578,8348,5,0.0
1790090999.9752,4,0.265847384929657,0.0,1.0,213.08425903320312,8182,5,0.0
1790091000.025859,4,0.2665063738822937,0.0,1.0,209.8490447998047,8075,5,0.0
1790091000.0766895,4,0.26719439029693604,0.0,1.0,206.52252197265625,8024,5,0.0
1790091000.1275868,4,0.26791083812713623,0.0,1.0,203.25726318359375,7924,5,0.0
1790091000.178297,4,0.2685388922691345,0.0,1.0,200.16229248046875,7720,5,0.0
1790091000.228968,4,0.26919427514076233,0.0,1.0,197.12066650390625,7514,5,0.0
1790091000.2796762,4,0.26980310678482056,0.0,0.8937842845916748,194.2032012939453,7435,5,0.0
1790091000.3304772,4,0.27044087648391724,0.0,0.7780581712722778,191.57200622558594,7304,5,0.0
1790091000.3810642,4,0.27106931805610657,0.0,1.0,188.5758514404297,7252,5,0.0
1790091000.4324422,4,0.271651953458786,0.0,1.0,185.429443359375,7171,5,0.0
1790091000.4829886,4,0.27226072549819946,0.0,1.0,182.28407287597656,7068,5,0.0
1790091000.5335493,4,0.27282416820526123,0.0,1.0,179.15245056152344,6959,5,0.0
1790091000.584205,4,0.2734125554561615,0.0,1.0,176.25393676757812,7553,1,0.0
1790091000.635061,4,0.2740604877471924,0.0,1.0,173.35519409179688,7230,1,0.0
1790091000.6857438,4,0.27462702989578247,0.0,1.0,170.27565002441406,7606,4,0.0
1790091000.7361872,4,0.27515169978141785,0.0,1.0,166.97218322753906,7996,4,0.0
1790091000.7870579,4,0.275700181722641,0.0,1.0,163.6547088623047,7976,4,0.0
1790091000.837948,4,0.2762066423892975,0.0,1.0,160.49317932128906,7885,4,0.0
1790091000.8887613,4,0.27679628133773804,0.0,1.0,157.49362182617188,7672,4,0.0
1790091000.9395604,4,0.27731096744537354,0.0,1.0,154.7017364501953,7499,4,0.0
1790091000.9903493,4,0.27778923511505127,0.0,1.0,151.69374084472656,7343,4,0.0
1790091001.0412297,4,0.2782844007015228,0.0,1.0,148.70372009277344,7198,4,0.0
1790091001.0922337,4,0.2787429988384247,0.0,0.9934530854225159,145.74951171875,7037,4,0.0
1790091001.14309,4,0.27927812933921814,0.0,1.0,142.76573181152344,6834,4,0.0
1790091001.1937523,4,0.279744029045105,0.0,1.0,139.80079650878906,6624,1,0.0
1790091001.2443752,4,0.2802004814147949,0.0,1.0,136.7506561279297,7209,1,0.0
1790091001.2949228,4,0.2806210219860077,0.0,1.0,133.89903259277344,6903,3,0.0
1790091001.3456793,4,0.281061053276062,0.0,1.0,130.9905548095703,7879,3,0.0
1790091001.3964858,4,0.2814868092536926,0.0,0.9910250902175903,127.83609008789062,7737,3,0.023938296362757683
1790091001.4473956,4,0.28190651535987854,0.0,1.0,124.75437927246094,7734,3,0.05029381066560745
1790091001.4979641,4,0.28231358528137207,0.0,1.0,121.71277618408203,7702,3,0.0776338055729866
1790091001.5487974,4,0.282713919878006,0.0,1.0,118.86282348632812,7615,3,0.10592593997716904
1790091001.5995548,4,0.2830808162689209,0.0,0.918979287147522,116.38627624511719,7506,3,0.133393332362175
1790091001.650461,4,0.28346434235572815,0.0,0.8875609040260315,113.98650360107422,7393,3,0.16341201961040497
1790091001.7012086,4,0.2838405668735504,0.0,0.9463557004928589,111.6492919921875,7201,3,0.19032058119773865
1790091001.7516677,4,0.28421005606651306,0.0,0.9197589755058289,109.32656860351562,7038,3,0.19411423802375793
1790091001.802628,4,0.2845720648765564,0.0,0.9163150191307068,106.99919891357422,6918,3,0.19807028770446777
1790091001.853235,4,0.28492826223373413,0.0,0.9016035199165344,104.76408386230469,6763,3,0.20202431082725525
1790091001.9039414,4,0.2852550446987152,0.0,0.8680559396743774,102.5546875,6615,3,0.20609113574028015
1790091001.9547188,4,0.2855943739414215,0.0,0.8302831649780273,100.44874572753906,6479,3,0.21012291312217712
1790091002.0054584,4,0.2859255075454712,0.0,0.8520344495773315,98.37906646728516,6325,3,0.21424196660518646
1790091002.0559683,4,0.28624993562698364,0.0,0.8702742457389832,96.2821273803711,6156,3,0.21858330070972443
1790091002.1068344,4,0.2865459620952606,0.0,0.8916621804237366,94.1114730834961,6007,3,0.2232665866613388
1790091002.157571,4,0.2868514060974121,0.0,0.9014625549316406,92.09400177001953,5876,3,0.22780294716358185
1790091002.2085133,4,0.28714677691459656,0.0,0.947854220867157,89.83564758300781,5728,3,0.23310472071170807
1790091002.2591815,4,0.28746163845062256,0.0,0.8999218344688416,87.61544036865234,5590,3,0.23856312036514282
1790091002.3097572,4,0.28773319721221924,0.0,0.8892401456832886,85.50624084472656,6205,1,0.24399077892303467
1790091002.3606029,4,0.28797975182533264,0.0,0.844190776348114,83.5041275024414,5947,1,0.24937640130519867
1790091002.4117095,4,0.28823336958885193,0.0,0.7975886464118958,81.45718383789062,6441,2,0.25513407588005066
1790091002.4623876,4,0.28845614194869995,0.0,0.8715789914131165,79.24227142333984,6781,2,0.2616713345050812
1790091002.513023,4,0.2886883020401001,0.0,0.888654351234436,77.11551666259766,6733,2,0.26827171444892883
1790091002.563573,4,0.28889933228492737,0.0,0.884571373462677,75.07854461669922,6511,2,0.27491331100463867
1790091002.6143332,4,0.28910377621650696,0.0,0.8386258482933044,73.06706237792969,6328,2,0.28180259466171265
1790091002.6650007,4,0.2893284261226654,0.0,0.7378599643707275,71.17039489746094,6212,2,0.2886226177215576
1790091002.7156181,4,0.28952115774154663,0.0,0.86822509765625,69.40460968017578,6065,2,0.2952755391597748
1790091002.7667222,4,0.2897018790245056,0.0,0.9047605395317078,67.32576751708984,5814,2,0.30351200699806213
1790091002.8177567,4,0.289870947599411,0.0,0.8768388032913208,65.40581512451172,5669,2,0.3115379512310028
1790091002.8684928,4,0.29003196954727173,0.0,0.8183152079582214,63.62793731689453,5516,2,0.3193579912185669
1790091002.9191222,4,0.29017874598503113,0.0,0.842166543006897,61.67109298706055,5366,2,0.32843196392059326
1790091002.9699702,4,0.29033657908439636,0.0,0.7858157157897949,59.69866180419922,5199,2,0.338115394115448
1790091003.0205204,4,0.2905048429965973,0.0,0.8171513676643372,57.8804931640625,5036,2,0.34756138920783997
1790091003.0713606,4,0.2906446158885956,0.0,0.0,56.00796127319336,4961,2,0.357857882976532
1790091003.12213,4,0.2907693684101105,0.0,0.0,54.69781494140625,5112,2,0.36543241143226624
1790091003.172836,4,0.2909087836742401,0.0,0.0,53.66767883300781,5137,2,0.37161704897880554
1790091003.2235465,4,0.29103419184684753,0.0,0.0,52.7908935546875,5086,2,0.3770483136177063
1790091003.2748086,4,0.2911529541015625,0.0,0.0,51.978904724121094,5016,2,0.3822217881679535
1790091003.325634,4,0.2912939786911011,0.0,0.0,51.210384368896484,4938,2,0.38725078105926514
1790091003.3765678,4,0.29141998291015625,0.0,0.0,50.49254608154297,4879,2,0.39206916093826294
1790091003.4274848,4,0.2915268540382385,0.0,0.0,49.82740020751953,4823,2,0.3966420888900757
1790091003.478158,4,0.29167163372039795,0.0,0.0,49.23779296875,4755,2,0.4007858335971832
1790091003.528936,4,0.2917902171611786,0.0,0.0,48.67210388183594,4693,2,0.40484365820884705
1790091003.5797918,4,0.29189348220825195,0.0,0.0,48.112525939941406,4639,2,0.4089393615722656
1790091003.6305563,4,0.29201841354370117,0.0,0.0,47.596412658691406,4591,2,0.41279101371765137
1790091003.6814125,4,0.29212358593940735,0.0,0.0,47.06412124633789,4545,2,0.41684019565582275
1790091003.732155,4,0.29222771525382996,0.0,0.0,46.55167007446289,4492,2,0.4208142161369324
1790091003.7829347,4,0.2923663556575775,0.0,0.0,46.04449462890625,4441,2,0.4248226583003998
1790091003.8337147,4,0.2924598157405853,0.0,0.0,45.54010772705078,4392,2,0.4288855195045471
1790091003.8844705,4,0.2925776541233063,0.0,0.0,45.032649993896484,4347,2,0.43305227160453796
1790091003.935549,4,0.292682945728302,0.0,0.0,44.5352897644043,4301,2,0.4372154474258423
1790091003.9860427,4,0.29279327392578125,0.0,0.0,44.05409240722656,4255,2,0.4413202106952667
1790091004.0370317,4,0.29290881752967834,0.13200001418590546,0.0,43.60208511352539,4266,2,0.4452468454837799
1790091004.0879347,4,0.2930166721343994,0.3359999358654022,0.0,43.43460464477539,4294,2,0.44671952724456787
1790091004.138589,4,0.29311463236808777,0.5399999618530273,0.0,43.410831451416016,4296,2,0.44692933559417725
1790091004.1894152,4,0.29323169589042664,0.6740000247955322,0.0,43.503082275390625,4333,2,0.44611620903015137
1790091004.2401655,4,0.29333803057670593,0.7340001463890076,0.0,43.669715881347656,4379,2,0.4446548819541931
1790091004.2908566,4,0.29345738887786865,0.8420003652572632,0.0,43.931541442871094,4391,2,0.4423779547214508
1790091004.3416724,4,0.2935566008090973,0.9500005841255188,0.0,44.320430755615234,4388,2,0.4390387535095215
1790091004.3923855,4,0.2936621308326721,0.9639999270439148,0.0,44.739810943603516,4448,2,0.4354938268661499
1790091004.4432564,4,0.29378241300582886,0.9879999756813049,0.0,45.23480224609375,4439,2,0.4313827157020569
1790091004.4943933,4,0.2938960790634155,1.0,0.0,45.78999710083008,4415,2,0.4268629252910614
1790091004.544879,4,0.29401493072509766,1.0,0.0,46.326507568359375,4629,2,0.4225843846797943
1790091004.595467,4,0.29412874579429626,1.0,0.0,47.00080490112305,4880,2,0.4173271358013153
1790091004.6462045,4,0.2942524254322052,1.0,0.0,47.73320770263672,4887,2,0.41176310181617737
1790091004.697117,4,0.2943616807460785,1.0,0.0,48.0840950012207,5065,2,0.4091496467590332
1790091004.7481687,4,0.29449641704559326,1.0,0.0,48.40447998046875,5035,2,0.3499854505062103
1790091004.7990723,4,0.29460692405700684,1.0,0.0,48.62436294555664,5165,2,0.18933553993701935
1790091004.8498886,4,0.2947389483451843,1.0,0.0,49.20830154418945,5073,2,0.20698432624340057
1790091004.9006517,4,0.2948557734489441,1.0,0.0,49.91539001464844,5204,2,0.24813540279865265
1790091004.9513285,4,0.2949892580509186,1.0,0.0,50.721343994140625,5098,2,0.1586197316646576
1790091005.0021534,4,0.29511380195617676,1.0,0.0,51.619041442871094,4996,2,0.0
1790091005.0529842,4,0.29526400566101074,1.0,0.0,52.645057678222656,5034,2,0.0
1790091005.1035604,4,0.29538798332214355,1.0,0.0,53.751380920410156,5259,2,0.0
1790091005.1540802,4,0.2955228090286255,1.0,0.0,55.00834274291992,5539,2,0.0
1790091005.2048247,4,0.2956823706626892,1.0,0.0,56.29044723510742,5583,2,0.0
1790091005.255798,4,0.2958294153213501,1.0,0.0,57.64866638183594,5783,2,0.0
1790091005.3070319,4,0.2960032820701599,1.0,0.0,59.043209075927734,5985,2,0.0
1790091005.357652,4,0.2961871027946472,1.0,0.0,60.4714469909668,6163,2,0.0
1790091005.4081829,4,0.29635554552078247,1.0,0.0,61.8531494140625,6388,2,0.0
1790091005.4589407,4,0.29655560851097107,1.0,0.0,63.26054000854492,6596,2,0.0
1790091005.5096316,4,0.2967274785041809,1.0,0.0,64.59541320800781,6632,2,0.0
1790091005.5604503,4,0.2969423532485962,1.0,0.0,66.01111602783203,6619,2,0.0
1790091005.6113985,4,0.2971402406692505,1.0,0.0,67.36495971679688,6888,2,0.0
1790091005.6625092,4,0.2973717451095581,1.0,0.0,68.66868591308594,6823,2,0.0
1790091005.71347,4,0.2975827753543854,1.0,0.0,69.94316864013672,7022,2,0.0
1790091005.7639313,4,0.29782572388648987,1.0,0.0,71.25941467285156,7289,2,0.0
1790091005.814932,4,0.298047810792923,1.0,0.0,72.75167083740234,7419,2,0.0
1790091005.8654444,4,0.29830464720726013,1.0,0.0,74.1591796875,7502,2,0.0
1790091005.9160821,4,0.2985232472419739,1.0,0.0,75.61933135986328,7861,2,0.0
1790091005.9673326,4,0.298795610666275,1.0,0.0,77.12803649902344,7696,2,0.0
1790091006.0183585,4,0.29907336831092834,1.0,0.0,78.55672454833984,8071,2,0.0
1790091006.0689766,4,0.299327552318573,1.0,0.0,80.02403259277344,8148,2,0.010424794629216194
1790091006.1198552,4,0.29960182309150696,1.0,0.0,81.4600830078125,8259,2,0.03965143859386444
1790091006.1704895,4,0.29986345767974854,1.0,0.0,82.88739776611328,8578,2,0.0
1790091006.2210002,4,0.3001601994037628,1.0,0.0,84.34130096435547,8423,2,0.0
1790091006.2719254,4,0.3004465401172638,1.0,0.0,85.7222900390625,8769,2,0.0
1790091006.32271,4,0.30071890354156494,1.0,0.0,87.19976806640625,8902,2,0.0
1790091006.373221,4,0.30101728439331055,1.0,0.0,88.64326477050781,8834,2,0.0
1790091006.4239237,4,0.3013294041156769,1.0,0.0,90.08444213867188,9083,2,0.0
1790091006.4745333,4,0.301634818315506,1.0,0.0,91.39603424072266,9292,2,0.0
1790091006.5251079,4,0.30190813541412354,1.0,0.0,92.66268157958984,9191,2,0.0
1790091006.5758655,4,0.3022390305995941,1.0,0.0,93.62298583984375,9313,2,0.0
1790091006.6265554,4,0.3025546669960022,1.0,0.0,93.67755889892578,9224,3,0.0
1790091006.6773639,4,0.30286553502082825,0.8919997811317444,0.0,94.6850814819336,7149,3,0.0
1790091006.728124,4,0.30320650339126587,1.0,0.0,96.00194549560547,6891,3,0.0
1790091006.7789574,4,0.30349305272102356,1.0,0.0,97.5802993774414,7028,3,0.0
1790091006.8299754,4,0.30381619930267334,1.0,0.0,99.19812774658203,6974,3,0.007077518850564957
1790091006.880836,4,0.30415061116218567,1.0,0.0,100.76335906982422,7186,3,0.03710455819964409
1790091006.931614,4,0.3045063316822052,1.0,0.0,102.31929016113281,7177,3,0.07210469990968704
1790091006.9822438,4,0.304850697517395,1.0,0.0,103.65872192382812,7356,3,0.07214154303073883
1790091007.0331109,4,0.30519360303878784,1.0,0.0,104.91355895996094,7375,3,0.0
1790091007.0838542,4,0.30550599098205566,1.0,0.0,106.17655181884766,7595,3,0.0
1790091007.1346607,4,0.3058585226535797,1.0,0.0,107.52069854736328,7724,3,0.0
1790091007.185426,4,0.30624040961265564,1.0,0.0,108.92887878417969,7703,3,0.0
1790091007.2362423,4,0.3066038489341736,1.0,0.0,110.40013122558594,7907,3,0.0
1790091007.2867246,4,0.3069712221622467,1.0,0.0,111.93305969238281,8039,3,0.0
1790091007.337281,4,0.30734357237815857,1.0,0.0,113.55616760253906,8112,3,0.0
1790091007.3879251,4,0.30772125720977783,1.0,0.0,115.29876708984375,8065,3,0.0
1790091007.4386177,4,0.3081296682357788,1.0,0.0,116.81478118896484,8218,3,0.0
1790091007.4895463,4,0.308473140001297,1.0,0.0,118.24058532714844,8407,3,0.0
1790091007.5404723,4,0.3088679015636444,1.0,0.0,119.69515991210938,8544,3,0.0
1790091007.591051,4,0.30926573276519775,1.0,0.0,121.18917846679688,8646,3,0.0
1790091007.641734,4,0.30967283248901367,1.0,0.0,122.71056365966797,8714,3,0.0
1790091007.692715,4,0.3100782632827759,1.0,0.0,124.15992736816406,8732,3,0.0
1790091007.7433605,4,0.31052088737487793,1.0,0.0,125.63395690917969,8994,3,0.0
1790091007.7939909,4,0.3109371066093445,1.0,0.0,127.09394836425781,9073,3,0.0
1790091007.844582,4,0.3113638460636139,1.0,0.0,128.5911407470703,9100,3,0.0
1790091007.8951087,4,0.31174349784851074,1.0,0.0,130.1258087158203,9156,3,0.0
1790091007.9463806,4,0.3121749758720398,1.0,0.0,131.46273803710938,9225,3,0.0
1790091007.9972339,4,0.3126131594181061,1.0,0.0,131.54173278808594,9353,4,0.0
1790091008.0480127,4,0.31305167078971863,1.0,0.0,132.40464782714844,6922,4,0.0
1790091008.0989861,4,0.3135189116001129,1.0,0.0,133.6620330810547,7149,4,0.0
1790091008.1496382,4,0.31396737694740295,1.0,0.0,135.12940979003906,7238,4,0.0
1790091008.2005458,4,0.31441542506217957,1.0,0.0,136.6771240234375,7286,4,0.0
1790091008.251484,4,0.31487104296684265,1.0,0.0,138.20248413085938,7365,4,0.0
1790091008.302082,4,0.31527411937713623,1.0,0.0,139.7086639404297,7452,4,0.0
1790091008.3529556,4,0.3157729506492615,1.0,0.0,141.23731994628906,7511,4,0.0
1790091008.4035087,4,0.31624162197113037,1.0,0.0,142.65133666992188,7584,4,0.0
1790091008.4542034,4,0.3167189359664917,1.0,0.0,144.1394805908203,7672,4,0.0
1790091008.5050268,4,0.3172271251678467,1.0,0.0,145.59979248046875,7789,4,0.0
1790091008.5558794,4,0.31771495938301086,1.0,0.0,146.83245849609375,7930,4,0.0
1790091008.6066961,4,0.3181467354297638,1.0,0.0,148.15597534179688,7930,4,0.0
1790091008.6572497,4,0.31863918900489807,1.0,0.0,149.70751953125,7915,4,0.007020029239356518
1790091008.7078524,4,0.31914082169532776,1.0,0.0,151.2102508544922,7951,4,0.02666264772415161
1790091008.7586837,4,0.3196723461151123,1.0,0.0,152.68426513671875,8013,4,0.04594694450497627
1790091008.8091745,4,0.3201844096183777,1.0,0.0,154.0989990234375,8125,4,0.0
1790091008.859898,4,0.32069849967956543,1.0,0.0,155.43162536621094,8284,4,0.0
1790091008.9104793,4,0.321157306432724,1.0,0.0,156.67562866210938,8412,4,0.0
1790091008.9611259,4,0.3217119872570038,1.0,0.0,157.86241149902344,8498,4,0.0
1790091009.0116541,4,0.3222729563713074,1.0,0.0,158.91526794433594,8292,4,0.0
1790091009.0624652,4,0.3227401673793793,1.0,0.0,160.04664611816406,8462,4,0.0
1790091009.1129916,4,0.3232722878456116,1.0,0.0,161.44482421875,8504,4,0.0
1790091009.1634283,4,0.3238444924354553,1.0,0.0,162.80332946777344,8590,4,0.0
1790091009.2139673,4,0.32438531517982483,1.0,0.0,164.11817932128906,8687,4,0.0
1790091009.2647777,4,0.32489708065986633,1.0,0.0,165.4687957763672,8748,4,0.0
1790091009.3155975,4,0.325449138879776,1.0,0.0,166.69773864746094,8832,4,0.0
1790091009.3667443,4,0.32603439688682556,1.0,0.0,168.01116943359375,8906,4,0.0
1790091009.4173596,4,0.32652604579925537,1.0,0.0,169.33580017089844,8955,4,0.0
1790091009.4681756,4,0.32712650299072266,1.0,0.0,170.66629028320312,9002,4,0.0
1790091009.5189457,4,0.32772624492645264,1.0,0.0,171.8223876953125,9046,4,0.0
1790091009.5695481,4,0.32822760939598083,1.0,0.0,172.98643493652344,9148,4,0.0
1790091009.6204355,4,0.32880356907844543,1.0,0.0,174.29737854003906,9187,4,0.0
1790091009.6713736,4,0.32941576838493347,1.0,0.0,175.59461975097656,9232,4,0.0
1790091009.722358,4,0.32999956607818604,1.0,0.0,176.6992645263672,9151,4,0.0
1790091009.773195,4,0.33058810234069824,1.0,0.0,177.44183349609375,9159,4,0.0
1790091009.8240879,4,0.3312094211578369,1.0,0.0,178.11085510253906,9197,4,0.0
1790091009.8749597,4,0.33172982931137085,1.0,0.0,178.72711181640625,9200,4,0.0
1790091009.9255586,4,0.3323218822479248,1.0,0.0,179.29849243164062,9177,4,0.0
1790091009.9762678,4,0.3329187333583832,1.0,0.0,179.84661865234375,9256,4,0.011203422211110592
1790091010.0267947,4,0.3335452079772949,1.0,0.0,180.2985382080078,9255,4,0.02472955733537674
1790091010.0776076,4,0.3341440260410309,1.0,0.0,180.57498168945312,9234,4,0.0
1790091010.1286252,4,0.33467212319374084,1.0,0.0,180.88189697265625,9205,4,0.0
1790091010.1792855,4,0.3352665305137634,1.0,0.0,181.05364990234375,9152,1,0.0
1790091010.2299442,4,0.33586323261260986,1.0,0.0,181.0127410888672,8847,5,0.0
1790091010.2804513,4,0.3364996612071991,1.0,0.0,182.0764617919922,7589,5,0.0
1790091010.331284,4,0.3371029198169708,1.0,0.0,183.259033203125,7602,5,0.0030594291165471077
1790091010.382014,4,0.3377092778682709,1.0,0.0,184.41624450683594,7658,5,0.015942685306072235
1790091010.432998,4,0.3383205235004425,1.0,0.0,185.59933471679688,7684,5,0.028632691130042076
1790091010.4838593,4,0.3389705717563629,1.0,0.0,186.78457641601562,7716,5,0.04112971946597099
1790091010.5346541,4,0.33947983384132385,1.0,0.0,187.9260711669922,7768,5,0.0534420944750309
1790091010.5854552,4,0.34013834595680237,1.0,0.0,189.0255889892578,7853,5,0.024934828281402588
1790091010.6362216,4,0.34076443314552307,1.0,0.0,190.1533203125,7883,5,0.0
1790091010.6870103,4,0.34139400720596313,1.0,0.0,191.30258178710938,7897,5,0.0
1790091010.73788,4,0.3420271575450897,1.0,0.0,192.4187774658203,7942,5,0.0
1790091010.7883637,4,0.3426644504070282,1.0,0.0,193.4668731689453,7996,5,0.0
1790091010.8390808,4,0.3433055877685547,1.0,0.0,194.54383850097656,8075,5,0.0
1790091010.8900137,4,0.3439881205558777,1.0,0.0,195.6718292236328,8098,5,0.0
1790091010.9409614,4,0.3446359932422638,1.0,0.0,196.8184051513672,8113,5,0.0
1790091010.9917502,4,0.34528714418411255,1.0,0.0,197.927734375,8161,5,0.007613770198076963
1790091011.0425298,4,0.34586602449417114,1.0,0.0,199.0354461669922,8208,5,0.01826678216457367
1790091011.0931003,4,0.3465254008769989,1.0,0.0,200.1377716064453,8246,5,0.0
1790091011.1439202,4,0.3471877872943878,1.0,0.0,201.21353149414062,8302,5,0.0
1790091011.194549,4,0.34789273142814636,1.0,0.0,202.3242645263672,8316,5,0.0
1790091011.2451968,4,0.34856295585632324,1.0,0.0,203.39779663085938,8369,5,0.0
1790091011.2959747,4,0.3492374122142792,1.0,0.0,204.4715118408203,8409,5,0.0
1790091011.346626,4,0.34991416335105896,1.0,0.0,205.4581298828125,8464,5,0.0068968795239925385
1790091011.3973293,4,0.35059383511543274,1.0,0.0,206.52005004882812,8491,5,0.016553157940506935
1790091011.4480767,4,0.3511989116668701,1.0,0.0,207.57151794433594,8521,5,0.02607620693743229
1790091011.4988987,4,0.3518853187561035,1.0,0.0,208.60244750976562,8569,5,0.0
1790091011.549488,4,0.35257622599601746,1.0,0.0,209.6109619140625,8627,5,0.0
1790091011.6003776,4,0.35330960154533386,1.0,0.0,210.6299591064453,8664,5,0.0
1790091011.6510482,4,0.3540068566799164,1.0,0.0,211.6410675048828,8704,5,0.0
1790091011.701976,4,0.35470786690711975,1.0,0.0,212.65896606445312,8723,5,0.0
1790091011.7529318,4,0.35541221499443054,1.0,0.0,213.669677734375,8764,5,0.0
1790091011.804018,4,0.35611778497695923,1.0,0.0,214.6514434814453,8811,5,0.006825000047683716
1790091011.854558,4,0.3568302392959595,1.0,0.0,215.6460418701172,8844,5,0.015749994665384293
1790091011.9052584,4,0.3575432598590851,1.0,0.0,216.60504150390625,8900,5,0.02467498742043972
1790091011.9561613,4,0.3582613170146942,1.0,0.0,217.5740509033203,8931,5,0.0
1790091012.0070677,4,0.3589802086353302,1.0,0.0,218.54457092285156,8969,5,0.0
1790091012.0577953,4,0.35970282554626465,1.0,0.0,218.685546875,9133,6,0.0
1790091012.1085267,4,0.36042553186416626,1.0,0.0,219.1727294921875,7269,6,0.0
1790091012.1592538,4,0.36115196347236633,1.0,0.0,220.1195068359375,7207,6,0.0
1790091012.2102318,4,0.3618798553943634,1.0,0.0,220.9951629638672,7224,6,0.0015749998856335878
1790091012.260924,4,0.3625229001045227,1.0,0.0,221.86752319335938,7245,6,0.01049999799579382
1790091012.3121252,4,0.3632600009441376,1.0,0.0,222.73538208007812,7269,6,0.01942499168217182
1790091012.3631814,4,0.3640829622745514,1.0,0.0,223.58294677734375,7305,6,0.02834998443722725
1790091012.4140198,4,0.36482226848602295,1.0,0.0,224.42022705078125,7335,6,0.0
1790091012.4649065,4,0.36556482315063477,1.0,0.0,225.25709533691406,7364,6,0.0
1790091012.5159907,4,0.3663080334663391,1.0,0.0,226.09205627441406,7392,6,0.0
1790091012.5668619,4,0.3670593202114105,1.0,0.0,226.91964721679688,7424,6,0.0
1790091012.6181126,4,0.36781108379364014,1.0,0.0,227.74447631835938,7453,6,0.0
1790091012.6688614,4,0.36856478452682495,1.0,0.0,228.5736083984375,7479,6,0.0
1790091012.7193024,4,0.36923134326934814,1.0,0.0,229.39833068847656,7505,6,0.0
1790091012.7701771,4,0.3699903190135956,1.0,0.0,230.23092651367188,7520,6,0.0
1790091012.8211339,4,0.3707507848739624,1.0,0.0,231.040283203125,7563,6,0.0
1790091012.8719697,4,0.3715159595012665,1.0,0.0,231.85166931152344,7590,6,0.0
1790091012.922866,4,0.3722837269306183,1.0,0.0,232.6796875,7599,6,0.0
1790091012.9737494,4,0.373058944940567,1.0,0.0,233.49981689453125,7616,6,0.0
1790091013.0243053,4,0.37383145093917847,1.0,0.0,234.30227661132812,7646,6,0.0
1790091013.0747123,4,0.3746059536933899,1.0,0.0,235.09890747070312,7676,6,0.0
1790091013.1254132,4,0.3753857910633087,1.0,0.0,235.84780883789062,7697,6,0.0
1790091013.1763444,4,0.3761654794216156,1.0,0.0,236.6420135498047,7718,6,0.0
1790091013.2271588,4,0.37695005536079407,1.0,0.0,237.42967224121094,7744,6,0.0
1790091013.2777507,4,0.3777347207069397,1.0,0.0,238.20338439941406,7782,6,0.0
1790091013.3283103,4,0.3785220980644226,1.0,0.0,238.97378540039062,7817,6,0.0
1790091013.3791754,4,0.3792671859264374,1.0,0.0,239.74630737304688,7839,6,-0.006825000047683716
1790091013.4298477,4,0.38006114959716797,1.0,0.0,240.5327911376953,7849,6,0.0
1790091013.480737,4,0.3808562159538269,1.0,0.0,241.30331420898438,7871,6,0.0
1790091013.5315592,4,0.3816547393798828,1.0,0.0,242.07135009765625,7894,6,0.0
1790091013.5821815,4,0.38240814208984375,1.0,0.0,242.82728576660156,7920,6,0.0
1790091013.6333885,4,0.38321220874786377,1.0,0.0,243.58465576171875,7945,6,0.0
1790091013.6840148,4,0.38401761651039124,1.0,0.0,244.3321075439453,7971,6,0.0
1790091013.7346194,4,0.3848261535167694,1.0,0.0,245.0386199951172,8009,6,-0.0057749999687075615
1790091013.7854648,4,0.3857317864894867,1.0,0.0,245.74246215820312,8071,6,-0.014699994586408138
1790091013.8366387,4,0.3865455389022827,1.0,0.0,246.48793029785156,8073,6,-0.02362498827278614
1790091013.8875253,4,0.38736116886138916,1.0,0.0,247.25233459472656,8053,6,0.0
1790091013.9382315,4,0.38817983865737915,1.0,0.0,247.9815216064453,8074,6,0.0
1790091013.9888551,4,0.38890454173088074,1.0,0.0,248.7024688720703,8111,6,0.0
1790091014.0394158,4,0.3897266685962677,1.0,0.0,249.38893127441406,8173,6,0.0
1790091014.0900128,4,0.39060065150260925,1.0,0.0,250.08447265625,8215,6,0.0
1790091014.1406538,4,0.3914289176464081,1.0,0.0,250.82501220703125,8184,6,-0.007350000087171793
1790091014.1913505,4,0.39221060276031494,1.0,0.0,251.5496063232422,8201,6,-0.016274994239211082
1790091014.2418299,4,0.39304327964782715,1.0,0.0,252.26611328125,8217,6,-0.015224987640976906
1790091014.2923577,4,0.3938768208026886,1.0,0.0,252.90174865722656,8270,6,0.0
1790091014.343314,4,0.39471378922462463,1.0,0.0,253.59902954101562,8290,6,0.0
1790091014.394049,4,0.39560234546661377,1.0,0.0,254.31190490722656,8293,6,0.0
1790091014.4447584,4,0.3964446783065796,1.0,0.0,255.00514221191406,8318,6,0.0
1790091014.4956245,4,0.39728879928588867,1.0,0.0,255.7007598876953,8341,6,0.0
1790091014.546572,4,0.39813512563705444,1.0,0.0,256.3953552246094,8367,6,-0.006300000008195639
1790091014.5972338,4,0.39898380637168884,1.0,0.0,257.0755615234375,8410,6,0.0
1790091014.6482394,4,0.3997337818145752,1.0,0.0,257.73388671875,8457,6,0.0
1790091014.6990705,4,0.40058621764183044,1.0,0.0,258.4450988769531,8447,6,0.0
1790091014.7496858,4,0.4014415740966797,1.0,0.0,259.1693420410156,8435,6,0.0
1790091014.8005579,4,0.4022986590862274,1.0,0.0,259.8641662597656,8450,6,0.0
1790091014.8510509,4,0.4031590223312378,1.0,0.0,260.5410461425781,8486,6,0.0
1790091014.9018984,4,0.4040721654891968,1.0,0.0,261.1634826660156,8526,6,0.0
1790091014.952433,4,0.40493685007095337,1.0,0.0,261.83392333984375,8547,6,-0.0010499999625608325
1790091015.0032635,4,0.4058031141757965,1.0,0.0,262.5209045410156,8558,6,-0.00997499842196703
1790091015.0539126,4,0.4066716134548187,1.0,0.0,263.18603515625,8589,6,-0.008924992755055428
1790091015.1044533,4,0.40744081139564514,1.0,0.0,263.85101318359375,8613,6,0.0
1790091015.155735,4,0.4083143472671509,1.0,0.0,264.53070068359375,8615,6,0.0
1790091015.2062848,4,0.40918904542922974,1.0,0.0,265.2071228027344,8624,6,0.0
1790091015.2568462,4,0.41006600856781006,1.0,0.0,265.8675231933594,8644,6,0.0
1790091015.3078556,4,0.4109470248222351,1.0,0.0,266.5143737792969,8687,1,0.0
1790091015.3584902,4,0.4118793308734894,1.0,0.0,266.3330993652344,9305,7,0.0
1790091015.409105,4,0.412760853767395,1.0,0.0,266.8719787597656,7099,7,-0.00892499927431345
1790091015.4599543,4,0.4136439263820648,1.0,0.0,267.4581604003906,7112,7,-0.017849992960691452
1790091015.5108323,4,0.41458046436309814,1.0,0.0,268.02142333984375,7129,7,-0.016799986362457275
1790091015.5616074,4,0.41531166434288025,1.0,0.0,268.5732421875,7127,7,0.0
1790091015.6121366,4,0.416200190782547,1.0,0.0,269.15411376953125,7142,7,0.0
1790091015.6627684,4,0.41714388132095337,1.0,0.0,269.7235107421875,7169,7,0.0
1790091015.7136536,4,0.4180366098880768,1.0,0.0,270.287109375,7196,7,-0.00419999985024333
1790091015.7641747,4,0.4189322292804718,1.0,0.0,270.8735656738281,7195,7,-0.013124995864927769
1790091015.815208,4,0.4198804795742035,1.0,0.0,271.4571228027344,7195,7,-0.02204998955130577
1790091015.8662398,4,0.4206206798553467,1.0,0.0,272.0129699707031,7218,7,-0.0309749823063612
1790091015.9170742,4,0.4215739965438843,1.0,0.0,272.5620422363281,7236,7,-0.039900004863739014
1790091015.967805,4,0.42247602343559265,1.0,0.0,273.109130859375,7242,7,0.0
1790091016.0184166,4,0.4234325587749481,1.0,0.0,273.6456298828125,7268,7,0.0
1790091016.069175,4,0.4243386387825012,1.0,0.0,274.180908203125,7288,7,-0.00892499927431345
1790091016.1203146,4,0.42529839277267456,1.0,0.0,274.7227783203125,7297,7,-0.017849992960691452
1790091016.171308,4,0.42610061168670654,0.0,0.0,275.145751953125,7184,7,-0.02677498571574688
1790091016.2218409,4,0.42700955271720886,0.0,0.0,274.8446960449219,7157,7,0.0
1790091016.272471,4,0.42791861295700073,0.0,0.44781312346458435,274.5063781738281,7096,7,0.0
1790091016.3236914,4,0.42882323265075684,0.0,0.93708735704422,272.95556640625,6904,7,0.0
1790091016.3742528,4,0.4297735393047333,0.0,1.0,270.12237548828125,6780,7,0.0
1790091016.4248395,4,0.43066084384918213,0.0,1.0,266.7314453125,6752,7,0.0
1790091016.475805,4,0.43143340945243835,0.0,1.0,263.4822082519531,6677,7,0.0
1790091016.526491,4,0.43230071663856506,0.0,1.0,260.5379333496094,6598,7,0.0
1790091016.5776033,4,0.43320780992507935,0.0,0.7118133902549744,258.1925964355469,6551,7,-0.0031500000040978193
1790091016.6282423,4,0.43405768275260925,0.0,0.7938300967216492,256.0235595703125,6479,7,-0.012074996717274189
1790091016.679019,4,0.43489986658096313,0.0,1.0,253.46578979492188,6317,7,-0.02099999040365219
1790091016.7299922,4,0.4357805848121643,0.0,1.0,250.45120239257812,6252,7,0.0
1790091016.7806,4,0.43650445342063904,0.0,1.0,247.31094360351562,6188,7,0.0
1790091016.8314054,4,0.43731871247291565,0.4049999713897705,1.0,244.22882080078125,6178,1,0.0
1790091016.8820398,4,0.43816784024238586,0.0,1.0,241.2391815185547,6665,1,0.0
1790091016.9327757,4,0.4388686418533325,0.0,1.0,238.3605194091797,6385,6,0.0
1790091016.983539,4,0.4396957457065582,0.0,1.0,235.560546875,7212,6,0.0
1790091017.0345268,4,0.44051408767700195,0.0,1.0,232.6295623779297,7117,6,0.0
1790091017.0855918,4,0.4411889612674713,0.0,1.0,229.59915161132812,6995,6,0.0
1790091017.1364596,4,0.441987007856369,0.0,1.0,226.47900390625,6963,6,0.0
1790091017.1874218,4,0.44277435541152954,0.0,1.0,223.48008728027344,6919,6,-0.004724999889731407
1790091017.238003,4,0.4434202313423157,0.0,0.9876168966293335,220.6628875732422,6795,6,-0.013649995438754559
1790091017.2884634,4,0.44418761134147644,0.0,0.9772597551345825,217.98800659179688,6672,6,-0.02257498912513256
1790091017.3392293,4,0.44494640827178955,0.0,1.0,215.12893676757812,6498,6,0.0
1790091017.3900912,4,0.4455680847167969,0.0,1.0,212.01702880859375,6456,6,0.0
1790091017.4407876,4,0.4463046193122864,0.0,1.0,208.9742431640625,6411,6,0.0
1790091017.4913092,4,0.4469496011734009,0.0,1.0,206.11683654785156,7048,1,0.0
1790091017.5418298,4,0.4476684331893921,0.0,1.0,203.3574676513672,6750,1,0.0
1790091017.5924096,4,0.4482574462890625,0.0,1.0,200.68153381347656,7106,5,0.0
1790091017.6432645,4,0.4489932656288147,0.0,1.0,197.6024627685547,7318,5,0.0
1790091017.6943026,4,0.4495643973350525,0.0,1.0,194.4995574951172,7313,5,0.0
1790091017.7452035,4,0.4502764940261841,0.0,1.0,191.58067321777344,7220,5,-0.0034146569669246674
1790091017.7959623,4,0.4508691430091858,0.0,0.9818716049194336,188.83639526367188,7085,5,-0.015299681574106216
1790091017.8467188,4,0.4514489471912384,0.0,0.9640050530433655,186.23989868164062,6892,5,-0.02760072983801365
1790091017.8976371,4,0.45209941267967224,0.0,0.9686214327812195,183.5904998779297,6695,5,-0.040323298424482346
1790091017.9485872,4,0.4526694715023041,0.0,1.0,180.810791015625,6553,5,0.0
1790091017.9991574,4,0.4532266855239868,0.0,1.0,177.9445037841797,6704,5,0.0
1790091018.049848,4,0.45387884974479675,0.0,1.0,175.29415893554688,6733,5,0.0
1790091018.100626,4,0.45442119240760803,0.0,1.0,172.62478637695312,6579,5,0.0
1790091018.1511989,4,0.45495402812957764,0.0,1.0,169.8080596923828,6465,5,0.0
1790091018.2021024,4,0.45557457208633423,0.0,1.0,166.98634338378906,7072,1,0.0
1790091018.2528408,4,0.45609232783317566,0.0,1.0,164.24395751953125,6772,1,0.0
1790091018.3035707,4,0.45666399598121643,0.0,1.0,161.6147918701172,7400,4,0.0
1790091018.354073,4,0.4571627378463745,0.0,1.0,158.70408630371094,7297,4,0.0
1790091018.4045644,4,0.4576527178287506,0.0,1.0,155.79348754882812,7236,4,0.0
1790091018.4553397,4,0.4582228660583496,0.0,0.9592119455337524,153.07176208496094,7062,4,0.0
1790091018.5059438,4,0.45866310596466064,0.0,0.9621729254722595,150.4672088623047,6928,4,0.0
1790091018.5568979,4,0.45921507477760315,0.0,0.8766306638717651,148.06275939941406,6710,4,0.0
1790091018.6077435,4,0.45967334508895874,0.0,0.986064612865448,145.4827117919922,6715,4,0.0
1790091018.6585581,4,0.46009549498558044,0.0,1.0,142.767578125,6604,4,0.0
1790091018.7091794,4,0.46062037348747253,0.0,1.0,140.02566528320312,6426,4,0.0
1790091018.760035,4,0.4610248804092407,0.0,1.0,137.25631713867188,6240,4,0.0
1790091018.810753,4,0.4615267515182495,0.0,1.0,134.44384765625,6135,1,0.0
1790091018.8615375,4,0.46191534399986267,0.0,1.0,131.81813049316406,6749,1,0.017224185168743134
1790091018.9123428,4,0.46237432956695557,0.0,1.0,129.48660278320312,6465,1,0.042257439345121384
1790091018.9630075,4,0.46277308464050293,0.0,0.9706325531005859,127.06244659423828,7390,3,0.06798489391803741
1790091019.0136967,4,0.4631876051425934,0.0,0.9735230207443237,124.44979858398438,7977,3,0.09451807290315628
1790091019.0643451,4,0.46362245082855225,0.0,0.9654671549797058,122.03251647949219,7860,3,0.12185070663690567
1790091019.1151476,4,0.46399810910224915,0.0,0.9975605010986328,119.7552719116211,7693,3,0.14993922412395477
1790091019.1658633,4,0.46436840295791626,0.0,1.0,117.42269897460938,7508,3,0.04494374245405197
1790091019.2163532,4,0.46479883790016174,0.0,1.0,114.91748809814453,7466,3,0.0
1790091019.2671263,4,0.4651525318622589,0.0,0.956822395324707,112.59557342529297,7372,3,0.0
1790091019.3176582,4,0.4655010402202606,0.0,0.9099097847938538,110.59324645996094,7262,3,0.0
1790091019.3683228,4,0.46588337421417236,0.0,0.9292584657669067,108.51828002929688,7132,3,0.0
1790091019.4189112,4,0.46621987223625183,0.0,0.9463385343551636,106.38213348388672,6944,3,0.0
1790091019.4695463,4,0.46660730242729187,0.0,0.9804825186729431,104.10807800292969,6755,3,0.0
1790091019.5203178,4,0.4669286906719208,0.0,0.9901493787765503,101.69933319091797,6580,3,0.0
1790091019.5715141,4,0.4672445058822632,0.0,0.9840701222419739,99.28414154052734,6404,3,0.0
1790091019.621972,4,0.46758875250816345,0.0,0.0,96.85797882080078,6245,3,0.0
1790091019.6729562,4,0.46788904070854187,0.0,0.0,96.21073150634766,6482,3,0.0
1790091019.7235415,4,0.46824416518211365,0.0,0.0,96.03594207763672,6478,3,0.0
1790091019.7744958,4,0.4685426950454712,0.0,0.0,95.88578796386719,6463,3,0.0
1790091019.8249862,4,0.4688427150249481,0.0,0.0,95.73988342285156,6445,3,0.0
1790091019.8755798,4,0.4691787660121918,0.0,0.0,95.59671783447266,6432,3,0.0
1790091019.926134,4,0.4694773852825165,0.0,0.0,95.44568634033203,6419,3,0.017632385715842247
1790091019.9770992,4,0.4697771370410919,0.0,0.0,95.28467559814453,6411,3,0.04264753311872482
1790091020.0277205,4,0.470115602016449,0.0,0.0,95.12355041503906,6398,3,0.06770538538694382
1790091020.0783281,4,0.4704118072986603,0.0,0.0,94.95380401611328,6383,3,0.09280747920274734
1790091020.1290479,4,0.47075363993644714,0.0,0.0,94.75532531738281,6374,3,0.1179586797952652
1790091020.179612,4,0.4710511863231659,0.0,0.0,94.52239227294922,6368,3,0.14316809177398682
1790091020.2304573,4,0.47138914465904236,0.0,0.0,94.26060485839844,6356,3,0.1684446930885315
1790091020.2812507,4,0.4716719388961792,0.0,0.0,93.97801971435547,6337,3,0.19379471242427826
1790091020.331925,4,0.4720112383365631,0.0,0.0,93.67072296142578,6314,3,0.2192246913909912
1790091020.3825176,4,0.47231316566467285,0.0,0.0,93.33817291259766,6295,3,0.22498385608196259
1790091020.4332616,4,0.4726518392562866,0.0,0.0,92.95703125,6279,3,0.2258400321006775
1790091020.4841676,4,0.4729885160923004,0.0,0.0,92.57485961914062,6249,3,0.22670507431030273
1790091020.5349383,4,0.47328633069992065,0.0,0.0,92.19268798828125,6217,3,0.22757676243782043
1790091020.5859418,4,0.4736199378967285,0.0,0.0,91.81060791015625,6186,3,0.22845497727394104
1790091020.6365306,4,0.47391432523727417,0.0,0.0,91.42414855957031,6156,3,0.22935019433498383
1790091020.6871052,4,0.4742433726787567,0.0,0.0,91.03113555908203,6131,3,0.23026780784130096
1790091020.7378223,4,0.474516898393631,0.0,0.0,90.64598846435547,6102,3,0.23117418587207794
1790091020.7887065,4,0.47484028339385986,0.0,0.0,90.26814270019531,6074,3,0.23207035660743713
1790091020.8394463,4,0.47512495517730713,0.0,0.0,89.87905883789062,6050,3,0.2330004870891571
1790091020.890279,4,0.4754452407360077,0.0,0.0,89.47968292236328,6028,3,0.23396296799182892
1790091020.9410899,4,0.475726842880249,0.0,0.0,89.06585693359375,6009,3,0.23496873676776886
1790091020.9920835,4,0.47603851556777954,0.0,0.0,88.66353607177734,5979,3,0.2359548658132553
1790091021.0429769,4,0.47629502415657043,0.0,0.8171650767326355,87.46359252929688,5728,3,0.23894579708576202
1790091021.093979,4,0.47659751772880554,0.0,0.8869436383247375,85.75762939453125,5565,3,0.2433309406042099
1790091021.1448994,4,0.47685888409614563,0.0,0.0,84.44490051269531,5683,3,0.24681642651557922
1790091021.1958325,4,0.47714826464653015,0.0,0.0,84.0079345703125,5678,3,0.247998908162117
1790091021.2466059,4,0.47743478417396545,0.0,0.0,83.67286682128906,5658,3,0.24891331791877747
1790091021.297186,4,0.47767174243927,0.0,0.0,83.35526275634766,5624,3,0.2497863471508026
1790091021.3479822,4,0.47796690464019775,0.0,0.0,83.03221130371094,5598,3,0.2506806254386902
1790091021.398812,4,0.47819983959198,0.0,0.0,82.71024322509766,5573,3,0.25157830119132996
1790091021.4493983,4,0.4784770905971527,0.0,0.0,82.38021087646484,5550,3,0.25250518321990967
1790091021.5002902,4,0.478705495595932,0.0,0.0,82.037109375,5533,3,0.25347602367401123
1790091021.5513852,4,0.47899577021598816,0.0,0.0,81.68821716308594,5513,3,0.25447094440460205
1790091021.6024828,4,0.4792637825012207,0.0,0.7415841221809387,81.1589584350586,5358,3,0.2559951841831207
1790091021.6535118,4,0.47948750853538513,0.0,0.8712877035140991,79.56900024414062,5189,3,0.2606860399246216
1790091021.703957,4,0.47974658012390137,0.0,0.9704424142837524,77.75431823730469,5011,3,0.2662544548511505
1790091021.754555,4,0.4799721837043762,0.0,0.0,76.32251739501953,5146,3,0.2708187997341156
1790091021.8053424,4,0.48022088408470154,0.0,0.0,75.87583923339844,5143,3,0.2722749412059784
1790091021.8559082,4,0.48044025897979736,0.0,0.0,75.53369903564453,5114,3,0.2734008729457855
1790091021.9064646,4,0.48068270087242126,0.0,0.0,75.2514877319336,5081,3,0.27433669567108154
1790091021.9573612,4,0.4808877408504486,0.0,0.0,74.95220184326172,5053,3,0.2753360867500305
1790091022.0081162,4,0.4811294376850128,0.0,0.0,74.62211608886719,5031,3,0.2764468491077423
1790091022.058851,4,0.4813588857650757,0.0,0.0,74.2679672241211,5017,3,0.27764859795570374
1790091022.1095703,4,0.48159751296043396,0.0,0.0,73.91534423828125,4999,3,0.278855562210083
1790091022.1601377,4,0.48179247975349426,0.0,0.0,73.57603454589844,4974,3,0.28002697229385376
1790091022.2110078,4,0.48202499747276306,0.0,0.0,73.25181579589844,4945,3,0.28115546703338623
1790091022.2616522,4,0.48221534490585327,0.0,0.0,72.93241119384766,4918,3,0.28227612376213074
1790091022.3122475,4,0.4824456572532654,0.0,0.0,72.59402465820312,4896,3,0.2834731936454773
1790091022.3629322,4,0.48267436027526855,0.15600000321865082,0.0,72.27751922607422,4937,3,0.2846020758152008
1790091022.4139042,4,0.48285821080207825,0.3599999248981476,0.0,72.26087951660156,5048,3,0.2846616804599762
1790091022.4649868,4,0.4830833375453949,0.5640000104904175,0.0,72.56690979003906,5161,3,0.2835695743560791
1790091022.5154648,4,0.48331350088119507,0.7560003995895386,0.0,73.04499053955078,5005,3,0.28188011050224304
1790091022.566441,4,0.4835062026977539,0.0,0.0,72.95027923583984,4942,3,0.2822132110595703
1790091022.6170158,4,0.48373907804489136,0.20399998128414154,0.0,72.78973388671875,4990,3,0.28277960419654846
1790091022.6675873,4,0.4839600920677185,0.4079999029636383,0.0,72.92655181884766,5100,3,0.2822967767715454
1790091022.7180777,4,0.48415565490722656,0.6120001077651978,0.0,73.3406982421875,5229,3,0.28084516525268555
1790091022.7687826,4,0.48439714312553406,0.8160005211830139,0.0,73.92990112304688,5118,3,0.27880552411079407
1790091022.8195584,4,0.48463281989097595,1.0,0.0,74.51848602294922,5443,3,0.27679744362831116
1790091022.8702462,4,0.4848344027996063,1.0,0.0,75.3106689453125,5209,3,0.2741399109363556
1790091022.9207537,4,0.48508167266845703,1.0,0.0,75.96773529052734,5452,3,0.2719740569591522
1790091022.9719155,4,0.4853267967700958,1.0,0.0,76.74626922607422,5391,3,0.26945173740386963
1790091023.022893,4,0.48553550243377686,1.0,0.0,77.44408416748047,5441,3,0.2672303318977356
1790091023.0734649,4,0.4857870042324066,1.0,0.0,78.0779800415039,5690,3,0.2652439475059509
1790091023.1239445,4,0.4860449731349945,1.0,0.0,78.84147644042969,5452,3,0.2628902792930603
1790091023.174697,4,0.48626211285591125,1.0,0.0,79.470947265625,5704,3,0.2609809637069702
1790091023.2253294,4,0.48652270436286926,1.0,0.0,80.23743438720703,5639,3,0.2586931586265564
1790091023.27617,4,0.48679131269454956,1.0,0.0,80.92940521240234,5685,3,0.256661981344223
1790091023.3269923,4,0.48701754212379456,1.0,0.0,81.61702728271484,5874,3,0.25467491149902344
1790091023.3777254,4,0.4872864782810211,1.0,0.0,82.37147521972656,5667,3,0.13119448721408844
1790091023.428221,4,0.48751604557037354,1.0,0.0,83.13512420654297,5823,3,0.0
1790091023.478768,4,0.487792432308197,1.0,0.0,84.13811492919922,5825,3,0.0
1790091023.529639,4,0.4880741238594055,1.0,0.0,85.16697692871094,6139,3,0.00164054986089468
1790091023.5802627,4,0.48834747076034546,1.0,0.0,86.52462768554688,6017,3,0.02931826002895832
1790091023.630996,4,0.4885905683040619,1.0,0.0,87.80632781982422,6224,3,0.056608084589242935
1790091023.6817381,4,0.488887220621109,1.0,0.0,89.15310668945312,6360,3,0.08351604640483856
1790091023.7326295,4,0.48919105529785156,1.0,0.0,90.4939956665039,6332,3,0.11004160344600677
1790091023.7834826,4,0.48944786190986633,1.0,0.0,91.73796844482422,6516,3,0.13620437681674957
1790091023.834187,4,0.4897605776786804,1.0,0.0,92.86771392822266,6617,3,0.1620345562696457
1790091023.8854005,4,0.49007856845855713,1.0,0.0,94.0040512084961,6556,3,0.18755899369716644
1790091023.9360511,4,0.4903475046157837,1.0,0.0,94.99853515625,6559,3,0.21279644966125488
1790091023.9869812,4,0.4906727075576782,1.0,0.0,95.83197784423828,6706,3,0.0630728155374527
1790091024.0375335,4,0.49098342657089233,1.0,0.0,96.760498046875,6824,3,0.0
1790091024.088025,4,0.4912611246109009,1.0,0.0,97.88590240478516,6853,3,0.0
1790091024.1388364,4,0.4915986657142639,1.0,0.0,99.00917053222656,7122,3,0.0
1790091024.1896513,4,0.49192294478416443,1.0,0.0,100.22137451171875,6941,3,0.006277270615100861
1790091024.240259,4,0.4922707974910736,1.0,0.0,101.47249603271484,7230,3,0.04155542701482773
1790091024.2911108,4,0.4926042854785919,1.0,0.0,102.82134246826172,7230,3,0.07632311433553696
1790091024.3419495,4,0.4929031729698181,1.0,0.0,104.09355163574219,7329,3,0.11058367788791656
1790091024.3928056,4,0.4932463467121124,1.0,0.0,105.32689666748047,7383,3,0.1443643569946289
1790091024.4435873,4,0.4936146140098572,1.0,0.0,106.38519287109375,7591,3,0.17771078646183014
1790091024.4941096,4,0.49396687746047974,1.0,0.0,107.43511962890625,7550,3,0.15058815479278564
1790091024.5447633,4,0.49432262778282166,1.0,0.0,108.46040344238281,7583,3,0.0
1790091024.595482,4,0.4946824014186859,1.0,0.0,109.48953247070312,7857,3,0.0
1790091024.646192,4,0.4950690269470215,1.0,0.0,110.57971954345703,7801,3,0.0
1790091024.69685,4,0.49537280201911926,1.0,0.0,111.78897094726562,8026,3,0.0
1790091024.747597,4,0.49574676156044006,1.0,0.0,113.02611541748047,7952,3,0.0
1790091024.7981749,4,0.49612709879875183,1.0,0.0,114.41693878173828,8059,3,0.0
1790091024.8489256,4,0.4965110123157501,1.0,0.0,115.94234466552734,8248,3,0.0
1790091024.8993914,4,0.49692630767822266,1.0,0.0,117.56617736816406,8353,3,0.013779332861304283
1790091024.9500833,4,0.4973219335079193,1.0,0.0,119.29270935058594,8536,3,0.042649026960134506
1790091025.00064,4,0.4977273643016815,1.0,0.0,120.89767456054688,8624,3,0.07096081227064133
1790091025.0512335,4,0.4981377124786377,1.0,0.0,122.45484924316406,8715,3,0.09874510765075684
1790091025.101963,4,0.498555988073349,1.0,0.0,123.92186737060547,8733,3,0.12604427337646484
1790091025.1527402,4,0.49897998571395874,1.0,0.0,125.25817108154297,8848,3,0.0
1790091025.203603,4,0.4994080066680908,1.0,0.0,126.5677719116211,8984,3,0.0
1790091025.2544036,4,0.4998428225517273,1.0,0.0,128.17669677734375,9115,3,0.0
1790091025.3050742,4,0.5002838373184204,1.0,0.0,129.8334503173828,9210,3,0.0
1790091025.3558662,4,0.500679612159729,1.0,0.0,131.31735229492188,9158,3,0.0
1790091025.406762,4,0.5011833310127258,1.0,0.0,132.48046875,9222,3,0.0
1790091025.4576046,4,0.5016381144523621,1.0,0.0,132.6585693359375,9349,4,0.0
1790091025.5086873,4,0.5020948052406311,1.0,0.0,133.5847625732422,6953,4,0.0
1790091025.559277,4,0.5025583505630493,1.0,0.0,134.9107208251953,7163,4,0.0
1790091025.609871,4,0.5029692053794861,1.0,0.0,136.46292114257812,7236,4,0.0027449564076960087
1790091025.6605563,4,0.5034445524215698,1.0,0.0,138.02581787109375,7324,4,0.025832336395978928
1790091025.7114298,4,0.5039239525794983,1.0,0.0,139.57872009277344,7415,4,0.04848760366439819
1790091025.7621975,4,0.5044078230857849,1.0,0.0,141.1063690185547,7506,4,0.07072396576404572
1790091025.812807,4,0.5048976540565491,1.0,0.0,142.59671020507812,7604,4,0.09255426377058029
1790091025.8632524,4,0.5053925514221191,1.0,0.0,143.96226501464844,7694,4,0.0
1790091025.9138193,4,0.5058920383453369,1.0,0.0,145.46450805664062,7752,4,0.0
1790091025.9643757,4,0.5063925385475159,1.0,0.0,146.96197509765625,7805,4,0.0
1790091026.0151014,4,0.5068983435630798,1.0,0.0,148.41845703125,7885,4,0.0179147869348526
1790091026.0657716,4,0.5074102282524109,1.0,0.0,149.8685302734375,7958,4,0.0378793366253376
1790091026.1167064,4,0.5079220533370972,1.0,0.0,151.30162048339844,8041,4,0.0574905127286911
1790091026.1674054,4,0.5084379315376282,1.0,0.0,152.6575164794922,8163,4,0.0
1790091026.2183623,4,0.5089568495750427,1.0,0.0,154.07659912109375,8219,4,0.0
1790091026.268897,4,0.5094817876815796,1.0,0.0,155.52505493164062,8247,4,0.0
1790091026.3200345,4,0.5100100040435791,1.0,0.0,156.85202026367188,8301,4,0.013967715203762054
1790091026.3706367,4,0.5105425119400024,1.0,0.0,158.2573699951172,8347,4,0.03195293992757797
1790091026.421373,4,0.5110769867897034,1.0,0.0,159.6450653076172,8405,4,0.04962708801031113
1790091026.4720457,4,0.5116154551506042,1.0,0.0,160.95086669921875,8506,4,0.0
1790091026.522586,4,0.5120940804481506,1.0,0.0,162.2899169921875,8577,4,0.0
1790091026.5735219,4,0.5126422643661499,1.0,0.0,163.6260986328125,8652,4,0.012825866229832172
1790091026.624386,4,0.5131927132606506,1.0,0.0,164.92909240722656,8724,4,0.029358331114053726
1790091026.6753714,4,0.5137477517127991,1.0,0.0,166.23704528808594,8778,4,0.045618366450071335
1790091026.7261856,4,0.5143033266067505,1.0,0.0,167.52781677246094,8822,4,0.06161501631140709
1790091026.7769163,4,0.5148653388023376,1.0,0.0,168.77117919921875,8885,4,0.07735663652420044
1790091026.8276794,4,0.5154317021369934,1.0,0.0,169.95521545410156,8965,4,0.009991653263568878
1790091026.8782794,4,0.5160029530525208,1.0,0.0,171.16856384277344,9026,4,0.0
1790091026.929011,4,0.5165778398513794,1.0,0.0,172.00914001464844,8923,1,0.0
1790091026.979682,4,0.5171522498130798,1.0,0.0,171.85647583007812,8790,5,0.0
1790091027.0302455,4,0.517761766910553,1.0,0.0,173.02584838867188,7163,5,0.0
1790091027.080943,4,0.5183382630348206,1.0,0.0,174.10269165039062,7209,5,0.004301850218325853
1790091027.1317818,4,0.5189192891120911,1.0,0.0,175.22154235839844,7247,5,0.018794210627675056
1790091027.18239,4,0.5194335579872131,1.0,0.0,176.34756469726562,7289,5,0.03307972848415375
1790091027.2333298,4,0.5200207829475403,1.0,0.0,177.44784545898438,7350,5,0.04716305434703827
1790091027.2839777,4,0.5206099152565002,1.0,0.0,178.533935546875,7401,5,0.061052046716213226
1790091027.3347902,4,0.5212019681930542,1.0,0.0,179.5841827392578,7470,5,0.07475091516971588
1790091027.3855147,4,0.521797239780426,1.0,0.0,180.6040496826172,7531,5,0.08826957643032074
1790091027.4362013,4,0.5223934650421143,1.0,0.0,181.5773468017578,7579,5,0.10161716490983963
1790091027.4869645,4,0.5229938626289368,1.0,0.0,182.5060577392578,7621,5,0.11923428624868393
1790091027.5377634,4,0.5235973596572876,1.0,0.0,183.3095703125,7670,5,0.005704712122678757
1790091027.5883474,4,0.5242377519607544,1.0,0.0,184.2064971923828,7700,5,0.0007545570842921734
1790091027.6392431,4,0.5248103737831116,1.0,0.0,185.0761260986328,7728,5,0.013505288399755955
1790091027.6898563,4,0.5254563689231873,1.0,0.0,185.9155731201172,7765,5,0.026117362082004547
1790091027.7406173,4,0.5260693430900574,1.0,0.0,186.7530517578125,7813,5,0.038593050092458725
1790091027.7915618,4,0.5266843438148499,1.0,0.0,187.58419799804688,7863,5,0.050935953855514526
1790091027.842517,4,0.5273029804229736,1.0,0.0,188.41668701171875,7906,5,0.06314623355865479
1790091027.8932967,4,0.527850329875946,1.0,0.0,189.24844360351562,7940,5,0.07522526383399963
1790091027.9439235,4,0.5284727811813354,1.0,0.0,190.08290100097656,7959,5,0.08717531710863113
1790091027.994615,4,0.5290970206260681,1.0,0.0,190.8938751220703,7997,5,0.09899794310331345
1790091028.045483,4,0.5297260284423828,1.0,0.0,191.67019653320312,8040,5,0.11373985558748245
1790091028.0960715,4,0.5303537249565125,1.0,0.0,192.44493103027344,8057,5,0.11329847574234009
1790091028.1468847,4,0.5310240387916565,1.0,0.0,193.194091796875,8098,5,0.11287492513656616
1790091028.1976202,4,0.5316566228866577,1.0,0.0,193.89590454101562,8145,5,0.1124809980392456
1790091028.2483103,4,0.5322901606559753,1.0,0.0,194.51956176757812,8169,5,0.11213323473930359
1790091028.299175,4,0.5329288244247437,1.0,0.0,195.13638305664062,8203,5,0.11179140210151672
1790091028.3499272,4,0.5335670113563538,1.0,0.0,195.64622497558594,8180,5,0.11151041835546494
1790091028.400741,4,0.5341311693191528,1.0,0.0,196.1876678466797,8232,5,0.1112135648727417
1790091028.4514432,4,0.5348105430603027,1.0,0.0,196.73609924316406,8266,5,0.11091448366641998
1790091028.502016,4,0.5354529619216919,1.0,0.0,197.28164672851562,8171,5,0.11061856895685196
1790091028.5530167,4,0.5360971093177795,1.0,0.0,197.8231658935547,8215,5,0.11032639443874359
1790091028.6036582,4,0.536742091178894,1.0,0.0,198.35836791992188,8263,5,0.11003914475440979
1790091028.6544323,4,0.537351131439209,1.0,0.0,198.87286376953125,8322,5,0.10976441949605942
1790091028.7051013,4,0.538000762462616,1.0,0.0,199.42437744140625,8362,5,0.10947144031524658
1790091028.755688,4,0.5386891961097717,1.0,0.0,199.94541931152344,8323,5,0.10919606685638428
1790091028.8065534,4,0.5393391847610474,1.0,0.0,200.40383911132812,8402,5,0.10895495861768723
1790091028.8574197,4,0.5399173498153687,1.0,0.0,200.93960571289062,8316,5,0.10867449641227722
1790091028.908124,4,0.5406113862991333,1.0,0.0,201.5050811767578,8449,5,0.1083800420165062
1790091028.9585786,4,0.5413075685501099,1.0,0.0,202.081298828125,8445,5,0.1080816462635994
1790091029.0095572,4,0.5418910980224609,1.0,0.0,202.74314880371094,8468,5,0.10774090886116028
1790091029.0603595,4,0.5425881147384644,1.0,0.0,203.4424591064453,8491,5,0.10738323628902435
1790091029.1113458,4,0.5432901382446289,1.0,0.0,204.08578491210938,8542,5,0.10705626755952835
1790091029.1621535,4,0.5439183712005615,1.0,0.0,204.79039001464844,8546,5,0.10670043528079987
1790091029.212756,4,0.544509768486023,1.0,0.0,205.45236206054688,8600,5,0.106368288397789
1790091029.263662,4,0.5452610850334167,1.0,0.0,206.115966796875,8642,5,0.10603738576173782
1790091029.3141835,4,0.5458961129188538,1.0,0.0,206.7962646484375,8669,5,0.1057002916932106
1790091029.365151,4,0.5466189384460449,1.0,0.0,207.37217712402344,8664,5,0.10541658103466034
1790091029.416255,4,0.547219455242157,1.0,0.0,207.9993438720703,8723,5,0.0
1790091029.4671373,4,0.5479792356491089,1.0,0.0,208.75218200683594,8741,5,0.0
1790091029.517604,4,0.5485861897468567,1.0,0.0,209.4479217529297,8779,5,0.0
1790091029.5684354,4,0.5493121147155762,1.0,0.0,210.20657348632812,8813,5,0.0
1790091029.6194787,4,0.5500454306602478,1.0,0.0,211.03265380859375,8772,5,0.0
1790091029.670294,4,0.5506969690322876,1.0,0.0,211.8683319091797,8757,5,0.0
1790091029.7211912,4,0.5513918995857239,1.0,0.0,212.7060546875,8770,5,0.0
1790091029.7723286,4,0.5520503520965576,1.0,0.0,213.56643676757812,8784,5,0.0
1790091029.823008,4,0.5527942776679993,1.0,0.0,214.4313507080078,8818,5,0.0
1790091029.8739462,4,0.5535407066345215,1.0,0.0,215.3017120361328,8854,5,0.0
1790091029.9245067,4,0.5542076230049133,0.0,0.0,216.16932678222656,8730,5,0.0
1790091029.9753127,4,0.5549151301383972,0.0,0.0,216.005859375,8635,5,0.0
1790091030.0258567,4,0.5555843710899353,0.0,0.0,215.6506805419922,8613,5,0.0
1790091030.0768282,4,0.5563349723815918,0.0,1.0,214.03111267089844,8365,5,0.0
1790091030.1278057,4,0.556952714920044,0.0,1.0,211.189453125,8179,5,0.0
1790091030.1787784,4,0.5576827526092529,0.0,1.0,207.98934936523438,8027,5,0.0
1790091030.229691,4,0.5584020614624023,0.0,1.0,204.86097717285156,7909,5,0.0
1790091030.2802372,4,0.559032142162323,0.0,1.0,201.92581176757812,7766,5,0.0
1790091030.330694,4,0.5597319006919861,0.0,0.8207055330276489,199.3223419189453,7678,5,0.0
1790091030.3815324,4,0.5603094100952148,0.0,0.9490137100219727,196.94862365722656,7529,5,0.0
1790091030.4320593,4,0.5609908103942871,0.0,1.0,194.0590362548828,7338,5,0.0
1790091030.4832342,4,0.5615883469581604,0.0,1.0,190.96676635742188,7240,5,0.0
1790091030.5337605,4,0.5622531175613403,0.0,1.0,187.89114379882812,7149,5,0.0
1790091030.5846133,4,0.562836766242981,0.0,1.0,184.87783813476562,7014,5,0.0
1790091030.635403,4,0.5634814500808716,0.0,1.0,181.80868530273438,6983,5,0.0
1790091030.6863337,4,0.5641140341758728,0.0,1.0,178.80772399902344,6908,5,0.0
1790091030.7372077,4,0.5646741390228271,0.0,0.98835688829422,175.97215270996094,7494,1,0.0
1790091030.7876995,4,0.5652248859405518,0.0,1.0,173.2021026611328,7174,1,0.0
1790091030.8386672,4,0.5658676028251648,0.0,1.0,170.30270385742188,7816,4,0.0
1790091030.8896017,4,0.5663638114929199,0.0,1.0,167.3170166015625,7776,4,0.0
1790091030.9404008,4,0.5669792294502258,0.0,1.0,164.27952575683594,7648,4,0.0
1790091030.991247,4,0.5674554705619812,0.0,1.0,161.3072052001953,7488,4,0.0
1790091031.042079,4,0.5679557919502258,0.0,1.0,158.3271026611328,7335,4,0.0
1790091031.0928102,4,0.5685368180274963,0.0,1.0,155.35260009765625,7253,4,0.0
1790091031.1434958,4,0.568988025188446,0.0,1.0,152.58189392089844,7181,4,0.0
1790091031.1943414,4,0.5695198774337769,0.0,1.0,149.6660614013672,7012,4,0.0
1790091031.2453682,4,0.5699785947799683,0.0,1.0,146.72845458984375,6870,4,0.0
1790091031.2959394,4,0.5705142021179199,0.0,1.0,143.7716827392578,6770,4,0.0
1790091031.3465257,4,0.5709306001663208,0.0,1.0,140.87399291992188,6663,4,0.0
1790091031.397401,4,0.5714437365531921,0.0,1.0,138.02330017089844,6478,4,0.0
1790091031.4479501,4,0.5718432068824768,0.0,1.0,135.14268493652344,6308,4,0.0
1790091031.498815,4,0.5723348259925842,0.0,1.0,132.24049377441406,6202,4,0.0
1790091031.5496376,4,0.5727176666259766,0.0,1.0,129.34693908691406,6097,4,0.0
1790091031.600185,4,0.5731662511825562,0.0,1.0,126.48072052001953,6741,1,0.0
1790091031.650957,4,0.5735560655593872,0.0,1.0,123.70389556884766,6458,1,0.0
1790091031.7020698,4,0.5739854574203491,0.0,0.994631826877594,120.91255950927734,6677,3,0.0
1790091031.7526445,4,0.5743572115898132,0.0,1.0,118.15652465820312,7200,3,0.0
1790091031.8033092,4,0.5747649669647217,0.0,1.0,115.51284790039062,6982,3,0.0
1790091031.8537934,4,0.5751241445541382,0.0,0.0,113.00728607177734,7061,3,0.0
1790091031.9046712,4,0.5755205154418945,0.0,0.0,112.09245300292969,7532,3,0.0
1790091031.955197,4,0.5758491158485413,0.0,0.0,111.7431640625,7522,3,0.0
1790091032.0060537,4,0.576239287853241,0.0,0.0,111.42728424072266,7498,3,-0.025753188878297806
1790091032.0570152,4,0.5765891075134277,0.012000000104308128,0.0,111.11260986328125,7470,3,-0.0571274571120739
1790091032.1074936,4,0.5769815444946289,0.21599997580051422,0.0,110.90666198730469,7520,3,-0.0886039212346077
1790091032.158199,4,0.5773286819458008,0.419999897480011,0.0,111.02508544921875,7635,3,-0.12009415030479431
1790091032.2089293,4,0.5777243375778198,0.6240001320838928,0.0,111.56217956542969,7806,3,-0.15146327018737793
1790091032.259423,4,0.5780795216560364,0.8160005211830139,0.0,112.42086791992188,7888,3,-0.11309877038002014
1790091032.310491,4,0.5784808397293091,1.0,0.0,113.35572814941406,8026,3,-0.042492929846048355
1790091032.3609915,4,0.5788193941116333,1.0,0.0,114.24866485595703,8128,3,0.0
1790091032.4116647,4,0.5792266726493835,1.0,0.0,115.22811126708984,8043,3,0.0
1790091032.4626582,4,0.5795919299125671,1.0,0.0,116.23721313476562,8302,3,0.0
1790091032.5133526,4,0.5799839496612549,1.0,0.0,117.37273406982422,8276,3,0.0
1790091032.5640996,4,0.5804044008255005,1.0,0.0,118.64761352539062,8515,3,0.0
1790091032.614737,4,0.5808297395706177,1.0,0.0,119.97132873535156,8531,3,0.0
1790091032.6656725,4,0.581186056137085,1.0,0.0,121.3583984375,8679,3,-0.023128973320126534
1790091032.7165875,4,0.581596851348877,0.0,0.0,122.80094146728516,8672,3,-0.05079119652509689
1790091032.767229,4,0.5820333361625671,0.0,0.0,123.1186294555664,8278,3,-0.07812341302633286
1790091032.8181312,4,0.582470715045929,0.0,0.0,122.8160629272461,8239,3,-0.10551302880048752
1790091032.8689005,4,0.5828336477279663,0.0,0.0,122.43758392333984,8206,3,-0.13301368057727814
1790091032.9194448,4,0.5832439064979553,0.0,0.0,122.03805541992188,8178,3,-0.15901614725589752
1790091032.9703238,4,0.5836756229400635,0.0,0.0,121.5596694946289,8149,3,-0.1756719946861267
1790091033.021199,4,0.584080696105957,0.0,0.0,121.01545715332031,8125,3,-0.17641761898994446
1790091033.0721092,4,0.5844378471374512,0.0,0.0,120.43769836425781,8083,3,-0.17721618711948395
1790091033.1230495,4,0.5848634243011475,0.0,0.0,119.83570861816406,8030,3,-0.17805597186088562
1790091033.1739721,4,0.5852857828140259,0.0,0.0,119.2180404663086,7974,3,-0.17892594635486603
1790091033.2244987,4,0.5856359601020813,0.06000000238418579,0.0,118.61553955078125,7928,3,-0.17978277802467346
1790091033.274976,4,0.5860553979873657,0.26399996876716614,0.0,118.13945770263672,8024,3,-0.1615026891231537
1790091033.3258164,4,0.5864737033843994,0.4679998755455017,0.0,117.9858169555664,8227,3,-0.0008526556193828583
1790091033.3764403,4,0.5868205428123474,0.6720002293586731,0.0,118.32284545898438,8331,3,0.0
1790091033.4271185,4,0.5872395038604736,0.8760006427764893,0.0,118.73912048339844,8429,3,0.0
1790091033.4777453,4,0.5876376628875732,1.0,0.0,119.24715423583984,8515,3,-0.0050500244833528996
1790091033.5286763,4,0.5880120396614075,1.0,0.0,119.74130249023438,8544,3,-0.031889572739601135
1790091033.5793352,4,0.5884135365486145,1.0,0.0,120.24262237548828,8623,3,-0.060242317616939545
1790091033.6301167,4,0.5888376832008362,1.0,0.0,120.7658462524414,8579,3,-0.08842746913433075
1790091033.6810389,4,0.5891937017440796,1.0,0.0,121.31141662597656,8545,3,-0.11643791198730469
1790091033.7319808,4,0.5896222591400146,1.0,0.0,121.8270034790039,8546,3,-0.1442769318819046
1790091033.7826557,4,0.5900529026985168,1.0,0.0,122.3555679321289,8573,1,-0.1745927780866623
1790091033.8333883,4,0.5904368162155151,1.0,0.0,122.10205078125,9189,4,-0.17493510246276855
1790091033.8842068,4,0.59086674451828,1.0,0.0,122.6729965209961,6732,4,-0.17416605353355408
1790091033.9346588,4,0.5912262201309204,1.0,0.0,123.17800903320312,6470,4,-0.173491433262825
1790091033.9855278,4,0.5916613936424255,1.0,0.0,123.71275329589844,6599,4,-0.172782763838768
1790091034.0361352,4,0.592049241065979,1.0,0.0,124.35191345214844,6553,4,-0.1719432920217514
1790091034.0866995,4,0.5924867987632751,1.0,0.0,125.01864624023438,6634,4,-0.171076238155365
1790091034.1374483,4,0.5928543210029602,0.0,0.0,125.10638427734375,6367,4,-0.17096278071403503
1790091034.1880107,4,0.5932937264442444,0.0,0.0,124.79092407226562,6322,4,-0.17137138545513153
1790091034.2387836,4,0.593731164932251,0.0,0.0,124.40037536621094,6292,4,-0.17187996208667755
1790091034.2894852,4,0.5941190719604492,0.0,0.0,123.98133850097656,6270,4,-0.17242899537086487
1790091034.3399177,4,0.5945529341697693,0.0,0.0,123.54898834228516,6251,4,-0.17299917340278625
1790091034.3905277,4,0.5949140787124634,0.0,0.0,123.09864807128906,6237,4,-0.17359709739685059
1790091034.4412858,4,0.5953444838523865,0.0,0.0,122.66580963134766,6208,4,-0.1741756796836853
1790091034.4918883,4,0.5957253575325012,0.0,0.0,122.24604034423828,6186,4,-0.1747405081987381
1790091034.5427136,4,0.5961529612541199,0.0,0.0,121.7999267578125,6170,4,-0.1753448098897934
1790091034.59331,4,0.5965080261230469,0.0,0.0,121.3678970336914,6148,4,-0.17593401670455933
1790091034.643814,4,0.5969316363334656,0.09600000828504562,0.0,120.91474151611328,6147,4,-0.1765563189983368
1790091034.694421,4,0.5973068475723267,0.2999999523162842,0.0,120.66970825195312,6229,4,-0.1768946498632431
1790091034.7449203,4,0.5977285504341125,0.5039998888969421,0.0,120.77435302734375,6357,4,-0.17675000429153442
1790091034.7956223,4,0.5980813503265381,0.7080003023147583,0.0,121.2197494506836,6463,4,-0.17613698542118073
1790091034.8464434,4,0.598528265953064,0.9120007157325745,0.0,121.84002685546875,6475,4,-0.1752903312444687
1790091034.8971374,4,0.598953902721405,1.0,0.0,122.42916870117188,6517,4,-0.17449365556240082
1790091034.9479377,4,0.5993101596832275,1.0,0.0,122.93862915039062,6613,4,-0.17381055653095245
1790091034.998539,4,0.5997393131256104,1.0,0.0,123.44952392578125,6616,4,-0.17313088476657867
1790091035.0491292,4,0.6001231670379639,1.0,0.0,123.98212432861328,6687,4,-0.1724279671907425
1790091035.1000154,4,0.6005548238754272,1.0,0.0,124.5373306274414,6657,4,-0.17170126736164093
1790091035.1507525,4,0.6009399890899658,1.0,0.0,125.08145904541016,6641,4,-0.17099499702453613
1790091035.2013443,4,0.6013749241828918,1.0,0.0,125.6388931274414,6619,4,-0.1702774465084076
1790091035.2518673,4,0.6017380952835083,1.0,0.0,126.24886322021484,6723,4,-0.16949912905693054
1790091035.3027382,4,0.6021761894226074,1.0,0.0,126.86160278320312,6811,4,-0.1687244325876236
1790091035.353541,4,0.6025675535202026,1.0,0.0,127.48858642578125,6889,4,-0.1679389923810959
1790091035.4040565,4,0.6030079126358032,0.0,0.0,127.71723937988281,6496,4,-0.1676543802022934
1790091035.4549491,4,0.6033732295036316,0.0,0.0,127.41345977783203,6454,4,-0.16803273558616638
1790091035.5056872,4,0.603813886642456,0.0,0.0,127.05126190185547,6429,4,-0.16848605871200562
1790091035.5564702,4,0.6042491793632507,0.0,0.0,126.63655853271484,6404,4,-0.16900813579559326
1790091035.6078672,4,0.6046329140663147,0.0,0.0,126.18821716308594,6384,4,-0.16957619786262512
1790091035.6586251,4,0.6050406694412231,0.0,0.0,125.79474639892578,6364,4,-0.17007790505886078
1790091035.709617,4,0.6054712533950806,0.0,0.0,125.37857055664062,6343,4,-0.17061179876327515
1790091035.7605221,4,0.605829119682312,0.0,0.0,124.95905303955078,6320,4,-0.17115336656570435
1790091035.811136,4,0.6062527894973755,0.0,0.0,124.53604125976562,6295,4,-0.17170295119285583
1790091035.8620152,4,0.6066306829452515,0.0,0.0,124.10658264160156,6270,4,-0.17226453125476837
1790091035.9125142,4,0.6070511937141418,0.0,0.0,123.67498779296875,6246,4,-0.17283262312412262
1790091035.9632535,4,0.6074733734130859,0.0,0.0,123.24999237060547,6220,4,-0.17339569330215454
1790091036.013908,4,0.6078213453292847,0.0,0.0,122.8208999633789,6196,4,-0.17396794259548187
1790091036.0646923,4,0.6082348227500916,0.0,0.0,122.38660430908203,6172,4,-0.17455096542835236
1790091036.1155918,4,0.6086492538452148,0.0,0.0,121.9350814819336,6149,4,-0.17516128718852997
1790091036.166524,4,0.6089939475059509,0.0,0.0,121.46198272705078,6125,4,-0.17580536007881165
1790091036.2173295,4,0.6094009876251221,0.0,0.0,120.98200225830078,6101,4,-0.17646366357803345
1790091036.268082,4,0.6097872853279114,0.0,0.0,120.49036407470703,6075,4,-0.17714309692382812
1790091036.318666,4,0.6101475954055786,0.17999999225139618,0.0,120.06724548339844,6126,4,-0.17773203551769257
1790091036.3696187,4,0.610552966594696,0.37199991941452026,0.0,119.95178985595703,6226,4,-0.17789341509342194
1790091036.420448,4,0.6109321713447571,0.5760000348091125,0.0,120.19194793701172,6392,4,-0.1775580644607544
1790091036.4712095,4,0.6112971901893616,0.7800004482269287,0.0,120.66380310058594,6385,4,-0.17690283060073853
1790091036.521739,4,0.6116995215415955,0.9840008616447449,0.0,121.19332885742188,6388,4,-0.17617322504520416
1790091036.5728447,4,0.6120434999465942,1.0,0.0,121.75701904296875,6478,4,-0.1754031479358673
1790091036.6236525,4,0.6124280691146851,1.0,0.0,122.34890747070312,6556,4,-0.17460176348686218
1790091036.6744473,4,0.6128419041633606,1.0,0.0,122.9748306274414,6622,4,-0.1737622171640396
1790091036.7256155,4,0.6132103800773621,1.0,0.0,123.6173095703125,6602,4,-0.17290882766246796
1790091036.7762678,4,0.6136288046836853,1.0,0.0,124.25947570800781,6584,4,-0.1720641851425171
1790091036.8278382,4,0.6140490770339966,0.0,0.0,124.93230438232422,6693,4,-0.17118802666664124
1790091036.8788247,4,0.6143985986709595,0.0,0.0,125.14681243896484,6356,4,-0.1709105521440506
1790091036.9297175,4,0.6148244142532349,0.0,0.0,124.88214111328125,6323,4,-0.17125304043293
1790091036.9805977,4,0.615243136882782,0.0,0.0,124.55235290527344,6301,4,-0.17168168723583221
1790091037.0312178,4,0.615594208240509,0.0,0.0,124.19412231445312,6282,4,-0.17214976251125336
1790091037.081701,4,0.615987241268158,0.0,0.0,123.81727600097656,6264,4,-0.17264492809772491
1790091037.1325114,4,0.6164069771766663,0.0,0.0,123.42808532714844,6245,4,-0.17315930128097534
1790091037.1832316,4,0.6167757511138916,0.0,0.0,123.04214477539062,6223,4,-0.1736724078655243
1790091037.233969,4,0.6171900033950806,0.0,0.0,122.65840911865234,6197,4,-0.1741856187582016
1790091037.2848246,4,0.6175588369369507,0.0,0.0,122.25593566894531,6173,4,-0.17472714185714722
1790091037.335282,4,0.6179744601249695,0.0,0.0,121.86953735351562,6147,4,-0.17525024712085724
1790091037.3859775,4,0.6183173060417175,0.12000001221895218,0.0,121.46905517578125,6161,4,-0.17579570412635803
1790091037.4369028,4,0.6187520623207092,0.32399994134902954,0.0,121.26998138427734,6275,4,-0.17606811225414276
1790091037.4877613,4,0.6190963387489319,0.5279999375343323,0.0,121.4358901977539,6433,4,-0.17584101855754852
1790091037.5386338,4,0.61953204870224,0.7320003509521484,0.0,121.83779907226562,6451,4,-0.17529334127902985
1790091037.5894794,4,0.6198998093605042,0.9360007643699646,0.0,122.22711181640625,6556,4,-0.17476606369018555
1790091037.6401381,4,0.6202694177627563,1.0,0.0,122.68611907958984,6516,4,-0.17414845526218414
1790091037.6909544,4,0.6206858158111572,1.0,0.0,123.15083312988281,6621,4,-0.013498418033123016
1790091037.7418716,4,0.6210580468177795,1.0,0.0,123.74464416503906,6676,4,0.0
1790091037.7923553,4,0.6214781999588013,1.0,0.0,124.35052490234375,6651,4,0.0
1790091037.8434865,4,0.6218558549880981,1.0,0.0,124.99463653564453,6632,4,-0.00787392444908619
1790091037.8943832,4,0.6222826242446899,1.0,0.0,125.67993927001953,6613,4,-0.03450581431388855
1790091037.9452164,4,0.6226631999015808,1.0,0.0,126.39642333984375,6717,4,-0.060920652002096176
1790091037.9958756,4,0.6230442523956299,1.0,0.0,127.31355285644531,6784,4,-0.08708013594150543
1790091038.0465095,4,0.6234825849533081,1.0,0.0,128.11463928222656,6856,4,-0.11143328994512558
1790091038.0972867,4,0.6238728165626526,1.0,0.0,128.81414794921875,6974,4,-0.06039953604340553
1790091038.1482701,4,0.6243416666984558,1.0,0.0,129.8205108642578,6960,4,0.0
1790091038.198982,4,0.6247392892837524,1.0,0.0,131.0651397705078,7002,4,0.0
1790091038.2496767,4,0.6251400113105774,1.0,0.0,132.367919921875,7049,4,0.0
1790091038.3006313,4,0.6255985498428345,1.0,0.0,133.6213836669922,7141,4,0.0
1790091038.3514314,4,0.6260097026824951,1.0,0.0,134.76437377929688,7217,4,0.0
1790091038.4023607,4,0.6264508962631226,1.0,0.0,136.10911560058594,7242,4,0.0
1790091038.4531734,4,0.6269254088401794,1.0,0.0,137.6508331298828,7236,4,0.0
1790091038.5040395,4,0.6273531317710876,1.0,0.0,139.0247344970703,7401,4,0.0
1790091038.5550995,4,0.6277830600738525,1.0,0.0,140.4077911376953,7505,4,-0.01578899472951889
1790091038.6064017,4,0.6283019185066223,1.0,0.0,141.9112548828125,7496,4,0.0
1790091038.6572196,4,0.6287425756454468,1.0,0.0,143.4886474609375,7599,4,0.0
1790091038.708168,4,0.6292738914489746,1.0,0.0,145.02713012695312,7724,4,0.0
1790091038.7589562,4,0.6297270059585571,1.0,0.0,146.63084411621094,7794,4,0.0
1790091038.8097887,4,0.6301842927932739,1.0,0.0,148.2054901123047,7886,4,0.01434796117246151
1790091038.8605013,4,0.6307054758071899,1.0,0.0,149.7601318359375,7986,4,0.013112746179103851
1790091038.911072,4,0.6311736106872559,1.0,0.0,151.21487426757812,8024,4,0.0
1790091038.9617674,4,0.6317046284675598,1.0,0.0,152.6207733154297,8112,4,0.0
1790091039.0125494,4,0.6321811676025391,1.0,0.0,153.99195861816406,8242,4,0.0
1790091039.0634072,4,0.6327229738235474,1.0,0.0,155.51109313964844,8297,4,0.0
1790091039.113903,4,0.6331789493560791,1.0,0.0,157.07647705078125,8323,4,0.0010648403549566865
1790091039.1645706,4,0.6337617039680481,1.0,0.0,158.65472412109375,8338,4,0.018980426713824272
1790091039.215851,4,0.6342262625694275,1.0,0.0,160.11888122558594,8447,4,0.0
1790091039.2668076,4,0.6347885131835938,1.0,0.0,161.59579467773438,8522,4,0.0
1790091039.3176835,4,0.6352930068969727,1.0,0.0,163.10414123535156,8605,4,0.0
1790091039.3684301,4,0.6358656287193298,1.0,0.0,164.47610473632812,8690,4,0.0
1790091039.4189632,4,0.6363797187805176,1.0,0.0,165.9486846923828,8716,4,0.0
1790091039.469857,4,0.6369625329971313,1.0,0.0,167.39109802246094,8784,4,0.0
1790091039.5206034,4,0.6374847292900085,1.0,0.0,168.79864501953125,8846,4,0.0
1790091039.5712628,4,0.6380774974822998,1.0,0.0,170.21434020996094,8928,4,0.0
1790091039.6220412,4,0.6386070847511292,1.0,0.0,171.05995178222656,8844,1,0.0
1790091039.6726074,4,0.639140248298645,1.0,0.0,171.1688232421875,8796,5,0.0
1790091039.7235038,4,0.6397405862808228,1.0,0.0,172.54075622558594,7162,5,0.0
1790091039.7740986,4,0.6402816772460938,1.0,0.0,173.8118133544922,7183,5,0.0
1790091039.8249376,4,0.6409255862236023,1.0,0.0,175.017822265625,7251,5,-0.004252060782164335
1790091039.875963,4,0.6414725184440613,1.0,0.0,176.29205322265625,7291,5,-0.01856360025703907
1790091039.9265358,4,0.6420937180519104,1.0,0.0,177.5005645751953,7329,5,-0.03264716640114784
1790091039.97722,4,0.6426465511322021,1.0,0.0,178.73439025878906,7393,5,0.0
1790091040.0278625,4,0.6432057023048401,1.0,0.0,179.95928955078125,7425,5,0.0
1790091040.078533,4,0.6438720226287842,1.0,0.0,181.11257934570312,7522,5,0.0
1790091040.1291642,4,0.6444024443626404,1.0,0.0,182.36376953125,7575,5,0.0
1790091040.180196,4,0.6449715495109558,0.0,0.0,182.85235595703125,7332,5,-0.00921656284481287
1790091040.2311711,4,0.6456466913223267,0.0,0.0,182.74227905273438,7322,5,-0.02227707952260971
1790091040.2821836,4,0.6462129950523376,0.0,1.0,181.24447631835938,7062,5,-0.035434428602457047
1790091040.3328693,4,0.6468416452407837,0.0,1.0,178.49525451660156,6891,5,-0.04900839924812317
1790091040.3838522,4,0.6473928093910217,0.0,1.0,175.5990447998047,6708,5,-0.0630883201956749
1790091040.4344797,4,0.6479350328445435,0.0,1.0,172.8201141357422,6587,5,-0.07683110982179642
1790091040.485423,4,0.6485695242881775,0.0,1.0,170.02099609375,6459,5,-0.09195674955844879
1790091040.5360558,4,0.6490926742553711,0.0,0.9924125075340271,167.39437866210938,6406,5,-0.003841247409582138
1790091040.5870574,4,0.6496080756187439,0.0,1.0,164.92196655273438,6411,5,0.0
1790091040.6377184,4,0.6502115726470947,0.4049999713897705,1.0,162.5872039794922,6386,1,0.0
1790091040.688309,4,0.650711715221405,0.0,0.9732455015182495,160.40069580078125,6869,1,0.0
1790091040.7387702,4,0.6512057781219482,0.0,1.0,158.19927978515625,6580,4,0.0
1790091040.7894354,4,0.6516938805580139,0.0,1.0,155.5150909423828,7068,4,0.0
1790091040.8404062,4,0.6522623896598816,0.0,1.0,152.59886169433594,7317,4,0.0
1790091040.8911548,4,0.6527321934700012,0.0,1.0,149.6776885986328,7240,4,0.0
1790091040.9418473,4,0.6532219648361206,0.0,1.0,146.84805297851562,7099,4,0.0
1790091040.9924629,4,0.6536735892295837,0.0,1.0,144.2369842529297,6977,4,-0.0024935591500252485
1790091041.0433605,4,0.6541988253593445,0.0,1.0,141.5370330810547,6812,4,-0.02408592961728573
1790091041.0942261,4,0.6546332836151123,0.0,1.0,138.8108673095703,6627,4,-0.04640050604939461
1790091041.1449244,4,0.6550580859184265,0.0,1.0,136.021728515625,6481,4,-0.069476418197155
1790091041.1958182,4,0.6555256247520447,0.0,1.0,133.28883361816406,6363,4,-0.09333407878875732
1790091041.246329,4,0.655931293964386,0.0,1.0,130.5928497314453,6207,4,-0.1179819107055664
1790091041.296957,4,0.6563535332679749,0.0,1.0,127.9506607055664,6087,4,-0.14342617988586426
1790091041.3474944,4,0.6567891240119934,0.0,1.0,125.36180114746094,5982,4,-0.0486493781208992
1790091041.3983293,4,0.657167911529541,0.0,1.0,122.65054321289062,5973,4,0.0
1790091041.4490676,4,0.6575390100479126,0.0,1.0,120.28199768066406,6571,1,0.0
1790091041.5000663,4,0.6579687595367432,0.0,1.0,118.06742858886719,6296,1,0.0
1790091041.5508564,4,0.6583218574523926,0.0,0.9931436777114868,115.64611053466797,7067,3,0.0
1790091041.601645,4,0.6587116122245789,0.0,1.0,113.21695709228516,7316,3,0.0
1790091041.6521287,4,0.6590471863746643,0.0,1.0,110.5992431640625,7071,3,-0.01661764085292816
1790091041.703733,4,0.6594153642654419,0.0,1.0,107.92625427246094,6830,3,-0.04874568432569504
1790091041.7543066,4,0.65973299741745,0.0,1.0,105.23198699951172,6645,3,-0.08186404407024384
1790091041.8051345,4,0.6600430011749268,0.0,1.0,102.5810546875,6456,3,-0.11600042879581451
1790091041.8560698,4,0.660381019115448,0.0,1.0,99.96603393554688,6265,3,-0.1504630595445633
1790091041.9068308,4,0.6606739163398743,0.0,1.0,97.4923095703125,6104,3,-0.17461642622947693
1790091041.957385,4,0.660993754863739,0.0,1.0,95.05953979492188,5956,3,-0.199408620595932
1790091042.0080218,4,0.6612707376480103,0.0,0.9882344603538513,92.75666809082031,5779,3,-0.22629274427890778
1790091042.0585198,4,0.6615745425224304,0.0,0.9500405788421631,90.56926727294922,5640,3,-0.23135559260845184
1790091042.109466,4,0.6618415117263794,0.0,0.0,89.1763687133789,5964,3,-0.2346993237733841
1790091042.160082,4,0.6621338725090027,0.0,0.0,88.58244323730469,5989,3,-0.23615461587905884
1790091042.2109804,4,0.6623796820640564,0.0,0.0,88.09571075439453,5943,3,-0.23736080527305603
1790091042.2623043,4,0.6626699566841125,0.15600000321865082,0.0,87.6515884399414,5964,3,-0.23847220838069916
1790091042.3129995,4,0.6629608869552612,0.3599999248981476,0.0,87.50389862060547,6069,3,-0.2388441115617752
1790091042.3636928,4,0.663216233253479,0.5519999861717224,0.0,87.78855895996094,6126,3,-0.23812833428382874
1790091042.4142575,4,0.663474977016449,0.7560003995895386,0.0,88.25900268554688,6274,3,-0.23695479333400726
1790091042.4646726,4,0.6637692451477051,0.9600008130073547,0.0,88.8598403930664,6268,3,-0.2354726642370224
1790091042.5153298,4,0.6640647649765015,1.0,0.0,89.57431030273438,6274,3,-0.23373422026634216
1790091042.5659976,4,0.6643125414848328,1.0,0.0,90.2963638305664,6278,3,-0.23200319707393646
1790091042.617193,4,0.6646301746368408,1.0,0.0,91.01935577392578,6383,3,-0.23029540479183197
1790091042.6679342,4,0.6648809313774109,1.0,0.0,91.74153137207031,6486,3,-0.22861449420452118
1790091042.7185388,4,0.665185809135437,1.0,0.0,92.45161437988281,6595,3,-0.22698543965816498
1790091042.7692914,4,0.6654401421546936,1.0,0.0,93.16262817382812,6700,3,-0.2253773957490921
1790091042.8204234,4,0.665746808052063,1.0,0.0,93.88677978515625,6684,3,-0.2237628549337387
1790091042.8710663,4,0.6660602688789368,1.0,0.0,94.59962463378906,6679,3,-0.22219598293304443
1790091042.9218633,4,0.6663386225700378,1.0,0.0,95.30599975585938,6675,3,-0.22066481411457062
1790091042.973042,4,0.6666515469551086,1.0,0.0,95.99844360351562,6675,3,-0.21918420493602753
1790091043.023865,4,0.6669358015060425,1.0,0.0,96.67057800292969,6787,3,-0.17098036408424377
1790091043.0744374,4,0.6672551035881042,1.0,0.0,97.34159088134766,6831,3,-0.08513550460338593
1790091043.125084,4,0.6675238013267517,1.0,0.0,98.0715560913086,6946,3,-0.10952762514352798
1790091043.1760993,4,0.6678453087806702,1.0,0.0,98.79235076904297,7052,3,-0.13372980058193207
1790091043.2269166,4,0.6681743860244751,1.0,0.0,99.54158782958984,7144,3,0.0
1790091043.2774696,4,0.6684512495994568,1.0,0.0,100.38107299804688,7228,3,0.0
1790091043.3283095,4,0.6687846779823303,1.0,0.0,101.43276977539062,7145,3,0.0
1790091043.378921,4,0.6690837740898132,1.0,0.0,102.5381088256836,7317,3,0.0
1790091043.4297855,4,0.6694238781929016,1.0,0.0,103.79862976074219,7414,3,-0.03437909111380577
1790091043.48059,4,0.6697508692741394,1.0,0.0,105.21186828613281,7296,3,-0.06823956221342087
1790091043.53126,4,0.6700645685195923,1.0,0.0,106.44642639160156,7510,3,-0.10160211473703384
1790091043.5821776,4,0.6704203486442566,1.0,0.0,107.67426300048828,7693,3,-0.13449066877365112
1790091043.632731,4,0.6707605123519897,1.0,0.0,108.77884674072266,7570,3,-0.16504691541194916
1790091043.6835742,4,0.6710867285728455,1.0,0.0,109.7977523803711,7781,3,-0.1933325082063675
1790091043.734559,4,0.6714553833007812,1.0,0.0,110.72103881835938,7722,3,-0.18244360387325287
1790091043.7851896,4,0.6717667579650879,1.0,0.0,111.54573059082031,7716,3,-0.021793562918901443
1790091043.8359613,4,0.6721426844596863,1.0,0.0,112.44355010986328,7991,3,-0.012770239263772964
1790091043.8867705,4,0.6725025773048401,1.0,0.0,113.38340759277344,8044,3,-0.043540243059396744
1790091043.9377613,4,0.672843873500824,1.0,0.0,114.44949340820312,8071,3,-0.07395779341459274
1790091043.988642,4,0.6732340455055237,1.0,0.0,115.46746063232422,8290,3,-0.10401309281587601
1790091044.039415,4,0.6736066937446594,1.0,0.0,116.44696044921875,8330,3,-0.13372479379177094
1790091044.0899105,4,0.6739606857299805,1.0,0.0,117.484619140625,8115,3,-0.028997138142585754
1790091044.1407642,4,0.6743638515472412,1.0,0.0,118.5567626953125,8401,3,-0.011903330683708191
1790091044.1913292,4,0.6747267246246338,1.0,0.0,119.6017074584961,8524,3,-0.040549129247665405
1790091044.242301,4,0.6751385927200317,1.0,0.0,120.8825912475586,8528,3,-0.06881789118051529
1790091044.2930975,4,0.6755083799362183,1.0,0.0,122.01831817626953,8659,3,-0.09667348116636276
1790091044.3436499,4,0.6759306788444519,1.0,0.0,123.09334564208984,8664,1,-0.1225634515285492
1790091044.394331,4,0.6763084530830383,1.0,0.0,122.94841003417969,9272,4,-0.149918794631958
1790091044.4450262,4,0.6766871213912964,1.0,0.0,123.73865509033203,6535,4,-0.17274858057498932
1790091044.495755,4,0.6771152019500732,1.0,0.0,124.36775970458984,6574,4,-0.07795535027980804
1790091044.546514,4,0.6774992942810059,1.0,0.0,125.19800567626953,6597,4,0.0
1790091044.5973926,4,0.6779587864875793,1.0,0.0,126.12449645996094,6732,4,-0.024963151663541794
1790091044.6478536,4,0.6783505082130432,1.0,0.0,127.14308166503906,6806,4,-0.051179107278585434
1790091044.6987028,4,0.6787433624267578,1.0,0.0,128.0406036376953,6829,4,-0.07709185779094696
1790091044.7495358,4,0.6791898608207703,1.0,0.0,129.05409240722656,6735,4,0.0
1790091044.8004096,4,0.6796160936355591,1.0,0.0,130.0724334716797,6980,4,0.0
1790091044.850835,4,0.6800205111503601,1.0,0.0,131.2470245361328,6982,4,-0.008779728785157204
1790091044.901887,4,0.6804801821708679,1.0,0.0,132.4008026123047,7056,4,-0.031976666301488876
1790091044.952758,4,0.6809195280075073,1.0,0.0,133.65292358398438,7135,4,-0.05626935139298439
1790091045.0034409,4,0.681337296962738,1.0,0.0,135.03240966796875,7099,4,-0.08017860352993011
1790091045.054235,4,0.6817587614059448,1.0,0.0,136.02401733398438,7219,4,-0.10374270379543304
1790091045.105477,4,0.6822367906570435,1.0,0.0,137.2855224609375,7316,4,-0.12700730562210083
1790091045.1562862,4,0.6826933026313782,1.0,0.0,138.59567260742188,7381,4,-0.14990410208702087
1790091045.2069914,4,0.6831806898117065,1.0,0.0,139.84181213378906,7328,4,-0.1538301706314087
1790091045.257617,4,0.6836177706718445,1.0,0.0,140.7707061767578,7534,4,-0.1528644859790802
1790091045.3082342,4,0.6840570569038391,1.0,0.0,141.52464294433594,7552,4,-0.15208958089351654
1790091045.3591301,4,0.6845537424087524,1.0,0.0,142.2085723876953,7543,4,-0.1513933688402176
1790091045.4103281,4,0.6849973201751709,1.0,0.0,142.8284912109375,7557,4,-0.08487144112586975
1790091045.46124,4,0.6854979991912842,1.0,0.0,143.34413146972656,7700,4,0.0
1790091045.5117092,4,0.6859447360038757,1.0,0.0,143.925048828125,7623,4,-0.01129238586872816
1790091045.562304,4,0.6864776611328125,1.0,0.0,144.4998779296875,7594,4,-0.03251193091273308
1790091045.6132007,4,0.6869277358055115,1.0,0.0,145.01295471191406,7788,4,-0.05359276756644249
1790091045.6638486,4,0.6873511672019958,1.0,0.0,145.6929168701172,7679,4,-0.07451524585485458
1790091045.714453,4,0.6878899335861206,1.0,0.0,146.1844024658203,7833,4,-0.09406829625368118
1790091045.7650468,4,0.6883454918861389,1.0,0.0,146.697265625,7793,4,-0.1147107407450676
1790091045.8157876,4,0.6888595223426819,1.0,0.0,147.161376953125,7854,4,-0.007359214127063751
1790091045.866343,4,0.6893182396888733,1.0,0.0,147.743408203125,7887,4,0.0
1790091045.91691,4,0.6897498369216919,1.0,0.0,148.3802032470703,7805,4,0.004747310653328896
1790091045.9673758,4,0.6902990341186523,1.0,0.0,149.15150451660156,7925,4,0.02481917478144169
1790091046.0183306,4,0.6907642483711243,1.0,0.0,150.09718322753906,8001,4,0.044671736657619476
1790091046.0689504,4,0.6912911534309387,1.0,0.0,151.0959930419922,8063,4,-0.015454732812941074
1790091046.1195776,4,0.6917629837989807,1.0,0.0,152.11627197265625,8135,4,-0.033683694899082184
1790091046.1702964,4,0.6922376155853271,1.0,0.0,153.14817810058594,8120,4,-0.052804477512836456
1790091046.2209804,4,0.6927754282951355,1.0,0.0,154.14810180664062,8254,4,-0.07169237732887268
1790091046.2715771,4,0.6932566165924072,1.0,0.0,155.251953125,8286,4,-0.09033322334289551
1790091046.3224108,4,0.6938024759292603,1.0,0.0,156.49488830566406,8344,4,-0.10870063304901123
1790091046.373464,4,0.6942912340164185,1.0,0.0,157.65037536621094,8333,4,-0.12679050862789154
1790091046.4241753,4,0.6948136687278748,1.0,0.0,158.55856323242188,8482,4,-0.04239259287714958
1790091046.4747539,4,0.695370078086853,1.0,0.0,159.40835571289062,8527,4,0.012453965842723846
1790091046.525393,4,0.6958677172660828,1.0,0.0,160.4082489013672,8415,4,0.029922787100076675
1790091046.575839,4,0.6963682770729065,1.0,0.0,161.40509033203125,8621,4,0.04717523232102394
1790091046.6264932,4,0.6969667673110962,1.0,0.0,162.44329833984375,8587,4,0.06319679319858551
1790091046.6770215,4,0.6974738240242004,1.0,0.0,163.58840942382812,8561,4,0.07999501377344131
1790091046.727744,4,0.69798344373703,1.0,0.0,164.6802978515625,8772,4,0.09656229615211487
1790091046.7784555,4,0.698527455329895,1.0,0.0,165.66921997070312,8809,4,0.08168672025203705
1790091046.8292656,4,0.6991079449653625,1.0,0.0,166.69580078125,8729,4,0.0
1790091046.8800547,4,0.6996272802352905,1.0,0.0,167.5496063232422,8928,4,0.0
1790091046.9305587,4,0.70014888048172,1.0,0.0,168.4432373046875,8937,4,0.0
1790091046.9813685,4,0.7007716298103333,1.0,0.0,169.2503204345703,9090,4,0.010080386884510517
1790091047.0318964,4,0.7012986540794373,1.0,0.0,169.99710083007812,8890,4,0.025533780455589294
1790091047.0823958,4,0.7018271684646606,1.0,0.0,170.673583984375,9009,4,0.03995521366596222
1790091047.1332245,4,0.7024589776992798,1.0,0.0,171.5289306640625,9097,4,0.05512946471571922
1790091047.1838725,4,0.7029932141304016,1.0,0.0,172.25267028808594,9154,4,0.07013732939958572
1790091047.23442,4,0.7035279870033264,1.0,0.0,173.13436889648438,9173,4,0.08500306308269501
1790091047.2849476,4,0.7040652632713318,1.0,0.0,174.02548217773438,9155,4,0.09969062358140945
1790091047.3357813,4,0.7047068476676941,1.0,0.0,174.6753692626953,9235,4,0.07302694022655487
1790091047.38639,4,0.7052832841873169,1.0,0.0,175.2628173828125,9222,4,0.0
1790091047.4367797,4,0.7058271765708923,1.0,0.0,175.5664520263672,9015,1,0.0
1790091047.4876661,4,0.7064384818077087,1.0,0.0,175.38377380371094,8636,5,0.0
1790091047.5384557,4,0.7069836854934692,1.0,0.0,176.26878356933594,7331,5,0.0
1790091047.5894818,4,0.7075319290161133,1.0,0.0,177.26805114746094,7368,5,0.013273917138576508
1790091047.6402404,4,0.7081865668296814,1.0,0.0,178.23851013183594,7455,5,0.027206633239984512
1790091047.6909087,4,0.708740770816803,1.0,0.0,179.30990600585938,7463,5,0.040956176817417145
1790091047.7419972,4,0.7092980742454529,1.0,0.0,180.34205627441406,7506,5,0.05452189967036247
1790091047.7926826,4,0.7098580002784729,1.0,0.0,181.3661346435547,7540,5,0.06791061908006668
1790091047.8434439,4,0.7105271220207214,1.0,0.0,182.3612518310547,7591,5,0.0811249390244484
1790091047.8939993,4,0.7110933065414429,1.0,0.0,183.3297119140625,7650,5,0.09417305141687393
1790091047.9448445,4,0.7116624712944031,1.0,0.0,184.23377990722656,7713,5,0.10706805437803268
1790091047.9956048,4,0.7123406529426575,1.0,0.0,185.14605712890625,7747,5,0.11759775876998901
1790091048.0464478,4,0.712914228439331,1.0,0.0,185.98670959472656,7821,5,0.11708604544401169
1790091048.0971553,4,0.7134902477264404,1.0,0.0,186.6846466064453,7759,5,0.11666455864906311
1790091048.1481721,4,0.7141768336296082,1.0,0.0,187.2608642578125,7890,5,0.11631886661052704
1790091048.19911,4,0.714756190776825,1.0,0.0,187.8115234375,7880,5,0.11599041521549225
1790091048.2500584,4,0.7153370380401611,1.0,0.0,188.35621643066406,7855,5,0.11566734313964844
1790091048.3006482,4,0.716029167175293,1.0,0.0,188.8091278076172,7899,5,0.11540006101131439
1790091048.3515587,4,0.7166134119033813,1.0,0.0,189.2640838623047,7861,5,0.11513283848762512
1790091048.4022324,4,0.7172349691390991,1.0,0.0,189.70065307617188,7902,5,0.11487756669521332
1790091048.4530113,4,0.7178210616111755,1.0,0.0,190.131591796875,7945,5,0.1146266907453537
1790091048.5039394,4,0.718518078327179,1.0,0.0,190.56593322753906,7995,5,0.11437494307756424
1790091048.5550907,4,0.7191079258918762,1.0,0.0,190.96395874023438,7937,5,0.11414521932601929
1790091048.6057117,4,0.7196980714797974,1.0,0.0,191.3968048095703,7977,5,0.1138964369893074
1790091048.656366,4,0.7204003930091858,1.0,0.0,191.88128662109375,7964,5,0.11361925303936005
1790091048.707182,4,0.7209925651550293,1.0,0.0,192.38050842285156,8089,5,0.11333505064249039
1790091048.7580156,4,0.7215871810913086,1.0,0.0,192.8677978515625,8088,5,0.11305900663137436
1790091048.8086119,4,0.7221824526786804,1.0,0.0,193.43336486816406,8105,5,0.11274030804634094
1790091048.859387,4,0.7228919267654419,1.0,0.0,194.19635009765625,8149,5,0.11231319606304169
1790091048.909854,4,0.7234923839569092,1.0,0.0,194.8361053466797,8197,5,0.11195754259824753
1790091048.9604776,4,0.7241310477256775,1.0,0.0,195.42617797851562,8196,5,0.11163151264190674
1790091049.0110798,4,0.7247346043586731,1.0,0.0,196.20899963378906,8194,5,0.11120189726352692
1790091049.0623589,4,0.7254536747932434,1.0,0.0,196.99021911621094,8207,5,0.11077645421028137
1790091049.1127877,4,0.7260602116584778,1.0,0.0,197.7317657470703,8260,5,0.11037560552358627
1790091049.1636605,4,0.7266691327095032,1.0,0.0,198.47418212890625,8269,5,0.10997718572616577
1790091049.2144,4,0.7273954153060913,1.0,0.0,199.21861267089844,8277,5,0.10958056151866913
1790091049.2649114,4,0.7280085682868958,1.0,0.0,199.91937255859375,8328,5,0.1092098131775856
1790091049.3159072,4,0.7286629676818848,1.0,0.0,200.61338806152344,8373,5,0.10884508490562439
1790091049.366477,4,0.7292810678482056,1.0,0.0,201.30064392089844,8417,5,0.10848632454872131
1790091049.417098,4,0.7299005389213562,1.0,0.0,201.9896240234375,8470,5,0.10812900960445404
1790091049.4680104,4,0.7306386828422546,1.0,0.0,202.52317810058594,8521,5,0.10785391926765442
1790091049.5187292,4,0.7313013076782227,1.0,0.0,203.00799560546875,8467,5,0.10760516673326492
1790091049.5696075,4,0.7319265007972717,1.0,0.0,203.49766540527344,8524,5,0.10735508799552917
1790091049.62029,4,0.7325935363769531,1.0,0.0,204.0744171142578,8526,5,0.10706202685832977
1790091049.671205,4,0.7332234382629395,1.0,0.0,204.59243774414062,8591,5,0.10680016130208969
1790091049.7218256,4,0.7339712381362915,1.0,0.0,205.2240753173828,8576,5,0.1064826026558876
1790091049.7728374,4,0.7346449494361877,1.0,0.0,205.74635314941406,8562,5,0.10622143000364304
1790091049.8239434,4,0.7352805733680725,1.0,0.0,206.2659454345703,8462,5,0.10596287995576859
1790091049.874441,4,0.7359176874160767,1.0,0.0,206.62887573242188,8588,5,0.060284677892923355
1790091049.9252439,4,0.7366769313812256,1.0,0.0,207.16700744628906,8738,5,0.06982765346765518
1790091049.976301,4,0.7373160123825073,1.0,0.0,207.6555633544922,8678,5,0.07930643111467361
1790091050.027403,4,0.7379564046859741,1.0,0.0,207.9976806640625,8678,5,0.08872906863689423
1790091050.0779934,4,0.7387173175811768,1.0,0.0,208.30538940429688,8654,5,0.09811745584011078
1790091050.1292782,4,0.7393601536750793,1.0,0.0,208.8576202392578,8698,5,0.10469182580709457
1790091050.1798296,4,0.7400070428848267,1.0,0.0,209.4658660888672,8669,5,0.0
1790091050.2302926,4,0.7406561374664307,1.0,0.0,210.12713623046875,8718,5,0.0
1790091050.2811263,4,0.7414296865463257,1.0,0.0,210.8466339111328,8767,5,0.0
1790091050.331639,4,0.7420832514762878,1.0,0.0,211.5108184814453,8779,5,0.0
1790091050.3824146,4,0.7427411675453186,1.0,0.0,212.2088165283203,8781,5,0.0
1790091050.433168,4,0.743442177772522,1.0,0.0,212.96017456054688,8735,5,0.0
1790091050.4838326,4,0.7442272305488586,1.0,0.0,213.5813751220703,8747,5,0.0
1790091050.5347424,4,0.7449329495429993,1.0,0.0,214.3394775390625,8869,5,0.0
1790091050.5857618,4,0.7456408739089966,1.0,0.0,215.1324005126953,8927,5,-0.006300000008195639
1790091050.6365626,4,0.7463522553443909,1.0,0.0,215.96884155273438,8904,5,0.0
1790091050.687738,4,0.7469401359558105,1.0,0.0,216.8575439453125,8872,5,0.0
1790091050.7386794,4,0.7477000951766968,1.0,0.0,217.6600799560547,8901,5,0.0
1790091050.7891726,4,0.7485048174858093,1.0,0.0,218.47589111328125,8939,5,0.0
1790091050.8398259,4,0.7492278218269348,1.0,0.0,219.3189697265625,8917,1,0.0
1790091050.89076,4,0.7499086260795593,1.0,0.0,218.98312377929688,9332,6,-0.0010499999625608325
1790091050.941368,4,0.7506331205368042,1.0,0.0,219.77410888671875,7194,6,-0.00997499842196703
1790091050.9920053,4,0.7513168454170227,1.0,0.0,220.3919677734375,7299,6,-0.018899992108345032
1790091051.0430927,4,0.7520459890365601,1.0,0.0,221.1155242919922,7299,6,-0.02782498486340046
1790091051.0936792,4,0.7527338862419128,1.0,0.0,221.83932495117188,7298,6,0.0
1790091051.1446176,4,0.7534671425819397,1.0,0.0,222.52188110351562,7297,6,0.0
1790091051.1955278,4,0.7542895674705505,1.0,0.0,223.24847412109375,7297,6,0.0
1790091051.2464411,4,0.7550283074378967,1.0,0.0,223.96612548828125,7311,6,-0.006300000008195639
1790091051.297301,4,0.7557257413864136,1.0,0.0,224.6676788330078,7340,6,-0.015224994160234928
1790091051.3478673,4,0.7564687132835388,1.0,0.0,225.33804321289062,7388,6,-0.02414998784661293
1790091051.3984504,4,0.7572141289710999,1.0,0.0,226.00660705566406,7421,6,-0.033074986189603806
1790091051.4490757,4,0.7579615712165833,1.0,0.0,226.6856689453125,7434,6,-0.04200001060962677
1790091051.4999292,4,0.7586669921875,1.0,0.0,227.32823181152344,7474,6,-0.050925035029649734
1790091051.5507247,4,0.7594190835952759,1.0,0.0,227.97442626953125,7501,6,0.0
1790091051.6013396,4,0.7602168917655945,1.0,0.0,228.61582946777344,7537,6,0.0
1790091051.6523526,4,0.7609733939170837,1.0,0.0,229.2521209716797,7573,6,-0.0057749999687075615
1790091051.7030842,4,0.761776864528656,1.0,0.0,229.92138671875,7564,6,-0.014699994586408138
1790091051.7536342,4,0.7624034881591797,1.0,0.0,230.58731079101562,7557,6,-0.02362498827278614
1790091051.804399,4,0.7632110714912415,1.0,0.0,231.1857147216797,7574,6,-0.022049982100725174
1790091051.8554063,4,0.7640209794044495,1.0,0.0,231.83926391601562,7587,6,0.0
1790091051.9064808,4,0.7647881507873535,1.0,0.0,232.47140502929688,7629,6,0.0
1790091051.9576106,4,0.7654664516448975,1.0,0.0,233.1227569580078,7662,6,0.0
1790091052.0081396,4,0.7662832140922546,1.0,0.0,233.8091278076172,7665,6,0.0
1790091052.0591266,4,0.7670109868049622,1.0,0.0,234.47378540039062,7696,6,0.0015749998856335878
1790091052.109945,4,0.7677860260009766,1.0,0.0,235.15975952148438,7713,6,0.01049999799579382
1790091052.1605983,4,0.7686557173728943,1.0,0.0,235.85508728027344,7727,6,0.01942499168217182
1790091052.2114441,4,0.769343912601471,1.0,0.0,236.5447540283203,7746,6,0.0
1790091052.2619379,4,0.7701725363731384,1.0,0.0,237.24166870117188,7758,6,0.0
1790091052.3125062,4,0.7708649635314941,1.0,0.0,237.93307495117188,7777,6,0.0
1790091052.3630705,4,0.7717447876930237,1.0,0.0,238.60523986816406,7810,6,0.0
1790091052.413697,4,0.772441029548645,1.0,0.0,239.2921600341797,7821,6,0.0
1790091052.4645612,4,0.7733257412910461,1.0,0.0,239.9423065185547,7840,6,0.00839999970048666
1790091052.5157504,4,0.7740732431411743,1.0,0.0,240.57130432128906,7916,6,0.017324993386864662
1790091052.5664377,4,0.7747754454612732,1.0,0.0,241.2332763671875,7941,6,0.0
1790091052.616956,4,0.7756677865982056,1.0,0.0,241.9581298828125,7911,6,0.0
1790091052.667782,4,0.7763739228248596,1.0,0.0,242.65829467773438,7915,6,0.0
1790091052.718476,4,0.7772706747055054,1.0,0.0,243.29708862304688,7984,6,0.0
1790091052.769343,4,0.7780290246009827,1.0,0.0,243.9918975830078,7983,6,0.0
1790091052.820276,4,0.7788833975791931,1.0,0.0,244.67820739746094,7983,6,0.0
1790091052.8710706,4,0.7796451449394226,1.0,0.0,245.36480712890625,8001,6,0.0
1790091052.9219458,4,0.7805049419403076,1.0,0.0,246.03302001953125,8019,6,0.0
1790091052.972598,4,0.7812711596488953,1.0,0.0,246.68035888671875,8076,6,0.0
1790091053.0234234,4,0.7820389866828918,1.0,0.0,247.30764770507812,8153,6,0.0
1790091053.074035,4,0.7829045653343201,1.0,0.0,247.92950439453125,8191,6,0.0
1790091053.1249483,4,0.7836772799491882,1.0,0.0,248.66317749023438,8133,6,0.0
1790091053.1756678,4,0.7845476865768433,1.0,0.0,249.3450927734375,8143,6,0.0
1790091053.22616,4,0.7853239178657532,1.0,0.0,249.99801635742188,8147,6,0.0
1790091053.2768083,4,0.7862482666969299,1.0,0.0,250.64576721191406,8183,6,0.0
1790091053.3277397,4,0.786980390548706,1.0,0.0,251.30958557128906,8191,6,0.0
1790091053.3783815,4,0.7878607511520386,1.0,0.0,251.97988891601562,8202,6,0.0
1790091053.4289966,4,0.7886449098587036,1.0,0.0,252.6191864013672,8230,6,0.0
1790091053.479847,4,0.7895796298980713,1.0,0.0,253.25502014160156,8268,6,0.0
1790091053.5305316,4,0.7903180122375488,1.0,0.0,253.8723907470703,8322,6,0.0
1790091053.581444,4,0.7911089062690735,1.0,0.0,254.4667205810547,8383,6,0.0
1790091053.632073,4,0.7920494675636292,1.0,0.0,255.11546325683594,8397,6,0.0
1790091053.682571,4,0.7927942872047424,1.0,0.0,255.7804412841797,8338,6,0.0
1790091053.7336543,4,0.7937400341033936,1.0,0.0,256.43487548828125,8346,6,0.0
1790091053.7843382,4,0.7944887280464172,0.0,0.0,256.8527526855469,8210,6,0.0
1790091053.8351412,4,0.7954363822937012,0.0,0.0,256.5241394042969,8186,6,0.0
1790091053.8858175,4,0.7961841821670532,0.0,0.8113617300987244,255.7986602783203,7996,6,0.0
1790091053.9367847,4,0.7970747947692871,0.0,0.9580240249633789,253.24273681640625,7812,6,0.0
1790091053.9875479,4,0.797810435295105,0.0,0.9486082792282104,250.34506225585938,7690,6,0.0
1790091054.038374,4,0.7987305521965027,0.0,0.772088348865509,247.54141235351562,7484,6,0.0
1790091054.089285,4,0.799592137336731,0.0,1.0,244.4840545654297,7449,6,0.0
1790091054.1399868,4,0.800299882888794,0.0,1.0,241.3130645751953,7417,6,0.0
1790091054.1903853,4,0.8011395931243896,0.0,1.0,238.25282287597656,7405,6,0.0
1790091054.241038,4,0.8018308877944946,0.0,0.9083462357521057,235.43186950683594,7335,6,0.0
1790091054.2919705,4,0.8026965856552124,0.0,1.0,232.73574829101562,7134,6,0.0
1790091054.3426619,4,0.8033714890480042,0.0,1.0,229.97915649414062,7002,6,0.0
1790091054.3935647,4,0.8041713833808899,0.0,1.0,226.8666229248047,6907,6,0.0
1790091054.4441674,4,0.8048727512359619,0.0,1.0,223.77279663085938,6874,1,0.0
1790091054.4949486,4,0.8056511878967285,0.0,1.0,220.95925903320312,7445,1,0.0
1790091054.545751,4,0.8062919974327087,0.0,1.0,217.9681396484375,7127,5,0.0
1790091054.596789,4,0.8070504069328308,0.0,0.970363974571228,214.79200744628906,7846,5,0.0
1790091054.647789,4,0.8077977895736694,0.0,0.884461522102356,212.0258331298828,7873,5,0.0
1790091054.6984813,4,0.8085346817970276,0.0,1.0,209.16993713378906,7798,5,0.0
1790091054.7492435,4,0.8091402649879456,0.0,1.0,206.17698669433594,7764,5,0.0
1790091054.7997322,4,0.8098574876785278,0.0,1.0,203.1261444091797,7656,5,0.0
1790091054.8506474,4,0.8105618357658386,0.0,1.0,199.8455810546875,7718,5,0.0
1790091054.9017873,4,0.8111408352851868,0.0,1.0,196.75086975097656,7668,5,0.0
1790091054.952676,4,0.8117871284484863,0.0,1.0,193.88099670410156,7552,5,0.0
1790091055.0032449,4,0.8124615550041199,0.0,0.8845487833023071,191.41969299316406,7433,5,0.0
1790091055.0539608,4,0.8130165934562683,0.0,0.9366043210029602,188.94467163085938,7170,5,0.0
1790091055.1046994,4,0.8136737942695618,0.0,0.949518084526062,186.2181396484375,7011,5,0.0
1790091055.155397,4,0.8143206238746643,0.26999998092651367,1.0,183.47608947753906,6937,1,0.0
1790091055.206542,4,0.8148514628410339,0.0,1.0,180.5617218017578,7452,1,0.0
1790091055.2575052,4,0.8154792785644531,0.0,1.0,177.76075744628906,7134,4,0.0
1790091055.3079982,4,0.8160960078239441,0.0,0.9652236104011536,174.96534729003906,7929,4,0.0
1790091055.3589308,4,0.8166024684906006,0.0,0.9308475255966187,172.29400634765625,7812,4,0.0
1790091055.4096324,4,0.8171678781509399,0.0,0.9867324233055115,169.55198669433594,7670,4,0.0
1790091055.4600954,4,0.8177571296691895,0.0,0.0,167.42393493652344,8200,4,0.0
1790091055.5107555,4,0.8182442784309387,0.0,0.0,166.7808837890625,8442,4,0.0
1790091055.561721,4,0.8188266158103943,0.0,0.0,166.45367431640625,8431,4,0.0
1790091055.6124227,4,0.8194087743759155,0.0,0.0,166.14239501953125,8410,4,0.0
1790091055.663038,4,0.8198925852775574,0.0,0.8303041458129883,164.8086395263672,8161,4,0.0
1790091055.713855,4,0.8204666972160339,0.0,0.9892932176589966,162.33682250976562,7902,4,0.0
1790091055.7645774,4,0.8210296630859375,0.0,0.9792541265487671,159.7950897216797,7612,4,0.0
1790091055.8153787,4,0.8214921951293945,0.0,0.864942193031311,157.06797790527344,7369,4,0.010556907393038273
1790091055.866141,4,0.8220674991607666,0.0,0.9896985292434692,154.46485900878906,7217,4,0.0
1790091055.9166372,4,0.8225134611129761,0.0,1.0,151.59573364257812,7193,4,0.0
1790091055.9677603,4,0.823040783405304,0.0,0.9913315773010254,148.80072021484375,7067,4,0.0
1790091056.0189073,4,0.8234706521034241,0.0,1.0,146.01190185546875,6911,4,0.0
1790091056.069473,4,0.8240071535110474,0.5399999618530273,1.0,143.2239532470703,6985,1,0.0
1790091056.120208,4,0.8244490623474121,0.0,0.997927188873291,140.66485595703125,7357,1,0.0
1790091056.1707017,4,0.8249383568763733,0.0,1.0,138.15243530273438,7047,3,0.0
1790091056.221413,4,0.8253656029701233,0.0,1.0,135.39608764648438,8051,3,0.015130767598748207
1790091056.2719407,4,0.8258368968963623,0.0,0.9711961150169373,132.62747192382812,8492,3,0.03917746990919113
1790091056.3227198,4,0.8262481093406677,0.0,0.9579663276672363,130.0665740966797,8387,3,0.0640065148472786
1790091056.3732917,4,0.8267044425010681,0.0,0.0,129.06741333007812,8623,3,0.08790339529514313
1790091056.4239407,4,0.82710862159729,0.0,0.0,128.63429260253906,8642,3,0.11345721036195755
1790091056.4746099,4,0.8274854421615601,0.0,0.0,128.23077392578125,8615,3,0.1391356885433197
1790091056.5252004,4,0.8279604315757751,0.0,0.0,127.78804779052734,8581,3,0.1675664484500885
1790091056.5761278,4,0.8283365964889526,0.1679999977350235,0.0,127.35845947265625,8607,3,0.16810141503810883
1790091056.6270216,4,0.828810453414917,0.37199991941452026,0.0,127.19114685058594,8703,3,0.08319677412509918
1790091056.6778939,4,0.8292104005813599,0.5760000348091125,0.0,127.50677490234375,8876,3,0.0
1790091056.7286263,4,0.8296616077423096,0.7800004482269287,0.0,128.26705932617188,9095,3,0.0
1790091056.779167,4,0.8300663232803345,0.9840008616447449,0.0,129.30093383789062,9086,3,0.01048816367983818
1790091056.8299582,4,0.8304731845855713,1.0,0.0,130.3756103515625,9189,3,0.035727713257074356
1790091056.8804822,4,0.8308836221694946,1.0,0.0,131.3066864013672,9132,3,0.05919906124472618
1790091056.9312317,4,0.8313993215560913,1.0,0.0,132.1555633544922,9239,3,0.08387242257595062
1790091056.981984,4,0.831815779209137,0.0,0.0,132.60357666015625,8921,3,0.10833246260881424
1790091057.0328832,4,0.8322311639785767,0.0,0.0,132.28762817382812,8863,3,0.13280457258224487
1790091057.0836706,4,0.8326453566551208,0.0,0.0,131.935546875,8662,1,0.1573852151632309
1790091057.13463,4,0.833136796951294,0.0,0.0,131.8684539794922,6914,4,0.16264988481998444
1790091057.1852021,4,0.8335497975349426,0.0,0.0,131.78494262695312,6675,4,0.1627476066350937
1790091057.236018,4,0.833963930606842,0.0,0.0,131.40000915527344,6651,4,0.16319961845874786
1790091057.2872064,4,0.8344510793685913,0.07200000435113907,0.0,130.99005126953125,6643,4,0.12576626241207123
1790091057.338161,4,0.8348610401153564,0.2759999632835388,0.0,130.75677490234375,6732,4,0.0
1790091057.3888683,4,0.8353480696678162,0.4799998700618744,0.0,130.9422607421875,6848,4,0.0
1790091057.440022,4,0.835732102394104,0.6840002536773682,0.0,131.517578125,6993,4,0.0
1790091057.4909344,4,0.8361467123031616,0.8880006670951843,0.0,132.3770751953125,7116,4,0.0
1790091057.5414917,4,0.8366140723228455,1.0,0.0,133.3102264404297,7123,4,0.0014247791841626167
1790091057.5921223,4,0.8370350003242493,1.0,0.0,134.25775146484375,7144,4,0.025502225384116173
1790091057.6429868,4,0.8375352025032043,1.0,0.0,135.25694274902344,7270,4,0.04930167272686958
1790091057.6937504,4,0.8379334807395935,0.0,0.0,135.886962890625,6912,4,0.07283061742782593
1790091057.7446082,4,0.838441014289856,0.0,0.0,135.6786651611328,6885,4,0.09495630115270615
1790091057.7954667,4,0.8388667106628418,0.0,0.0,135.38868713378906,6862,4,0.11854267865419388
1790091057.846396,4,0.8392930626869202,0.0,0.0,135.10101318359375,6824,4,0.08798857033252716
1790091057.8973432,4,0.8397955298423767,0.0,0.0,134.8570098876953,6811,4,0.0
1790091057.948154,4,0.8401923179626465,0.0,0.0,134.64263916015625,6795,4,0.0
1790091057.999089,4,0.8406132459640503,0.0,0.0,134.4150848388672,6794,4,0.011241432279348373
1790091058.049686,4,0.841142475605011,0.0,0.0,134.1686553955078,6791,4,0.035178571939468384
1790091058.1005356,4,0.8415625095367432,0.0,0.0,133.90699768066406,6781,4,0.05919059365987778
1790091058.151183,4,0.8419804573059082,0.0,0.0,133.6225128173828,6771,4,0.08328273147344589
1790091058.2020335,4,0.8423991203308105,0.0,0.0,133.30638122558594,6768,4,0.10746055841445923
1790091058.2530444,4,0.8428938984870911,0.0,0.0,132.987060546875,6752,4,0.13173198699951172
1790091058.3037925,4,0.8432872891426086,0.0,0.0,132.6927947998047,6726,4,0.15609240531921387
1790091058.3542533,4,0.8437803983688354,0.0,0.0,132.3634796142578,6710,4,0.16207297146320343
1790091058.4050956,4,0.8441703915596008,0.0,0.0,132.03585815429688,6692,4,0.16245432198047638
1790091058.4557884,4,0.8446625471115112,0.0,0.0,131.65281677246094,6653,4,0.16290247440338135
1790091058.5071511,4,0.8450765013694763,0.0,0.0,131.243408203125,6638,4,0.16338421404361725
1790091058.5577466,4,0.8455387353897095,0.0,0.0,130.8021697998047,6627,4,0.16390660405158997
1790091058.6085746,4,0.8459466695785522,0.04800000041723251,0.0,130.39112854003906,6607,4,0.1643962562084198
1790091058.6591074,4,0.8463274240493774,0.25199997425079346,0.0,130.07968139648438,6678,4,0.1647692173719406
1790091058.709896,4,0.8468106389045715,0.45599988102912903,0.0,130.06671142578125,6806,4,0.16478478908538818
1790091058.7605965,4,0.8471912145614624,0.660000205039978,0.0,130.26527404785156,6987,4,0.16454677283763885
1790091058.8113823,4,0.847648561000824,0.8640006184577942,0.0,130.47512817382812,6939,4,0.164295956492424
1790091058.8620567,4,0.8481075167655945,1.0,0.0,130.8835906982422,6931,4,0.16380997002124786
1790091058.9132445,4,0.8484909534454346,1.0,0.0,131.2976531982422,6966,4,0.16332021355628967
1790091058.963802,4,0.8489530682563782,1.0,0.0,131.78367614746094,7120,4,0.16274909675121307
1790091059.0146263,4,0.8494145274162292,1.0,0.0,132.21136474609375,7067,4,0.16224981844425201
1790091059.065829,4,0.8498791456222534,1.0,0.0,132.78048706054688,6956,4,0.16159014403820038
1790091059.1173177,4,0.850242018699646,1.0,0.0,133.30886840820312,7158,4,0.16098248958587646
1790091059.167812,4,0.8507103323936462,1.0,0.0,133.7692108154297,7065,4,0.1604567915201187
1790091059.2184036,4,0.8511531352996826,1.0,0.0,134.28892517089844,7086,4,0.15986740589141846
1790091059.2689648,4,0.8515981435775757,1.0,0.0,134.8701629638672,7229,4,0.1592133492231369
1790091059.3201122,4,0.8520449995994568,1.0,0.0,135.53765869140625,7152,4,0.1584688127040863
1790091059.3711343,4,0.8524935841560364,1.0,0.0,136.1904754638672,7225,4,0.15774734318256378
1790091059.421968,4,0.8529447317123413,1.0,0.0,136.8102264404297,7355,4,0.15706847608089447
1790091059.4728518,4,0.8533973097801208,1.0,0.0,137.50485229492188,7277,4,0.15631450712680817
1790091059.5238101,4,0.8538526892662048,1.0,0.0,138.21435546875,7260,4,0.15555182099342346
1790091059.574648,4,0.8543097972869873,1.0,0.0,138.98092651367188,7357,4,0.15473611652851105
1790091059.6253743,4,0.8547702431678772,1.0,0.0,139.71011352539062,7517,4,0.15396808087825775
1790091059.6764724,4,0.855233371257782,1.0,0.0,140.5427703857422,7375,4,0.15310032665729523
1790091059.727358,4,0.8556712865829468,1.0,0.0,141.28573608398438,7597,4,0.1523342728614807
1790091059.7779448,4,0.8561391830444336,1.0,0.0,142.01739501953125,7540,4,0.1515873372554779
1790091059.8287485,4,0.8566655516624451,1.0,0.0,142.8876495361328,7703,4,0.0472973957657814
1790091059.8795073,4,0.8571388125419617,1.0,0.0,143.64456176757812,7668,4,0.0
1790091059.9302967,4,0.8575873970985413,1.0,0.0,144.5306854248047,7688,4,0.0
1790091059.9811914,4,0.8580666184425354,1.0,0.0,145.634521484375,7702,4,0.0
1790091060.0318606,4,0.8585496544837952,1.0,0.0,146.763916015625,7862,4,0.0
1790091060.0827875,4,0.8590373992919922,1.0,0.0,148.015625,7850,4,0.019195955246686935
1790091060.1335955,4,0.8594995141029358,1.0,0.0,149.30482482910156,7995,4,0.039286211133003235
1790091060.1841586,4,0.8599960803985596,1.0,0.0,150.6475830078125,8024,4,0.05904113128781319
1790091060.2351446,4,0.8604956269264221,1.0,0.0,151.85324096679688,8141,4,0.07849101722240448
1790091060.286206,4,0.8609997034072876,1.0,0.0,153.01177978515625,8106,4,0.09766040742397308
1790091060.3370552,4,0.8615075349807739,1.0,0.0,154.25949096679688,8143,4,0.08488433063030243
1790091060.3878112,4,0.8620191812515259,1.0,0.0,155.48741149902344,8260,4,0.0
1790091060.4382954,4,0.8625662922859192,1.0,0.0,156.5903778076172,8291,4,0.0
1790091060.4889038,4,0.8630875945091248,1.0,0.0,157.70016479492188,8452,4,0.0
1790091060.540021,4,0.8636113405227661,1.0,0.0,158.7553253173828,8405,4,0.0
1790091060.5907712,4,0.8641389012336731,1.0,0.0,159.79945373535156,8527,4,0.0
1790091060.6414726,4,0.8646707534790039,1.0,0.0,160.99244689941406,8549,4,0.0
1790091060.6920397,4,0.8651752471923828,1.0,0.0,162.38751220703125,8614,4,0.0
1790091060.74281,4,0.8657154440879822,1.0,0.0,163.59906005859375,8654,4,0.0
1790091060.793778,4,0.8662282824516296,1.0,0.0,164.90257263183594,8757,4,0.0
1790091060.8446054,4,0.8667769432067871,1.0,0.0,166.3379364013672,8786,4,0.0
1790091060.8958068,4,0.8672972321510315,1.0,0.0,167.70947265625,8823,4,0.0
1790091060.9465141,4,0.8679210543632507,1.0,0.0,169.14859008789062,8875,4,0.0
1790091060.9969726,4,0.8684494495391846,1.0,0.0,170.40553283691406,9001,4,0.0
1790091061.047542,4,0.8689826130867004,1.0,0.0,171.68678283691406,9044,4,0.0
1790091061.0983145,4,0.8695497512817383,1.0,0.0,172.32833862304688,8845,1,0.0
1790091061.1488652,4,0.8701866269111633,1.0,0.0,172.75804138183594,7956,5,0.0
1790091061.1993861,4,0.8707262873649597,1.0,0.0,173.83221435546875,7251,5,0.0
1790091061.2499506,4,0.871268630027771,0.0,0.0,174.68748474121094,7013,5,0.0
1790091061.3004968,4,0.8718450665473938,0.0,0.35251548886299133,174.54248046875,6910,5,0.010236537083983421
1790091061.351204,4,0.8723867535591125,0.0,0.8697919845581055,172.84564208984375,6756,5,0.0
1790091061.402057,4,0.8730224967002869,0.0,0.8872983455657959,170.77671813964844,6609,5,0.0
1790091061.452904,4,0.8735512495040894,0.0,0.9758601188659668,168.4188995361328,6409,5,0.0
1790091061.503858,4,0.8741044998168945,0.0,0.9530661702156067,166.03370666503906,6313,5,0.0
1790091061.5542934,4,0.874618649482727,0.0,1.0,163.65866088867188,6240,5,0.0
1790091061.6048262,4,0.8752196431159973,0.8999999761581421,1.0,161.0076141357422,6625,1,0.0
1790091061.6554358,4,0.875717043876648,0.0,1.0,158.20738220214844,6633,1,0.0
1790091061.706038,4,0.8762346506118774,0.0,1.0,155.5193328857422,6531,4,0.004330438561737537
1790091061.7568562,4,0.8767151236534119,0.0,0.7821314930915833,152.68675231933594,7486,4,0.02314877137541771
1790091061.807442,4,0.8772166967391968,0.0,0.8700408935546875,150.57962036132812,7384,4,0.04253741353750229
1790091061.8579073,4,0.8776829838752747,0.0,0.9183531403541565,148.43052673339844,7183,4,0.06243518739938736
1790091061.9084969,4,0.878170907497406,0.0,0.5030121207237244,146.21263122558594,7069,4,0.08168394863605499
1790091061.9592,4,0.8786516785621643,0.0,1.0,143.68789672851562,7003,4,0.0
1790091062.0098476,4,0.8790944218635559,0.0,1.0,141.19261169433594,6994,4,0.0
1790091062.0605013,4,0.8796393275260925,0.0,1.0,138.83343505859375,6890,4,0.0
1790091062.1113136,4,0.880068838596344,0.0,1.0,136.5962371826172,6750,4,0.0
1790091062.16211,4,0.8805170059204102,0.0,1.0,134.18624877929688,6613,4,0.0
1790091062.2130117,4,0.8809316754341125,0.0,0.9255407452583313,131.74862670898438,6489,1,0.0
1790091062.2634108,4,0.8813648819923401,0.0,0.7838759422302246,129.64157104492188,7080,1,0.0
1790091062.3144875,4,0.8817924857139587,0.0,0.8787955641746521,127.61363983154297,6780,3,0.015151342377066612
1790091062.3652678,4,0.8821880221366882,0.0,0.8737781643867493,125.65958404541016,7202,3,0.04139203205704689
1790091062.4163775,4,0.8826020956039429,0.0,0.9844121932983398,123.31246948242188,7344,3,0.06830649822950363
1790091062.467274,4,0.8830540776252747,0.0,1.0,120.75431060791016,7373,3,0.09601743519306183
1790091062.517847,4,0.8834497928619385,0.0,1.0,118.08613586425781,7365,3,0.12459725141525269
1790091062.5686364,4,0.8838356733322144,0.0,0.0,116.18550872802734,7686,3,0.15226991474628448
1790091062.6193557,4,0.8841961026191711,0.0,0.0,115.64942169189453,7788,3,0.18412351608276367
1790091062.6707172,4,0.8845767378807068,0.0,0.0,115.26512145996094,7767,3,0.18470129370689392
1790091062.721579,4,0.8849343061447144,0.0,0.0,114.8994369506836,7719,3,0.18525446951389313
1790091062.772285,4,0.885356605052948,0.0,0.0,114.50012969970703,7679,3,0.18586231768131256
1790091062.823099,4,0.8857089877128601,0.0,0.0,114.07091522216797,7647,3,0.18652012944221497
1790091062.8739681,4,0.886062741279602,0.0,0.0,113.63114929199219,7617,3,0.1871989667415619
1790091062.9244826,4,0.8864781856536865,0.0,0.0,113.18348693847656,7585,3,0.18789510428905487
1790091062.9748855,4,0.8868271112442017,0.0,0.0,112.71837615966797,7557,3,0.18862386047840118
1790091063.0255115,4,0.8871747255325317,0.0,0.0,112.24784088134766,7523,3,0.1893669068813324
1790091063.0764961,4,0.8875632286071777,0.0,0.0,111.7706527709961,7492,3,0.1901264488697052
1790091063.1275175,4,0.8879074454307556,0.0,0.0,111.28821563720703,7458,3,0.19090056419372559
1790091063.1783009,4,0.8882487416267395,0.0,0.0,110.79442596435547,7426,3,0.19169946014881134
1790091063.2289944,4,0.8886324167251587,0.0,0.0,110.305419921875,7391,3,0.19249720871448517
1790091063.279936,4,0.8889726996421814,0.0,0.0,109.82588958740234,7356,3,0.1932860016822815
1790091063.330821,4,0.8893714547157288,0.0,0.0,109.34901428222656,7323,3,0.19407688081264496
1790091063.3816562,4,0.8896870613098145,0.0,0.0,108.92493438720703,7293,3,0.19478560984134674
1790091063.432366,4,0.8900832533836365,0.0,0.0,108.53705596923828,7255,3,0.19543839991092682
1790091063.4832442,4,0.8904139995574951,0.0,0.0,108.18382263183594,7219,3,0.19603672623634338
1790091063.5339177,4,0.890746533870697,0.0,0.0,107.81612396240234,7197,3,0.19666342437267303
1790091063.5844915,4,0.8911387920379639,0.0,0.0,107.42894744873047,7184,3,0.19732771813869476
1790091063.6350896,4,0.8914680480957031,0.0,0.0,106.98944854736328,7176,3,0.1980871856212616
1790091063.686222,4,0.8917943835258484,0.20399998128414154,0.0,106.61072540283203,7252,3,0.19874633848667145
1790091063.7368524,4,0.8921580910682678,0.4079999029636383,0.0,106.5855484008789,7386,3,0.19879032671451569
1790091063.787792,4,0.8924846649169922,0.6120001077651978,0.0,107.06222534179688,7521,3,0.19796103239059448
1790091063.8384738,4,0.8928113579750061,0.8160005211830139,0.0,107.91303253173828,7667,3,0.1964978724718094
1790091063.8892474,4,0.893206000328064,1.0,0.0,109.03311157226562,7700,3,0.19460433721542358
1790091063.9402611,4,0.8935402035713196,1.0,0.0,110.05866241455078,7793,3,0.19290229678153992
1790091063.990804,4,0.8939183354377747,1.0,0.0,111.12467956542969,7884,3,0.19116441905498505
1790091064.041621,4,0.894258975982666,1.0,0.0,112.31503295898438,7891,3,0.18926042318344116
1790091064.092371,4,0.8946042060852051,1.0,0.0,113.57493591308594,8019,3,0.1872861087322235
1790091064.1429815,4,0.8950207233428955,1.0,0.0,114.60780334472656,8000,3,0.185698002576828
1790091064.1937065,4,0.8953709602355957,1.0,0.0,115.5380859375,8175,3,0.18429052829742432
1790091064.244509,4,0.8957263231277466,1.0,0.0,116.35987854003906,8262,3,0.18306481838226318
1790091064.2949908,4,0.8961272835731506,1.0,0.0,117.18841552734375,8197,3,0.18184545636177063
1790091064.3460252,4,0.8964877724647522,1.0,0.0,117.96827697753906,8307,3,0.18071246147155762
1790091064.3968077,4,0.8968973755836487,1.0,0.0,118.73357391357422,8463,3,0.17961427569389343
1790091064.4473948,4,0.8972375392913818,1.0,0.0,119.47126007080078,8431,3,0.1785682737827301
1790091064.498264,4,0.8976752161979675,1.0,0.0,120.03679656982422,8520,3,0.1777745634317398
1790091064.5489655,4,0.8980407118797302,1.0,0.0,120.58637237548828,8608,3,0.17701001465320587
1790091064.5997102,4,0.8984589576721191,0.0,0.0,120.83872985839844,8170,3,0.17666113376617432
1790091064.6505704,4,0.8988049030303955,0.0,0.0,120.4625473022461,8076,3,0.17718170583248138
1790091064.7017288,4,0.8992441892623901,0.0,0.0,120.05480194091797,7765,4,0.1777494251728058
1790091064.752581,4,0.8995921611785889,0.0,0.0,120.04232025146484,6116,4,0.1777668595314026
1790091064.8035324,4,0.9000259637832642,0.0,0.0,119.6016845703125,6048,4,0.17838460206985474
1790091064.8542986,4,0.9003724455833435,0.09600000828504562,0.0,119.12012481689453,6049,4,0.17906463146209717
1790091064.905118,4,0.9008063673973083,0.2999999523162842,0.0,118.83265686035156,6136,4,0.17947307229042053
1790091064.95611,4,0.901171863079071,0.5039998888969421,0.0,118.91962432861328,6247,4,0.17934930324554443
1790091065.0068433,4,0.9015870094299316,0.7080003023147583,0.0,119.4367904663086,6267,4,0.17861686646938324
1790091065.0574245,4,0.9019548296928406,0.9120007157325745,0.0,120.00222778320312,6436,4,0.07440565526485443
1790091065.107975,4,0.9023247957229614,1.0,0.0,120.74982452392578,6398,4,0.0
1790091065.158838,4,0.9027698636054993,1.0,0.0,121.58184814453125,6398,4,0.0
1790091065.2096038,4,0.9031233787536621,1.0,0.0,122.42997741699219,6588,4,0.0
1790091065.2606115,4,0.9035745859146118,1.0,0.0,123.4419937133789,6570,4,0.011241954751312733
1790091065.3115191,4,0.9039581418037415,1.0,0.0,124.45709228515625,6720,4,0.03830290213227272
1790091065.3620534,4,0.9043207764625549,1.0,0.0,125.49710845947266,6695,4,0.06504456698894501
1790091065.412896,4,0.904784083366394,1.0,0.0,126.54904174804688,6812,4,0.09145361185073853
1790091065.463594,4,0.9051781892776489,1.0,0.0,127.65129852294922,6807,4,0.1050168126821518
1790091065.5144212,4,0.9055768251419067,1.0,0.0,128.86231994628906,6810,4,0.0
1790091065.5651338,4,0.9060533046722412,1.0,0.0,130.098876953125,6995,4,0.0
1790091065.6159165,4,0.9064604043960571,1.0,0.0,131.43333435058594,6943,4,0.0
1790091065.6669285,4,0.9068722724914551,1.0,0.0,132.72283935546875,7102,4,0.0
1790091065.7178829,4,0.9073391556739807,1.0,0.0,134.02182006835938,7203,4,0.008497355505824089
1790091065.7687387,4,0.9077613949775696,1.0,0.0,135.61827087402344,7213,4,0.03227164223790169
1790091065.819723,4,0.908239483833313,1.0,0.0,137.13026428222656,7294,4,0.05560409650206566
1790091065.8704464,4,0.9086970090866089,1.0,0.0,138.66600036621094,7342,4,0.0
1790091065.9211082,4,0.9091878533363342,1.0,0.0,140.1667938232422,7439,4,0.0
1790091065.971892,4,0.9096294045448303,1.0,0.0,141.67286682128906,7520,4,0.018153730779886246
1790091066.0226629,4,0.910047173500061,1.0,0.0,143.1326446533203,7617,4,0.039839304983615875
1790091066.0736942,4,0.9105834364891052,1.0,0.0,144.63221740722656,7673,4,0.0
1790091066.12435,4,0.9110415577888489,1.0,0.0,146.1511688232422,7730,4,0.0
1790091066.1750252,4,0.9115631580352783,1.0,0.0,147.53871154785156,7887,4,0.0
1790091066.225988,4,0.9119988679885864,1.0,0.0,148.9750213623047,7979,4,0.0
1790091066.2767603,4,0.9125314354896545,1.0,0.0,150.45474243164062,8013,4,0.0
1790091066.3278122,4,0.9130067825317383,1.0,0.0,151.95567321777344,8042,4,0.0
1790091066.37823,4,0.9135478734970093,1.0,0.0,153.33810424804688,8094,4,0.0
1790091066.4289274,4,0.9140411019325256,1.0,0.0,154.7735595703125,8167,4,0.006592147052288055
1790091066.4796145,4,0.9145833849906921,1.0,0.0,156.1873016357422,8243,4,0.02504945546388626
1790091066.5305161,4,0.915076494216919,1.0,0.0,157.5540313720703,8343,4,0.043187905102968216
1790091066.5813487,4,0.9156334400177002,1.0,0.0,158.90843200683594,8423,4,0.0
1790091066.6320071,4,0.9161306619644165,1.0,0.0,160.28257751464844,8486,4,0.0
1790091066.682813,4,0.9166951775550842,1.0,0.0,161.6195068359375,8567,4,0.001005966099910438
1790091066.733455,4,0.9171715378761292,1.0,0.0,162.9515838623047,8625,4,0.017957717180252075
1790091066.7844508,4,0.9177790880203247,1.0,0.0,164.3035430908203,8660,4,0.03462335467338562
1790091066.8353083,4,0.9182929992675781,1.0,0.0,165.61495971679688,8718,4,0.009380318224430084
1790091066.8858256,4,0.9188786149024963,1.0,0.0,166.8978271484375,8807,4,0.0
1790091066.936815,4,0.9193682670593262,1.0,0.0,168.16424560546875,8888,4,0.002781433518975973
1790091066.9873357,4,0.9199906587600708,1.0,0.0,169.3741912841797,8930,4,0.017482012510299683
1790091067.0379002,4,0.9204878807067871,1.0,0.0,170.67489624023438,8967,4,0.0
1790091067.0888588,4,0.9211200475692749,1.0,0.0,171.92054748535156,9063,4,0.0
1790091067.1395524,4,0.9216230511665344,1.0,0.0,173.1466827392578,9139,4,0.0
1790091067.1901793,4,0.9222641587257385,1.0,0.0,174.4391326904297,9161,4,0.01465234998613596
1790091067.2412946,4,0.9227732419967651,1.0,0.0,175.6686553955078,9230,4,0.02907148376107216
1790091067.2917435,4,0.9233208894729614,1.0,0.0,176.7505340576172,9252,4,0.043274275958538055
1790091067.3422492,4,0.923973798751831,1.0,0.0,177.6484832763672,9128,4,0.0
1790091067.3928425,4,0.9245256781578064,1.0,0.0,178.37606811523438,9156,4,0.002441257005557418
1790091067.4438145,4,0.9251494407653809,1.0,0.0,178.9759979248047,9209,4,0.0
1790091067.4947782,4,0.9257059693336487,1.0,0.0,179.47315979003906,9204,4,0.0
1790091067.545732,4,0.9262635111808777,1.0,0.0,179.85032653808594,9200,1,0.0
1790091067.5965717,4,0.9269267320632935,1.0,0.0,179.69052124023438,9214,5,0.0
1790091067.6473954,4,0.927487313747406,1.0,0.0,180.70668029785156,7477,5,0.0
1790091067.6979034,4,0.9280497431755066,1.0,0.0,181.80145263671875,7525,5,0.0
1790091067.7484262,4,0.9286156296730042,1.0,0.0,182.9344024658203,7566,5,0.012352225370705128
1790091067.7990177,4,0.9292916655540466,1.0,0.0,184.0016632080078,7649,5,0.025298524647951126
1790091067.8496542,4,0.929900050163269,1.0,0.0,185.11346435546875,7676,5,0.038062963634729385
1790091067.9003906,4,0.9304788708686829,1.0,0.0,186.221435546875,7712,5,0.05064505711197853
1790091067.950902,4,0.931057870388031,1.0,0.0,187.28094482421875,7772,5,0.06305259466171265
1790091068.0017707,4,0.9317514300346375,1.0,0.0,188.31378173828125,7828,5,0.07529398798942566
1790091068.0523071,4,0.9323739409446716,1.0,0.0,189.2505340576172,7885,5,0.0
1790091068.1030724,4,0.9329648017883301,1.0,0.0,190.25552368164062,7947,5,0.0
1790091068.1539938,4,0.9335599541664124,1.0,0.0,191.2564697265625,7994,5,0.0
1790091068.2045949,4,0.9341937899589539,1.0,0.0,192.25552368164062,8025,5,0.0
1790091068.2555037,4,0.9349060654640198,1.0,0.0,193.2824249267578,8024,5,0.0
1790091068.3065288,4,0.9355083107948303,1.0,0.0,194.2913055419922,8053,5,0.0
1790091068.357389,4,0.9361147880554199,1.0,0.0,195.284423828125,8111,5,0.0
1790091068.4081156,4,0.9367619156837463,1.0,0.0,196.317626953125,8136,5,0.0
1790091068.4588504,4,0.937485933303833,1.0,0.0,197.3326873779297,8186,5,0.0
1790091068.5093162,4,0.9381003379821777,1.0,0.0,198.38131713867188,8207,5,-0.003143986454233527
1790091068.5599017,4,0.93875652551651,1.0,0.0,199.41871643066406,8250,5,-0.01373947225511074
1790091068.610816,4,0.9393779039382935,1.0,0.0,200.46763610839844,8275,5,-0.024192264303565025
1790091068.6615694,4,0.9400395154953003,1.0,0.0,201.4414520263672,8311,5,-0.03390004113316536
1790091068.7123883,4,0.9406667351722717,1.0,0.0,202.45684814453125,8344,5,-0.023991163820028305
1790091068.7628508,4,0.9413369297981262,1.0,0.0,203.4652099609375,8380,5,0.0
1790091068.8134987,4,0.9420903921127319,1.0,0.0,204.4622802734375,8419,5,0.0
1790091068.8642092,4,0.9427680373191833,1.0,0.0,205.4396209716797,8468,5,0.0
1790091068.9150019,4,0.9434079527854919,1.0,0.0,206.41464233398438,8512,5,0.0
1790091068.966039,4,0.9440923929214478,1.0,0.0,207.37210083007812,8573,5,-0.0022344188764691353
1790091069.0169556,4,0.9447795748710632,1.0,0.0,208.3470916748047,8590,5,-0.011657742783427238
1790091069.0678186,4,0.9454286694526672,1.0,0.0,209.3403778076172,8600,5,0.0
1790091069.118359,4,0.9461210370063782,1.0,0.0,210.30909729003906,8641,5,0.0
1790091069.1690905,4,0.9467792510986328,1.0,0.0,211.25828552246094,8693,5,0.0
1790091069.2196927,4,0.947476327419281,1.0,0.0,212.1945037841797,8746,5,-0.002099999925121665
1790091069.2705781,4,0.9482620358467102,1.0,0.0,213.11041259765625,8761,5,-0.01049999799579382
1790091069.3213713,4,0.9489681720733643,1.0,0.0,214.04940795898438,8802,5,-0.01942499168217182
1790091069.3718712,4,0.9496359825134277,1.0,0.0,214.9923858642578,8831,5,0.0
1790091069.4225495,4,0.9503471255302429,1.0,0.0,215.9282989501953,8867,5,0.0
1790091069.4732902,4,0.9510208368301392,1.0,0.0,216.85446166992188,8907,5,0.0
1790091069.5239477,4,0.9516951441764832,1.0,0.0,217.7752685546875,8951,5,0.0
1790091069.5747263,4,0.9525448679924011,1.0,0.0,218.679931640625,8993,5,0.0
1790091069.6252742,4,0.9532267451286316,1.0,0.0,219.59812927246094,9029,5,0.0
1790091069.6757967,4,0.9539108276367188,1.0,0.0,220.50949096679688,9059,5,0.0
1790091069.7264018,4,0.9546413421630859,1.0,0.0,221.37599182128906,9076,5,0.0
1790091069.7771013,4,0.9553319811820984,1.0,0.0,222.27525329589844,9112,5,0.0
1790091069.8278296,4,0.956153392791748,1.0,0.0,223.17202758789062,9148,5,0.0
1790091069.8786328,4,0.956849992275238,1.0,0.0,224.04373168945312,9201,5,0.0
1790091069.929245,4,0.9575914740562439,1.0,0.0,224.9346160888672,9226,5,0.0
1790091069.9801376,4,0.9582929611206055,1.0,0.0,225.81634521484375,9178,5,0.0
1790091070.0308418,4,0.9590396285057068,1.0,0.0,226.43679809570312,9185,5,0.0
1790091070.081472,4,0.959744930267334,1.0,0.0,226.9507598876953,9248,5,0.0
1790091070.132421,4,0.9606282114982605,1.0,0.0,226.98927307128906,9078,1,0.0
1790091070.1830337,4,0.9613348841667175,1.0,0.0,227.32496643066406,7506,6,0.0
1790091070.2339387,4,0.9620867371559143,1.0,0.0,228.1785125732422,7456,6,0.0
1790091070.2848332,4,0.9627974629402161,1.0,0.0,228.95806884765625,7477,6,-0.007350000087171793
1790091070.335691,4,0.9635558128356934,1.0,0.0,229.7040252685547,7488,6,-0.015749994665384293
1790091070.3863776,4,0.9643161296844482,1.0,0.0,230.48373413085938,7514,6,0.0
1790091070.4371035,4,0.9650341868400574,1.0,0.0,231.2508544921875,7555,6,0.0
1790091070.4878206,4,0.9657992720603943,1.0,0.0,232.00839233398438,7589,6,0.0
1790091070.5384066,4,0.9665675759315491,1.0,0.0,232.7776336669922,7615,6,0.0
1790091070.5891285,4,0.9672924280166626,1.0,0.0,233.53294372558594,7645,6,0.0
1790091070.639868,4,0.9681110978126526,1.0,0.0,234.30474853515625,7658,6,0.0
1790091070.690534,4,0.9688402414321899,1.0,0.0,235.07508850097656,7666,6,0.0
1790091070.7413154,4,0.969619870185852,1.0,0.0,235.83001708984375,7693,6,0.0
1790091070.7920141,4,0.9703991413116455,1.0,0.0,236.56723022460938,7727,6,0.0
1790091070.8426564,4,0.9711816906929016,1.0,0.0,237.3207550048828,7741,6,0.0
1790091070.893591,4,0.9719676375389099,1.0,0.0,238.01280212402344,7773,6,0.0
1790091070.94465,4,0.9727550745010376,1.0,0.0,238.7384796142578,7814,6,0.0
1790091070.995286,4,0.9735457897186279,1.0,0.0,239.45811462402344,7850,6,0.0
1790091071.0463362,4,0.9743379354476929,1.0,0.0,240.21795654296875,7846,6,0.0
1790091071.0969293,4,0.97513347864151,1.0,0.0,240.94497680664062,7878,6,0.0
1790091071.147548,4,0.9759295582771301,1.0,0.0,241.6856231689453,7886,6,0.0057749999687075615
1790091071.1983197,4,0.9767309427261353,1.0,0.0,242.41275024414062,7909,6,0.0
1790091071.2488985,4,0.9775335192680359,1.0,0.0,243.1411895751953,7931,6,0.0
1790091071.2999458,4,0.9783368110656738,1.0,0.0,243.8532257080078,7965,6,0.0
1790091071.350942,4,0.9791439175605774,1.0,0.0,244.55618286132812,7996,6,0.0
1790091071.4018908,4,0.979953408241272,1.0,0.0,245.2871856689453,8001,6,-0.0031500000040978193
1790091071.4526303,4,0.9807645082473755,1.0,0.0,246.0001983642578,8030,6,-0.002099997363984585
1790091071.5033157,4,0.9815793037414551,1.0,0.0,246.69186401367188,8070,6,0.0
1790091071.5543191,4,0.9823952913284302,1.0,0.0,247.39413452148438,8094,6,0.0
1790091071.6051512,4,0.983213484287262,1.0,0.0,248.11424255371094,8088,6,0.0
1790091071.6558552,4,0.9840354919433594,1.0,0.0,248.8176727294922,8107,6,0.0
1790091071.7064688,4,0.9848579168319702,1.0,0.0,249.4677276611328,8130,6,0.0
1790091071.75766,4,0.9856836199760437,1.0,0.0,250.168212890625,8142,6,0.0
1790091071.8081946,4,0.9865130186080933,1.0,0.0,250.8328857421875,8182,6,0.0
1790091071.8591423,4,0.9873430132865906,1.0,0.0,251.50552368164062,8213,6,0.00419999985024333
1790091071.9098997,4,0.9881746768951416,1.0,0.0,252.17181396484375,8246,6,0.013124995864927769
1790091071.960613,4,0.9890093207359314,1.0,0.0,252.83140563964844,8283,6,0.0
1790091072.01128,4,0.9898447394371033,1.0,0.0,253.5076446533203,8288,6,0.0
1790091072.0622344,4,0.9906857013702393,1.0,0.0,254.20909118652344,8274,6,0.0
1790091072.1131454,4,0.9915260076522827,1.0,0.0,254.8756103515625,8292,6,0.0
1790091072.164072,4,0.9923678636550903,1.0,0.0,255.53404235839844,8318,6,0.0
1790091072.2145708,4,0.9932146668434143,1.0,0.0,256.1850891113281,8346,6,0.0
1790091072.2656376,4,0.994062602519989,1.0,0.0,256.82452392578125,8383,6,0.0
1790091072.3164608,4,0.99491286277771,1.0,0.0,257.459228515625,8413,6,0.0
1790091072.3672354,4,0.9957640767097473,1.0,0.0,258.10296630859375,8436,6,0.0
1790091072.417785,4,0.9966186285018921,1.0,0.0,258.7593994140625,8439,6,0.0
1790091072.4683926,4,0.9974742531776428,1.0,0.0,259.3680419921875,8447,6,0.0
1790091072.519367,4,0.9983325600624084,1.0,0.0,260.016357421875,8447,6,0.0
1790091072.5701733,4,0.999193012714386,1.0,0.0,260.6546630859375,8453,6,0.0
1790091072.621208,5,3.5338107409188524e-05,1.0,0.0,261.2465515136719,8519,6,0.0
1790091072.6719737,5,0.0009009524947032332,1.0,0.0,261.8421325683594,8571,6,0.0
1790091072.7230785,5,0.001768150250427425,1.0,0.0,262.4512634277344,8580,6,0.0
1790091072.773794,5,0.002637606579810381,1.0,0.0,263.09832763671875,8554,6,0.0
1790091072.8244226,5,0.003508311929181218,1.0,0.0,263.71282958984375,8567,6,0.0
1790091072.8753085,5,0.004330555908381939,1.0,0.0,264.3189697265625,8595,6,0.0
1790091072.926122,5,0.005205097142606974,1.0,0.0,264.8995361328125,8645,6,0.0
1790091072.977101,5,0.006082577630877495,1.0,0.0,265.4934997558594,8656,6,0.0
1790091073.027935,5,0.00690991897135973,0.0,0.0,266.1092224121094,8602,6,0.0
1790091073.0787368,5,0.007788895629346371,0.0,0.0,265.9049072265625,8489,6,0.0
1790091073.1296155,5,0.00863711442798376,0.0,0.0,265.4844970703125,8468,6,0.0
1790091073.1806324,5,0.009444628842175007,0.0,0.0,265.0205078125,8452,6,0.0
1790091073.2314482,5,0.01036771945655346,0.0,0.0,264.5416564941406,8437,6,0.0
1790091073.2825136,5,0.01134447380900383,0.0,0.0,264.0576171875,8423,6,0.0
1790091073.3334095,5,0.012216435745358467,0.0,0.0,263.5693054199219,8409,6,0.0
1790091073.384285,5,0.013087170198559761,0.0,0.0,263.07513427734375,8393,6,0.0
1790091073.4350371,5,0.013906021602451801,0.0,0.0,262.5899963378906,8376,6,0.0
1790091073.4855049,5,0.014771710149943829,0.0,0.0,262.1414489746094,8360,6,0.0
1790091073.5359216,5,0.015637852251529694,0.0,0.0,261.6637268066406,8346,6,0.0
1790091073.586559,5,0.01650196872651577,0.0,0.0,261.1843566894531,8331,6,0.0
1790091073.6374679,5,0.017314111813902855,0.0,0.0,260.70526123046875,8317,6,0.0
1790091073.688438,5,0.018175484612584114,0.0,0.0,260.2138366699219,8302,6,0.0
1790091073.73921,5,0.019135242328047752,0.0,0.0,259.7151184082031,8287,6,0.0
1790091073.7900646,5,0.019941266626119614,0.0,1.0,258.2786865234375,8084,6,0.0
1790091073.8405683,5,0.020790420472621918,0.0,1.0,255.15933227539062,7938,6,0.0
1790091073.8910697,5,0.021629270166158676,0.0,1.0,251.94631958007812,7787,6,0.0
1790091073.9417646,5,0.022408204153180122,0.0,1.0,248.73870849609375,7702,6,0.0
1790091073.992687,5,0.02322627790272236,0.0,1.0,245.77447509765625,7640,6,0.0
1790091074.0435326,5,0.0239865779876709,0.0,1.0,242.71340942382812,7538,6,-0.0057749999687075615
1790091074.0941992,5,0.024877890944480896,0.0,1.0,239.61227416992188,7399,6,-0.014699994586408138
1790091074.145267,5,0.02566433884203434,0.0,1.0,236.42335510253906,7299,6,-0.02362498827278614
1790091074.1964204,5,0.02644038200378418,0.0,1.0,233.3711395263672,7172,6,0.0
1790091074.247138,5,0.027161838486790657,0.0,1.0,230.40391540527344,7001,6,0.0
1790091074.2979891,5,0.027918478474020958,0.0,1.0,227.14187622070312,6955,6,0.0
1790091074.3488955,5,0.028620576485991478,0.0,1.0,223.7784423828125,6986,6,0.0
1790091074.3994844,5,0.029312921687960625,0.0,1.0,220.62083435058594,6899,6,0.0
1790091074.450118,5,0.030165674164891243,0.0,1.0,217.65162658691406,7498,1,0.0
1790091074.500744,5,0.03083830513060093,0.0,1.0,214.82516479492188,7178,1,0.0
1790091074.5515103,5,0.03150279074907303,0.0,1.0,211.73057556152344,7595,5,0.0
1790091074.6024818,5,0.03223797306418419,0.0,1.0,208.32701110839844,7909,5,0.0
1790091074.653472,5,0.032881807535886765,0.0,1.0,205.03651428222656,7859,5,0.0
1790091074.7042208,5,0.033554840832948685,0.0,1.0,201.86802673339844,7796,5,0.0
1790091074.7546437,5,0.034257035702466965,0.0,1.0,198.7772216796875,7694,5,0.0
1790091074.8052645,5,0.03491000831127167,0.0,1.0,195.95608520507812,7583,5,0.0
1790091074.855897,5,0.03551337867975235,0.0,1.0,192.9493408203125,7416,5,0.0
1790091074.9068077,5,0.036183614283800125,0.0,1.0,189.86924743652344,7296,5,0.0
1790091074.9575021,5,0.03677119314670563,0.0,1.0,186.7676239013672,7188,5,0.0
1790091075.00849,5,0.037346236407756805,0.8999999761581421,1.0,183.73345947265625,7571,1,0.0
1790091075.0594485,5,0.03798593208193779,0.0,1.0,180.7523193359375,7531,1,0.003926850855350494
1790091075.110346,5,0.03861376643180847,0.0,1.0,177.8428497314453,7385,4,0.017607541754841805
1790091075.1612659,5,0.03916269913315773,0.0,1.0,174.62197875976562,8016,4,0.03183339536190033
1790091075.2122614,5,0.03970136120915413,0.0,1.0,171.4112548828125,8315,4,0.0
1790091075.2627456,5,0.04029635339975357,0.0,1.0,168.28514099121094,8243,4,0.0
1790091075.313441,5,0.04081564396619797,0.0,1.0,165.2932891845703,7999,4,0.0
1790091075.363977,5,0.04138864949345589,0.0,1.0,162.2413787841797,7870,4,0.0
1790091075.4146104,5,0.041889503598213196,0.0,1.0,159.337646484375,7761,4,0.0
1790091075.465442,5,0.04238218814134598,0.0,1.0,156.2287139892578,7619,4,0.0
1790091075.5163665,5,0.04292327165603638,0.0,1.0,153.20046997070312,7466,4,0.0
1790091075.5672731,5,0.04339684173464775,0.0,0.9591317772865295,150.2860107421875,7348,4,0.0
1790091075.6182032,5,0.04394715651869774,0.0,1.0,147.50494384765625,7186,4,0.010703321546316147
1790091075.6687956,5,0.044400036334991455,0.0,1.0,144.71327209472656,6999,4,0.03145935386419296
1790091075.7196767,5,0.04481816664338112,0.0,1.0,141.86326599121094,6905,4,0.052952490746974945
1790091075.7703123,5,0.04533866420388222,0.13499999046325684,1.0,139.0408935546875,6793,1,0.0
1790091075.8211398,5,0.04576745256781578,0.0,1.0,136.4105987548828,7350,1,0.0
1790091075.8716304,5,0.04621463268995285,0.0,1.0,133.9279022216797,7037,3,0.0
1790091075.9224129,5,0.046680010855197906,0.0,1.0,131.08030700683594,7884,3,0.0
1790091075.9729671,5,0.04708356410264969,0.0,1.0,128.12460327148438,8280,3,0.0
1790091076.023953,5,0.04747714102268219,0.0,1.0,125.26510620117188,8112,3,0.0
1790091076.0749397,5,0.0479348786175251,0.0,0.8503021001815796,122.51458740234375,7926,3,0.0
1790091076.125778,5,0.048311952501535416,0.0,0.694750189781189,119.81178283691406,7722,3,0.0
1790091076.1762803,5,0.04872708395123482,0.0,1.0,117.31441497802734,7586,3,0.0
1790091076.2271338,5,0.04908785596489906,0.0,1.0,114.6526107788086,7443,3,0.0
1790091076.2775993,5,0.04944189637899399,0.0,0.8749082684516907,112.04881286621094,7263,3,0.0
1790091076.3282914,5,0.04982699081301689,0.0,1.0,109.25972747802734,7075,3,0.0
1790091076.3790066,5,0.0501638762652874,0.0,1.0,106.48947143554688,6943,3,0.0
1790091076.4300723,5,0.050552234053611755,0.0,0.7349103093147278,103.8218994140625,6767,3,0.0
1790091076.48097,5,0.05087241157889366,0.0,1.0,101.15792083740234,7428,1,0.0
1790091076.5316572,5,0.05118255317211151,0.0,0.8344587087631226,98.7199935913086,7112,1,0.0
1790091076.5824344,5,0.05148688331246376,0.0,1.0,96.21377563476562,7348,2,0.0
1790091076.6333823,5,0.051838766783475876,0.0,0.5634393095970154,93.48916625976562,7771,2,0.011942286044359207
1790091076.684026,5,0.05212618410587311,0.0,1.0,90.84317016601562,7908,2,0.03784817457199097
1790091076.7344346,5,0.052404701709747314,0.0,1.0,88.28426361083984,7801,2,0.0
1790091076.7857602,5,0.05272628366947174,0.0,0.7691407203674316,85.60924530029297,7671,2,0.0
1790091076.8367047,5,0.05298828333616257,0.0,1.0,83.10540008544922,7573,2,0.0
1790091076.8875246,5,0.05324236676096916,0.0,1.0,80.51322174072266,7436,2,0.0
1790091076.938511,5,0.05353787913918495,0.0,1.0,78.1521224975586,7242,2,0.0
1790091076.9891515,5,0.053776904940605164,0.0,0.49370330572128296,75.85044860839844,7032,2,0.0
1790091077.0397806,5,0.05401025712490082,0.0,0.6956554055213928,73.77252197265625,6831,2,0.0
1790091077.090367,5,0.054263047873973846,0.0,0.8228887915611267,71.51908111572266,6669,2,0.0
1790091077.141049,5,0.054482411593198776,0.0,0.8814826011657715,69.32731628417969,6478,2,0.0
1790091077.1917024,5,0.054721202701330185,0.0,0.9261516332626343,67.1667709350586,6299,2,0.0
1790091077.2424626,5,0.05492910370230675,0.0,0.9667980074882507,65.09848022460938,6091,2,0.0
1790091077.2932744,5,0.055151715874671936,0.0,0.9575707316398621,62.817596435546875,5882,2,0.0
1790091077.3441048,5,0.05534647777676582,0.0,0.8494752049446106,60.82605743408203,5689,2,0.0
1790091077.3950045,5,0.05555389076471329,0.0,0.7574611306190491,58.827720642089844,5518,2,0.0
1790091077.4458368,5,0.055731892585754395,0.0,0.5316569209098816,56.72552490234375,5289,2,0.0
1790091077.4973218,5,0.05590703338384628,0.0,0.5596491694450378,54.492557525634766,5061,2,0.0
1790091077.5479624,5,0.056095950305461884,0.0,0.947900116443634,52.46286392211914,4894,2,0.00701641570776701
1790091077.5986907,5,0.0562557727098465,0.0,1.0,50.47372817993164,4763,2,0.0
1790091077.6493917,5,0.05643106624484062,0.0,0.8229116797447205,48.756675720214844,4581,2,0.0
1790091077.6999977,5,0.05657953396439552,0.0,0.5917856693267822,46.74045944213867,4335,2,0.0
1790091077.7508633,5,0.05674971640110016,0.0,0.9299764037132263,44.91751480102539,4185,2,0.0
1790091077.8015246,5,0.05687691271305084,0.0,0.8862290382385254,43.12153244018555,4094,2,0.0
1790091077.852226,5,0.05702565610408783,0.0,0.585001528263092,41.249088287353516,3812,2,0.0
1790091077.9030573,5,0.05715145543217659,0.0,1.0,39.22835159301758,3658,2,0.0
1790091077.954013,5,0.05729188770055771,0.0,0.787629246711731,37.59722900390625,3531,2,0.0
1790091078.0051448,5,0.05739975348114967,0.0,0.9304118156433105,35.43830490112305,3290,2,0.0
1790091078.055973,5,0.057527609169483185,0.0,0.9140421748161316,33.70694351196289,3190,2,0.0
1790091078.1065586,5,0.057629313319921494,0.0,0.9154900312423706,31.734859466552734,2965,2,0.0
1790091078.1570842,5,0.057725757360458374,0.0,0.8798872828483582,29.906824111938477,2849,2,0.0
1790091078.2076697,5,0.05782785266637802,0.0,0.0,29.028772354125977,2843,2,0.0
1790091078.2586272,5,0.057913344353437424,0.0,0.0,28.817962646484375,2829,2,0.0
1790091078.30955,5,0.058012884110212326,0.0,0.0,28.637893676757812,2761,2,0.0
1790091078.3602333,5,0.058090757578611374,0.0,0.0,28.429962158203125,2755,2,0.0
1790091078.4111123,5,0.058090757578611374,0.0,0.0,28.429962158203125,2755,2,0.0
1790091078.4620183,5,0.058090757578611374,0.0,0.0,28.429962158203125,2755,2,0.0
1790091078.5126004,5,0.058090757578611374,0.0,0.0,28.429962158203125,2755,2,0.0
1790091078.5634537,5,0.058090757578611374,0.0,0.0,28.429962158203125,2755,2,0.0
1790091078.614155,5,0.058090757578611374,0.0,0.0,28.429962158203125,2755,2,0.0
1790091078.6649823,5,0.058090757578611374,0.0,0.0,28.429962158203125,2755,2,0.0
1790091078.7156188,5,0.058090757578611374,0.0,0.0,28.429962158203125,2755,2,0.0
1790091078.7664752,5,0.058090757578611374,0.0,0.0,28.429962158203125,2755,2,0.0
1790091078.817282,5,0.058090757578611374,0.0,0.0,28.429962158203125,2755,2,0.0
1790091078.8682864,5,0.058090757578611374,0.0,0.0,28.429962158203125,2755,2,0.0
1790091078.9191692,5,0.058090757578611374,0.0,0.0,28.429962158203125,2755,2,0.0
1790091078.9700909,5,0.058090757578611374,0.0,0.0,28.429962158203125,2755,2,0.0
1790091079.0209675,5,0.058090757578611374,0.0,0.0,28.429962158203125,2755,2,0.0
1790091079.0715148,5,0.058090757578611374,0.0,0.0,28.429962158203125,2755,2,0.0
1790091079.1222181,5,0.058090757578611374,0.0,0.0,28.429962158203125,2755,2,0.0
1790091079.1729732,5,0.058090757578611374,0.0,0.0,28.429962158203125,2755,2,0.0
1790091079.2239177,5,0.058090757578611374,0.0,0.0,28.429962158203125,2755,2,0.0
1790091079.2745514,5,0.058090757578611374,0.0,0.0,28.429962158203125,2755,2,0.0
1790091079.325405,5,0.058090757578611374,0.0,0.0,28.429962158203125,2755,2,0.0
1790091079.3762736,5,0.058090757578611374,0.0,0.0,28.429962158203125,2755,2,0.0
1790091079.4267561,5,0.058090757578611374,0.0,0.0,28.429962158203125,2755,2,0.0
1790091079.4772592,5,0.0,0.0,0.0,28.429962158203125,2755,2,0.0
1790091079.5277207,5,0.0,0.0,0.0,28.429962158203125,2755,2,0.0
1790091079.5785577,5,0.0,0.0,0.0,28.429962158203125,2755,2,0.0
1790091079.6293774,5,0.0,0.0,0.0,28.429962158203125,2755,2,0.0
1790091079.6801114,5,0.0,0.0,0.0,28.429962158203125,2755,2,0.0
1790091079.7306933,5,0.0,0.0,0.0,28.429962158203125,2755,2,0.0
1790091079.7813094,5,0.0,0.0,0.0,28.429962158203125,2755,2,0.0
1790091079.8322177,5,0.0,0.0,0.0,28.429962158203125,2755,2,0.0
1790091079.8830698,5,0.0,0.0,0.0,28.429962158203125,2755,2,0.0
1790091079.933775,5,0.0,0.0,0.0,28.429962158203125,2755,2,0.0
1790091079.984555,5,0.0,0.0,0.0,28.429962158203125,2755,2,0.0
1790091080.0353715,5,0.0,0.0,0.0,28.429962158203125,2755,2,0.0
1790091080.086267,5,0.0,0.0,0.0,28.429962158203125,2755,2,0.0
1790091080.1366956,5,0.0,0.0,0.0,28.429962158203125,2755,2,0.0
1790091080.1875663,5,0.0,0.0,0.0,28.429962158203125,2755,2,0.0
1790091080.2383027,5,0.0,0.0,0.0,28.429962158203125,2755,2,0.0
1790091080.2891903,5,0.0,0.0,0.0,28.429962158203125,2755,2,0.0
1790091080.3397527,5,0.0,0.0,0.0,28.429962158203125,2755,2,0.0
1790091080.3905997,5,0.0,0.0,0.0,28.429962158203125,2755,2,0.0
1790091080.441391,5,0.0,0.0,0.0,28.429962158203125,2755,2,0.0
1790091080.4924734,5,0.0,0.0,0.0,28.429962158203125,2755,2,0.0
1790091080.54336,5,0.0,0.0,0.0,28.429962158203125,2755,2,0.0
1790091080.5942967,5,0.0,0.0,0.0,28.429962158203125,2755,2,0.0
1790091080.6453142,5,0.0,0.0,0.0,28.429962158203125,2755,2,0.0
1790091080.6961095,5,0.0,0.0,0.0,28.429962158203125,2755,2,0.0
1790091080.7470555,5,0.0,0.0,0.0,28.429962158203125,2755,2,0.0
1790091080.7976418,5,0.0,0.0,0.0,28.429962158203125,2755,2,0.0
1790091080.848416,5,0.0,0.0,0.0,28.429962158203125,2755,2,0.0
1790091080.899201,5,0.0,0.0,0.0,28.429962158203125,2755,2,0.0
1790091080.9502003,5,0.0,0.0,0.0,28.429962158203125,2755,2,0.0
1790091081.0011623,5,0.0,0.0,0.0,28.429962158203125,2755,2,0.0
1790091081.051967,5,0.0,0.0,0.0,28.429962158203125,2755,2,0.0
1790091081.1029873,5,0.0,0.0,0.0,28.429962158203125,2755,2,0.0
1790091081.1536405,5,0.0,0.0,0.0,28.429962158203125,2755,2,0.0
1790091081.2045314,5,0.0,0.0,0.0,28.429962158203125,2755,2,0.0
1790091081.2555254,5,0.0,0.0,0.0,28.429962158203125,2755,2,0.0
1790091081.306376,5,0.0,0.0,0.0,28.429962158203125,2755,2,0.0
1790091081.356928,5,0.0,0.0,0.0,28.429962158203125,2755,2,0.0
1790091081.4076831,5,0.0,0.0,0.0,28.429962158203125,2755,2,0.0
1790091081.458254,5,0.0,0.0,0.0,28.429962158203125,2755,2,0.0
1790091081.509336,5,0.0,0.0,0.0,28.429962158203125,2755,2,0.0
1790091081.5602317,5,0.0,0.0,0.0,28.429962158203125,2755,2,0.0
1790091081.6107976,5,0.0,0.0,0.0,28.429962158203125,2755,2,0.0
1790091081.6613615,5,0.0,0.0,0.0,28.429962158203125,2755,2,0.0
1790091081.7118583,5,0.0,0.0,0.0,28.429962158203125,2755,2,0.0
1790091081.7625647,5,0.0,0.0,0.0,28.429962158203125,2755,2,0.0
1790091081.8134966,5,0.0,0.0,0.0,28.429962158203125,2755,2,0.0
1790091081.8644295,5,0.0,0.0,0.0,28.429962158203125,2755,2,0.0
1790091081.9157379,5,0.0,0.0,0.0,28.429962158203125,2755,2,0.0
1790091081.9669182,5,0.0,0.0,0.0,28.429962158203125,2755,2,0.0
1790091082.017382,5,0.0,0.0,0.0,28.429962158203125,2755,2,0.0
1790091082.0681653,5,0.0,0.0,0.0,28.429962158203125,2755,2,0.0
1790091082.1191626,5,0.0,0.0,0.0,28.429962158203125,2755,2,0.0
1790091082.169695,5,0.0,0.0,0.0,28.429962158203125,2755,2,0.0
1790091082.2203557,5,0.0,0.0,0.0,28.429962158203125,2755,2,0.0
1790091082.2709208,5,0.0,0.0,0.0,28.429962158203125,2755,2,0.0
1790091082.3217793,5,0.0,0.0,0.0,28.429962158203125,2755,2,0.0
1790091082.3725688,5,0.0,0.0,0.0,28.429962158203125,2755,2,0.0
1790091082.42357,5,0.0,0.0,0.0,28.429962158203125,2755,2,0.0
1790091082.474403,5,0.0,0.0,0.0,28.429962158203125,2755,2,0.0
1790091082.5252545,5,0.0,0.0,0.0,28.429962158203125,2755,2,0.0
1790091082.576272,5,0.0,0.0,0.0,28.429962158203125,2755,2,0.0
1790091082.6274219,5,0.0,0.0,0.0,28.429962158203125,2755,2,0.0
1790091082.6784391,5,0.0,0.0,0.0,28.429962158203125,2755,2,0.0
1790091082.729128,5,0.0,0.0,0.0,28.429962158203125,2755,2,0.0
1790091082.780032,5,0.0,0.0,0.0,28.429962158203125,2755,2,0.0
1790091082.830535,5,0.0,0.0,0.0,28.429962158203125,2755,2,0.0
1790091082.8812356,5,0.0,0.0,0.0,28.429962158203125,2755,2,0.0
1790091082.9319792,5,0.0,0.0,0.0,28.429962158203125,2755,2,0.0
1790091082.9829676,5,0.0,0.0,0.0,28.429962158203125,2755,2,0.0
1790091083.0338302,5,0.0,0.0,0.0,28.429962158203125,2755,2,0.0
1790091083.084602,5,0.0,0.0,0.0,28.429962158203125,2755,2,0.0
1790091083.1355033,5,0.0,0.0,0.0,28.429962158203125,2755,2,0.0
1790091083.1865413,5,0.0,0.0,0.0,28.429962158203125,2755,2,0.0
1790091083.237134,5,0.0,0.0,0.0,28.429962158203125,2755,2,0.0
1790091083.2875273,5,0.0,0.0,0.0,28.429962158203125,2755,2,0.0
1790091083.3382957,5,0.0,0.0,0.0,28.429962158203125,2755,2,0.0
1790091083.389065,5,0.0,0.0,0.0,28.429962158203125,2755,2,0.0
1790091083.439791,5,0.0,0.0,0.0,28.429962158203125,2755,2,0.0
1790091083.4905863,5,0.0,0.0,0.0,28.429962158203125,2755,2,0.0
1790091083.541047,5,0.0,0.0,0.0,28.429962158203125,2755,2,0.0
1790091083.5918076,5,0.0,0.0,0.0,28.429962158203125,2755,2,0.0
1790091083.642627,5,0.0,0.0,0.0,28.429962158203125,2755,2,0.0
1790091083.6931875,5,0.0,0.0,0.0,28.429962158203125,2755,2,0.0
1790091083.7438858,5,0.0,0.0,0.0,28.429962158203125,2755,2,0.0
1790091083.79465,5,0.0,0.0,0.0,28.429962158203125,2755,2,0.0
1790091083.8454854,5,0.0,0.0,0.0,28.429962158203125,2755,2,0.0
1790091083.896347,5,0.0,0.0,0.0,28.429962158203125,2755,2,0.0
1790091083.9468672,5,0.0,0.0,0.0,28.429962158203125,2755,2,0.0
1790091083.997569,5,0.0,0.0,0.0,28.429962158203125,2755,2,0.0
1790091084.0482082,5,0.0,0.0,0.0,28.429962158203125,2755,2,0.0
1790091084.0991044,5,0.0,0.0,0.0,28.429962158203125,2755,2,0.0
1790091084.149817,5,0.0,0.0,0.0,28.429962158203125,2755,2,0.0
1790091084.2007968,5,0.0,0.0,0.0,28.429962158203125,2755,2,0.0
1790091084.2514398,5,0.0,0.0,0.0,28.429962158203125,2755,2,0.0
1790091084.3024387,5,0.0,0.0,0.0,28.429962158203125,2755,2,0.0
1790091084.3530192,5,0.0,0.0,0.0,28.429962158203125,2755,2,0.0
1790091084.4039557,5,0.0,0.0,0.0,28.429962158203125,2755,2,0.0
1790091084.4545338,5,0.0,0.0,0.0,28.429962158203125,2755,2,0.0
1790091084.5050728,5,0.0,0.0,0.0,28.429962158203125,2755,2,0.0
